{"run_log": "C:\\Users\\To the moon\\Downloads\\new_crypto_prodsafe\\logs\\run_20250917_234613.log", "rotating_log": "C:\\Users\\To the moon\\Downloads\\new_crypto_prodsafe\\logs\\app.log", "event": "Logging initialized", "timestamp": "2025-09-17T21:46:13.149192Z", "level": "info"}
{"mode": "scheduler", "enable_sched": true, "sched_cfg": "scheduler/jobs.yaml", "event": "Starting Crypto Monitor", "timestamp": "2025-09-17T21:46:13.155193Z", "level": "info"}
Adding job tentatively -- it will be properly scheduled when the scheduler starts
{"id": "macro", "every": 300.0, "func": "pipeline.collectors.market:fetch_macro", "args": ["bitcoin"], "kwargs": ["cmc_api_key"], "event": "job_registered", "timestamp": "2025-09-17T21:46:13.178204Z", "level": "info"}
Adding job tentatively -- it will be properly scheduled when the scheduler starts
{"id": "defillama", "every": 900.0, "func": "pipeline.collectors.defillama:fetch_defillama_tvl", "args": ["ethereum"], "kwargs": [], "event": "job_registered", "timestamp": "2025-09-17T21:46:13.180201Z", "level": "info"}
Adding job tentatively -- it will be properly scheduled when the scheduler starts
{"id": "onchain_tx", "every": 1800.0, "func": "pipeline.collectors.onchain:fetch_txcount", "args": ["BTC"], "kwargs": ["etherscan_api_key"], "event": "job_registered", "timestamp": "2025-09-17T21:46:13.181195Z", "level": "info"}
Adding job tentatively -- it will be properly scheduled when the scheduler starts
{"id": "onchain_hashrate", "every": 1800.0, "func": "pipeline.collectors.onchain:fetch_hashrate", "args": ["BTC"], "kwargs": [], "event": "job_registered", "timestamp": "2025-09-17T21:46:13.182202Z", "level": "info"}
Adding job tentatively -- it will be properly scheduled when the scheduler starts
{"id": "onchain_sopr", "every": 1800.0, "func": "pipeline.collectors.onchain:fetch_sopr", "args": ["BTC"], "kwargs": [], "event": "job_registered", "timestamp": "2025-09-17T21:46:13.184195Z", "level": "info"}
Adding job tentatively -- it will be properly scheduled when the scheduler starts
{"id": "derivatives_oi", "every": 300.0, "func": "pipeline.collectors.derivatives:fetch_bybit_oi", "args": ["BTCUSDT"], "kwargs": [], "event": "job_registered", "timestamp": "2025-09-17T21:46:13.185197Z", "level": "info"}
Adding job tentatively -- it will be properly scheduled when the scheduler starts
{"id": "derivatives_lsr", "every": 300.0, "func": "pipeline.collectors.derivatives:fetch_bybit_long_short_ratio", "args": ["BTCUSDT"], "kwargs": [], "event": "job_registered", "timestamp": "2025-09-17T21:46:13.185197Z", "level": "info"}
Adding job tentatively -- it will be properly scheduled when the scheduler starts
{"id": "sentiment_fg", "every": 3600.0, "func": "pipeline.collectors.sentiment:fetch_fear_greed", "args": [], "kwargs": [], "event": "job_registered", "timestamp": "2025-09-17T21:46:13.187193Z", "level": "info"}
Added job "task_wrapper" to job store "default"
Added job "task_wrapper" to job store "default"
Added job "task_wrapper" to job store "default"
Added job "task_wrapper" to job store "default"
Added job "task_wrapper" to job store "default"
Added job "task_wrapper" to job store "default"
Added job "task_wrapper" to job store "default"
Added job "task_wrapper" to job store "default"
Scheduler started
{"jobs": ["macro", "defillama", "onchain_tx", "onchain_hashrate", "onchain_sopr", "derivatives_oi", "derivatives_lsr", "sentiment_fg"], "event": "Scheduler started", "timestamp": "2025-09-17T21:46:13.194729Z", "level": "info"}
{"alive": true, "rss_mb": 46.8, "cpu_percent": 0.0, "event": "heartbeat", "timestamp": "2025-09-17T21:46:13.222728Z", "level": "info"}
Running job "task_wrapper (trigger: interval[0:05:08.878330], next run at: 2025-09-17 23:51:22 CEST)" (scheduled at 2025-09-17 21:46:13.178204+00:00)
{"task": "macro", "ts": "2025-09-17T21:46:13.224728Z", "event": "task_start", "timestamp": "2025-09-17T21:46:13.224728Z", "level": "info"}
{"symbol": "bitcoin", "event": "macro_cache_hit", "timestamp": "2025-09-17T21:46:13.225729Z", "level": "info"}
{"task": "macro", "event": "task_ok", "timestamp": "2025-09-17T21:46:13.226728Z", "level": "info"}
{"task": "macro", "duration": 0.002, "event": "task_end", "timestamp": "2025-09-17T21:46:13.227725Z", "level": "info"}
Job "task_wrapper (trigger: interval[0:05:08.878330], next run at: 2025-09-17 23:51:22 CEST)" executed successfully
Running job "task_wrapper (trigger: interval[0:15:38.604368], next run at: 2025-09-18 00:01:51 CEST)" (scheduled at 2025-09-17 21:46:13.180201+00:00)
{"task": "defillama", "ts": "2025-09-17T21:46:13.228724Z", "event": "task_start", "timestamp": "2025-09-17T21:46:13.228724Z", "level": "info"}
Running job "task_wrapper (trigger: interval[0:29:49.249948], next run at: 2025-09-18 00:16:02 CEST)" (scheduled at 2025-09-17 21:46:13.181195+00:00)
{"task": "onchain_tx", "ts": "2025-09-17T21:46:13.987502Z", "event": "task_start", "timestamp": "2025-09-17T21:46:13.988507Z", "level": "info"}
{"symbol": "BTC", "event": "onchain_cache_hit", "timestamp": "2025-09-17T21:46:13.989506Z", "level": "info"}
{"task": "onchain_tx", "event": "task_ok", "timestamp": "2025-09-17T21:46:13.990501Z", "level": "info"}
{"task": "onchain_tx", "duration": 0.002999, "event": "task_end", "timestamp": "2025-09-17T21:46:13.990501Z", "level": "info"}
Job "task_wrapper (trigger: interval[0:29:49.249948], next run at: 2025-09-18 00:16:02 CEST)" executed successfully
Running job "task_wrapper (trigger: interval[0:28:33.563456], next run at: 2025-09-18 00:14:46 CEST)" (scheduled at 2025-09-17 21:46:13.182202+00:00)
{"task": "onchain_hashrate", "ts": "2025-09-17T21:46:13.993006Z", "event": "task_start", "timestamp": "2025-09-17T21:46:13.993006Z", "level": "info"}
{"symbol": "BTC", "event": "onchain_cache_hit", "timestamp": "2025-09-17T21:46:13.994002Z", "level": "info"}
{"task": "onchain_hashrate", "event": "task_ok", "timestamp": "2025-09-17T21:46:13.995005Z", "level": "info"}
{"task": "onchain_hashrate", "duration": 0.002995, "event": "task_end", "timestamp": "2025-09-17T21:46:13.996001Z", "level": "info"}
Job "task_wrapper (trigger: interval[0:28:33.563456], next run at: 2025-09-18 00:14:46 CEST)" executed successfully
Running job "task_wrapper (trigger: interval[0:29:42.286402], next run at: 2025-09-18 00:15:55 CEST)" (scheduled at 2025-09-17 21:46:13.183197+00:00)
{"task": "onchain_sopr", "ts": "2025-09-17T21:46:13.998001Z", "event": "task_start", "timestamp": "2025-09-17T21:46:13.998001Z", "level": "info"}
{"symbol": "BTC", "event": "onchain_cache_hit", "timestamp": "2025-09-17T21:46:13.999004Z", "level": "info"}
{"task": "onchain_sopr", "event": "task_ok", "timestamp": "2025-09-17T21:46:14.000003Z", "level": "info"}
{"task": "onchain_sopr", "duration": 0.003002, "event": "task_end", "timestamp": "2025-09-17T21:46:14.001003Z", "level": "info"}
Job "task_wrapper (trigger: interval[0:29:42.286402], next run at: 2025-09-18 00:15:55 CEST)" executed successfully
Running job "task_wrapper (trigger: interval[0:05:07.070337], next run at: 2025-09-17 23:51:20 CEST)" (scheduled at 2025-09-17 21:46:13.184195+00:00)
{"task": "derivatives_oi", "ts": "2025-09-17T21:46:14.003002Z", "event": "task_start", "timestamp": "2025-09-17T21:46:14.003002Z", "level": "info"}
{"symbol": "BTCUSDT", "event": "deriv_cache_hit", "timestamp": "2025-09-17T21:46:14.004001Z", "level": "info"}
{"task": "derivatives_oi", "event": "task_ok", "timestamp": "2025-09-17T21:46:14.005001Z", "level": "info"}
{"task": "derivatives_oi", "duration": 0.003006, "event": "task_end", "timestamp": "2025-09-17T21:46:14.006008Z", "level": "info"}
Job "task_wrapper (trigger: interval[0:05:07.070337], next run at: 2025-09-17 23:51:20 CEST)" executed successfully
Running job "task_wrapper (trigger: interval[0:05:03.285188], next run at: 2025-09-17 23:51:16 CEST)" (scheduled at 2025-09-17 21:46:13.185197+00:00)
{"task": "derivatives_lsr", "ts": "2025-09-17T21:46:14.008000Z", "event": "task_start", "timestamp": "2025-09-17T21:46:14.008000Z", "level": "info"}
{"symbol": "BTCUSDT", "metric": "long_short_ratio", "event": "deriv_cache_hit", "timestamp": "2025-09-17T21:46:14.008000Z", "level": "info"}
{"task": "derivatives_lsr", "event": "task_ok", "timestamp": "2025-09-17T21:46:14.009004Z", "level": "info"}
{"task": "derivatives_lsr", "duration": 0.001004, "event": "task_end", "timestamp": "2025-09-17T21:46:14.009004Z", "level": "info"}
Job "task_wrapper (trigger: interval[0:05:03.285188], next run at: 2025-09-17 23:51:16 CEST)" executed successfully
Running job "task_wrapper (trigger: interval[0:59:55.343029], next run at: 2025-09-18 00:46:08 CEST)" (scheduled at 2025-09-17 21:46:13.186197+00:00)
{"task": "sentiment_fg", "ts": "2025-09-17T21:46:14.011008Z", "event": "task_start", "timestamp": "2025-09-17T21:46:14.011008Z", "level": "info"}
{"metric": "fear_greed", "event": "sentiment_cache_hit", "timestamp": "2025-09-17T21:46:14.012004Z", "level": "info"}
{"task": "sentiment_fg", "event": "task_ok", "timestamp": "2025-09-17T21:46:14.013002Z", "level": "info"}
{"task": "sentiment_fg", "duration": 0.002995, "event": "task_end", "timestamp": "2025-09-17T21:46:14.014003Z", "level": "info"}
Job "task_wrapper (trigger: interval[0:59:55.343029], next run at: 2025-09-18 00:46:08 CEST)" executed successfully
HTTP Request: GET https://api.llama.fi/v2/chains "HTTP/1.1 200 OK"
HTTP Request: GET https://api.llama.fi/v2/chains "HTTP/1.1 200 OK"
HTTP Request: GET https://api.llama.fi/v2/historicalChainTvl/Ethereum "HTTP/1.1 200 OK"
{"tvlPrevDay": 94197192695.0, "tvlPrevWeek": 91887804334.0, "tvlPrevMonth": 89978270415.0, "event": "defillama_historical_calculated", "timestamp": "2025-09-17T21:46:15.422046Z", "level": "info"}
{"chain": "ethereum", "has_valid_historical": true, "event": "defillama_success", "timestamp": "2025-09-17T21:46:15.424032Z", "level": "info"}
{"task": "defillama", "event": "task_ok", "timestamp": "2025-09-17T21:46:15.425025Z", "level": "info"}
{"task": "defillama", "duration": 2.196301, "event": "task_end", "timestamp": "2025-09-17T21:46:15.425025Z", "level": "info"}
Job "task_wrapper (trigger: interval[0:15:38.604368], next run at: 2025-09-18 00:01:51 CEST)" executed successfully
{"alive": true, "rss_mb": 57.2, "cpu_percent": 0.0, "event": "heartbeat", "timestamp": "2025-09-17T21:46:43.238400Z", "level": "info"}
{"alive": true, "rss_mb": 57.1, "cpu_percent": 0.0, "event": "heartbeat", "timestamp": "2025-09-17T21:47:13.238864Z", "level": "info"}
{"alive": true, "rss_mb": 57.1, "cpu_percent": 0.0, "event": "heartbeat", "timestamp": "2025-09-17T21:47:43.248209Z", "level": "info"}
{"alive": true, "rss_mb": 57.1, "cpu_percent": 0.0, "event": "heartbeat", "timestamp": "2025-09-17T21:48:13.271579Z", "level": "info"}
{"alive": true, "rss_mb": 57.1, "cpu_percent": 0.0, "event": "heartbeat", "timestamp": "2025-09-17T21:48:43.283741Z", "level": "info"}
{"alive": true, "rss_mb": 57.1, "cpu_percent": 0.0, "event": "heartbeat", "timestamp": "2025-09-17T21:49:13.292675Z", "level": "info"}
{"alive": true, "rss_mb": 57.1, "cpu_percent": 0.0, "event": "heartbeat", "timestamp": "2025-09-17T21:49:43.305267Z", "level": "info"}
{"alive": true, "rss_mb": 57.1, "cpu_percent": 0.0, "event": "heartbeat", "timestamp": "2025-09-17T21:50:13.294108Z", "level": "info"}
{"alive": true, "rss_mb": 57.1, "cpu_percent": 0.0, "event": "heartbeat", "timestamp": "2025-09-17T21:50:43.310268Z", "level": "info"}
{"alive": true, "rss_mb": 57.2, "cpu_percent": 0.0, "event": "heartbeat", "timestamp": "2025-09-17T21:51:13.332229Z", "level": "info"}
Running job "task_wrapper (trigger: interval[0:05:03.285188], next run at: 2025-09-17 23:56:19 CEST)" (scheduled at 2025-09-17 23:51:16.470385+02:00)
{"task": "derivatives_lsr", "ts": "2025-09-17T21:51:16.474936Z", "event": "task_start", "timestamp": "2025-09-17T21:51:16.474936Z", "level": "info"}
{"symbol": "BTCUSDT", "metric": "long_short_ratio", "event": "deriv_cache_hit", "timestamp": "2025-09-17T21:51:16.475933Z", "level": "info"}
{"task": "derivatives_lsr", "event": "task_ok", "timestamp": "2025-09-17T21:51:16.475933Z", "level": "info"}
{"task": "derivatives_lsr", "duration": 0.001999, "event": "task_end", "timestamp": "2025-09-17T21:51:16.476935Z", "level": "info"}
Job "task_wrapper (trigger: interval[0:05:03.285188], next run at: 2025-09-17 23:56:19 CEST)" executed successfully
Running job "task_wrapper (trigger: interval[0:05:07.070337], next run at: 2025-09-17 23:56:27 CEST)" (scheduled at 2025-09-17 23:51:20.254532+02:00)
{"task": "derivatives_oi", "ts": "2025-09-17T21:51:20.271398Z", "event": "task_start", "timestamp": "2025-09-17T21:51:20.271398Z", "level": "info"}
{"symbol": "BTCUSDT", "event": "deriv_cache_hit", "timestamp": "2025-09-17T21:51:20.271398Z", "level": "info"}
{"task": "derivatives_oi", "event": "task_ok", "timestamp": "2025-09-17T21:51:20.272403Z", "level": "info"}
{"task": "derivatives_oi", "duration": 0.001005, "event": "task_end", "timestamp": "2025-09-17T21:51:20.272403Z", "level": "info"}
Job "task_wrapper (trigger: interval[0:05:07.070337], next run at: 2025-09-17 23:56:27 CEST)" executed successfully
Running job "task_wrapper (trigger: interval[0:05:08.878330], next run at: 2025-09-17 23:56:30 CEST)" (scheduled at 2025-09-17 23:51:22.056534+02:00)
{"task": "macro", "ts": "2025-09-17T21:51:22.072072Z", "event": "task_start", "timestamp": "2025-09-17T21:51:22.072072Z", "level": "info"}
{"symbol": "bitcoin", "event": "macro_cache_hit", "timestamp": "2025-09-17T21:51:22.072072Z", "level": "info"}
{"task": "macro", "event": "task_ok", "timestamp": "2025-09-17T21:51:22.073075Z", "level": "info"}
{"task": "macro", "duration": 0.001003, "event": "task_end", "timestamp": "2025-09-17T21:51:22.073075Z", "level": "info"}
Job "task_wrapper (trigger: interval[0:05:08.878330], next run at: 2025-09-17 23:56:30 CEST)" executed successfully
{"alive": true, "rss_mb": 57.2, "cpu_percent": 0.0, "event": "heartbeat", "timestamp": "2025-09-17T21:51:43.354629Z", "level": "info"}
{"alive": true, "rss_mb": 57.2, "cpu_percent": 0.0, "event": "heartbeat", "timestamp": "2025-09-17T21:52:13.364653Z", "level": "info"}
{"alive": true, "rss_mb": 57.2, "cpu_percent": 0.0, "event": "heartbeat", "timestamp": "2025-09-17T21:52:43.368199Z", "level": "info"}
{"alive": true, "rss_mb": 57.2, "cpu_percent": 0.0, "event": "heartbeat", "timestamp": "2025-09-17T21:53:13.369639Z", "level": "info"}
{"alive": true, "rss_mb": 57.2, "cpu_percent": 0.0, "event": "heartbeat", "timestamp": "2025-09-17T21:53:43.372973Z", "level": "info"}
{"alive": true, "rss_mb": 57.2, "cpu_percent": 0.0, "event": "heartbeat", "timestamp": "2025-09-17T21:54:13.401646Z", "level": "info"}
{"alive": true, "rss_mb": 57.2, "cpu_percent": 0.0, "event": "heartbeat", "timestamp": "2025-09-17T21:54:43.408554Z", "level": "info"}
{"alive": true, "rss_mb": 57.2, "cpu_percent": 0.0, "event": "heartbeat", "timestamp": "2025-09-17T21:55:13.414478Z", "level": "info"}
{"alive": true, "rss_mb": 57.2, "cpu_percent": 0.0, "event": "heartbeat", "timestamp": "2025-09-17T21:55:43.428754Z", "level": "info"}
{"alive": true, "rss_mb": 57.2, "cpu_percent": 0.0, "event": "heartbeat", "timestamp": "2025-09-17T21:56:13.438939Z", "level": "info"}
Running job "task_wrapper (trigger: interval[0:05:03.285188], next run at: 2025-09-18 00:01:23 CEST)" (scheduled at 2025-09-17 23:56:19.755573+02:00)
{"task": "derivatives_lsr", "ts": "2025-09-17T21:56:19.759791Z", "event": "task_start", "timestamp": "2025-09-17T21:56:19.759791Z", "level": "info"}
{"symbol": "BTCUSDT", "metric": "long_short_ratio", "event": "deriv_cache_hit", "timestamp": "2025-09-17T21:56:19.760791Z", "level": "info"}
{"task": "derivatives_lsr", "event": "task_ok", "timestamp": "2025-09-17T21:56:19.761792Z", "level": "info"}
{"task": "derivatives_lsr", "duration": 0.002001, "event": "task_end", "timestamp": "2025-09-17T21:56:19.762797Z", "level": "info"}
Job "task_wrapper (trigger: interval[0:05:03.285188], next run at: 2025-09-18 00:01:23 CEST)" executed successfully
Running job "task_wrapper (trigger: interval[0:05:07.070337], next run at: 2025-09-18 00:01:34 CEST)" (scheduled at 2025-09-17 23:56:27.324869+02:00)
{"task": "derivatives_oi", "ts": "2025-09-17T21:56:27.336262Z", "event": "task_start", "timestamp": "2025-09-17T21:56:27.336262Z", "level": "info"}
{"symbol": "BTCUSDT", "event": "deriv_cache_hit", "timestamp": "2025-09-17T21:56:27.336262Z", "level": "info"}
{"task": "derivatives_oi", "event": "task_ok", "timestamp": "2025-09-17T21:56:27.337266Z", "level": "info"}
{"task": "derivatives_oi", "duration": 0.00201, "event": "task_end", "timestamp": "2025-09-17T21:56:27.338272Z", "level": "info"}
Job "task_wrapper (trigger: interval[0:05:07.070337], next run at: 2025-09-18 00:01:34 CEST)" executed successfully
Running job "task_wrapper (trigger: interval[0:05:08.878330], next run at: 2025-09-18 00:01:39 CEST)" (scheduled at 2025-09-17 23:56:30.934864+02:00)
{"task": "macro", "ts": "2025-09-17T21:56:30.951995Z", "event": "task_start", "timestamp": "2025-09-17T21:56:30.951995Z", "level": "info"}
{"symbol": "bitcoin", "event": "macro_cache_hit", "timestamp": "2025-09-17T21:56:30.951995Z", "level": "info"}
{"task": "macro", "event": "task_ok", "timestamp": "2025-09-17T21:56:30.952993Z", "level": "info"}
{"task": "macro", "duration": 0.000998, "event": "task_end", "timestamp": "2025-09-17T21:56:30.952993Z", "level": "info"}
Job "task_wrapper (trigger: interval[0:05:08.878330], next run at: 2025-09-18 00:01:39 CEST)" executed successfully
{"alive": true, "rss_mb": 57.2, "cpu_percent": 0.0, "event": "heartbeat", "timestamp": "2025-09-17T21:56:43.451598Z", "level": "info"}
{"alive": true, "rss_mb": 56.6, "cpu_percent": 0.0, "event": "heartbeat", "timestamp": "2025-09-17T21:57:13.469538Z", "level": "info"}
{"alive": true, "rss_mb": 56.6, "cpu_percent": 0.0, "event": "heartbeat", "timestamp": "2025-09-17T21:57:43.476327Z", "level": "info"}
{"alive": true, "rss_mb": 56.6, "cpu_percent": 0.0, "event": "heartbeat", "timestamp": "2025-09-17T21:58:13.477113Z", "level": "info"}
{"alive": true, "rss_mb": 56.6, "cpu_percent": 0.0, "event": "heartbeat", "timestamp": "2025-09-17T21:58:43.481937Z", "level": "info"}
{"alive": true, "rss_mb": 56.6, "cpu_percent": 0.0, "event": "heartbeat", "timestamp": "2025-09-17T21:59:13.487804Z", "level": "info"}
{"alive": true, "rss_mb": 56.6, "cpu_percent": 0.0, "event": "heartbeat", "timestamp": "2025-09-17T21:59:43.495835Z", "level": "info"}
{"alive": true, "rss_mb": 56.6, "cpu_percent": 0.0, "event": "heartbeat", "timestamp": "2025-09-17T22:00:13.513391Z", "level": "info"}
{"alive": true, "rss_mb": 56.7, "cpu_percent": 0.0, "event": "heartbeat", "timestamp": "2025-09-17T22:00:43.695925Z", "level": "info"}
{"alive": true, "rss_mb": 56.7, "cpu_percent": 0.0, "event": "heartbeat", "timestamp": "2025-09-17T22:01:13.710034Z", "level": "info"}
Running job "task_wrapper (trigger: interval[0:05:03.285188], next run at: 2025-09-18 00:06:26 CEST)" (scheduled at 2025-09-18 00:01:23.040761+02:00)
{"task": "derivatives_lsr", "ts": "2025-09-17T22:01:23.056589Z", "event": "task_start", "timestamp": "2025-09-17T22:01:23.056589Z", "level": "info"}
{"symbol": "BTCUSDT", "metric": "long_short_ratio", "event": "deriv_cache_hit", "timestamp": "2025-09-17T22:01:23.057587Z", "level": "info"}
{"task": "derivatives_lsr", "event": "task_ok", "timestamp": "2025-09-17T22:01:23.059586Z", "level": "info"}
{"task": "derivatives_lsr", "duration": 0.002997, "event": "task_end", "timestamp": "2025-09-17T22:01:23.059586Z", "level": "info"}
Job "task_wrapper (trigger: interval[0:05:03.285188], next run at: 2025-09-18 00:06:26 CEST)" executed successfully
Running job "task_wrapper (trigger: interval[0:05:07.070337], next run at: 2025-09-18 00:06:41 CEST)" (scheduled at 2025-09-18 00:01:34.395206+02:00)
{"task": "derivatives_oi", "ts": "2025-09-17T22:01:34.402939Z", "event": "task_start", "timestamp": "2025-09-17T22:01:34.402939Z", "level": "info"}
{"symbol": "BTCUSDT", "event": "deriv_cache_hit", "timestamp": "2025-09-17T22:01:34.403939Z", "level": "info"}
{"task": "derivatives_oi", "event": "task_ok", "timestamp": "2025-09-17T22:01:34.404955Z", "level": "info"}
{"task": "derivatives_oi", "duration": 0.003018, "event": "task_end", "timestamp": "2025-09-17T22:01:34.405957Z", "level": "info"}
Job "task_wrapper (trigger: interval[0:05:07.070337], next run at: 2025-09-18 00:06:41 CEST)" executed successfully
Running job "task_wrapper (trigger: interval[0:05:08.878330], next run at: 2025-09-18 00:06:48 CEST)" (scheduled at 2025-09-18 00:01:39.813194+02:00)
{"task": "macro", "ts": "2025-09-17T22:01:39.818739Z", "event": "task_start", "timestamp": "2025-09-17T22:01:39.818739Z", "level": "info"}
{"symbol": "bitcoin", "event": "macro_cache_hit", "timestamp": "2025-09-17T22:01:39.819733Z", "level": "info"}
{"task": "macro", "event": "task_ok", "timestamp": "2025-09-17T22:01:39.820734Z", "level": "info"}
{"task": "macro", "duration": 0.002629, "event": "task_end", "timestamp": "2025-09-17T22:01:39.821368Z", "level": "info"}
Job "task_wrapper (trigger: interval[0:05:08.878330], next run at: 2025-09-18 00:06:48 CEST)" executed successfully
{"alive": true, "rss_mb": 56.7, "cpu_percent": 0.0, "event": "heartbeat", "timestamp": "2025-09-17T22:01:43.725442Z", "level": "info"}
Running job "task_wrapper (trigger: interval[0:15:38.604368], next run at: 2025-09-18 00:17:30 CEST)" (scheduled at 2025-09-18 00:01:51.784569+02:00)
{"task": "defillama", "ts": "2025-09-17T22:01:51.799724Z", "event": "task_start", "timestamp": "2025-09-17T22:01:51.799724Z", "level": "info"}
HTTP Request: GET https://api.llama.fi/v2/chains "HTTP/1.1 200 OK"
HTTP Request: GET https://api.llama.fi/v2/chains "HTTP/1.1 200 OK"
HTTP Request: GET https://api.llama.fi/v2/historicalChainTvl/Ethereum "HTTP/1.1 200 OK"
{"tvlPrevDay": 94197192695.0, "tvlPrevWeek": 91887804334.0, "tvlPrevMonth": 89978270415.0, "event": "defillama_historical_calculated", "timestamp": "2025-09-17T22:01:53.609921Z", "level": "info"}
{"chain": "ethereum", "has_valid_historical": true, "event": "defillama_success", "timestamp": "2025-09-17T22:01:53.611909Z", "level": "info"}
{"task": "defillama", "event": "task_ok", "timestamp": "2025-09-17T22:01:53.613905Z", "level": "info"}
{"task": "defillama", "duration": 1.815179, "event": "task_end", "timestamp": "2025-09-17T22:01:53.614903Z", "level": "info"}
Job "task_wrapper (trigger: interval[0:15:38.604368], next run at: 2025-09-18 00:17:30 CEST)" executed successfully
{"alive": true, "rss_mb": 55.5, "cpu_percent": 0.0, "event": "heartbeat", "timestamp": "2025-09-17T22:02:13.733597Z", "level": "info"}
{"alive": true, "rss_mb": 55.5, "cpu_percent": 0.0, "event": "heartbeat", "timestamp": "2025-09-17T22:02:43.748365Z", "level": "info"}
{"alive": true, "rss_mb": 55.5, "cpu_percent": 0.0, "event": "heartbeat", "timestamp": "2025-09-17T22:03:13.741123Z", "level": "info"}
{"alive": true, "rss_mb": 55.5, "cpu_percent": 0.0, "event": "heartbeat", "timestamp": "2025-09-17T22:03:43.746076Z", "level": "info"}
{"alive": true, "rss_mb": 55.5, "cpu_percent": 0.0, "event": "heartbeat", "timestamp": "2025-09-17T22:04:13.740261Z", "level": "info"}
{"alive": true, "rss_mb": 55.5, "cpu_percent": 0.0, "event": "heartbeat", "timestamp": "2025-09-17T22:04:43.749338Z", "level": "info"}
{"alive": true, "rss_mb": 55.5, "cpu_percent": 0.0, "event": "heartbeat", "timestamp": "2025-09-17T22:05:13.744892Z", "level": "info"}
{"alive": true, "rss_mb": 55.5, "cpu_percent": 0.0, "event": "heartbeat", "timestamp": "2025-09-17T22:05:43.755634Z", "level": "info"}
{"alive": true, "rss_mb": 55.5, "cpu_percent": 0.0, "event": "heartbeat", "timestamp": "2025-09-17T22:06:13.763504Z", "level": "info"}
Running job "task_wrapper (trigger: interval[0:05:03.285188], next run at: 2025-09-18 00:11:29 CEST)" (scheduled at 2025-09-18 00:06:26.325949+02:00)
{"task": "derivatives_lsr", "ts": "2025-09-17T22:06:26.353117Z", "event": "task_start", "timestamp": "2025-09-17T22:06:26.353117Z", "level": "info"}
{"symbol": "BTCUSDT", "metric": "long_short_ratio", "event": "deriv_cache_hit", "timestamp": "2025-09-17T22:06:26.354115Z", "level": "info"}
{"task": "derivatives_lsr", "event": "task_ok", "timestamp": "2025-09-17T22:06:26.355116Z", "level": "info"}
{"task": "derivatives_lsr", "duration": 0.002998, "event": "task_end", "timestamp": "2025-09-17T22:06:26.356115Z", "level": "info"}
Job "task_wrapper (trigger: interval[0:05:03.285188], next run at: 2025-09-18 00:11:29 CEST)" executed successfully
Running job "task_wrapper (trigger: interval[0:05:07.070337], next run at: 2025-09-18 00:11:48 CEST)" (scheduled at 2025-09-18 00:06:41.465543+02:00)
{"task": "derivatives_oi", "ts": "2025-09-17T22:06:41.478118Z", "event": "task_start", "timestamp": "2025-09-17T22:06:41.478118Z", "level": "info"}
{"symbol": "BTCUSDT", "event": "deriv_cache_hit", "timestamp": "2025-09-17T22:06:41.479117Z", "level": "info"}
{"task": "derivatives_oi", "event": "task_ok", "timestamp": "2025-09-17T22:06:41.480122Z", "level": "info"}
{"task": "derivatives_oi", "duration": 0.002004, "event": "task_end", "timestamp": "2025-09-17T22:06:41.480122Z", "level": "info"}
Job "task_wrapper (trigger: interval[0:05:07.070337], next run at: 2025-09-18 00:11:48 CEST)" executed successfully
{"alive": true, "rss_mb": 55.5, "cpu_percent": 0.0, "event": "heartbeat", "timestamp": "2025-09-17T22:06:43.778991Z", "level": "info"}
Running job "task_wrapper (trigger: interval[0:05:08.878330], next run at: 2025-09-18 00:11:57 CEST)" (scheduled at 2025-09-18 00:06:48.691524+02:00)
{"task": "macro", "ts": "2025-09-17T22:06:48.704009Z", "event": "task_start", "timestamp": "2025-09-17T22:06:48.704009Z", "level": "info"}
{"symbol": "bitcoin", "event": "macro_cache_hit", "timestamp": "2025-09-17T22:06:48.705006Z", "level": "info"}
{"task": "macro", "event": "task_ok", "timestamp": "2025-09-17T22:06:48.705006Z", "level": "info"}
{"task": "macro", "duration": 0.002015, "event": "task_end", "timestamp": "2025-09-17T22:06:48.706024Z", "level": "info"}
Job "task_wrapper (trigger: interval[0:05:08.878330], next run at: 2025-09-18 00:11:57 CEST)" executed successfully
{"alive": true, "rss_mb": 55.5, "cpu_percent": 0.0, "event": "heartbeat", "timestamp": "2025-09-17T22:07:13.790706Z", "level": "info"}
{"alive": true, "rss_mb": 55.5, "cpu_percent": 0.0, "event": "heartbeat", "timestamp": "2025-09-17T22:07:43.794926Z", "level": "info"}
{"alive": true, "rss_mb": 55.5, "cpu_percent": 0.0, "event": "heartbeat", "timestamp": "2025-09-17T22:08:13.804510Z", "level": "info"}
{"alive": true, "rss_mb": 55.5, "cpu_percent": 0.0, "event": "heartbeat", "timestamp": "2025-09-17T22:08:43.814275Z", "level": "info"}
{"alive": true, "rss_mb": 55.5, "cpu_percent": 0.0, "event": "heartbeat", "timestamp": "2025-09-17T22:09:13.818880Z", "level": "info"}
{"alive": true, "rss_mb": 55.5, "cpu_percent": 0.0, "event": "heartbeat", "timestamp": "2025-09-17T22:09:43.823923Z", "level": "info"}
{"alive": true, "rss_mb": 55.5, "cpu_percent": 0.0, "event": "heartbeat", "timestamp": "2025-09-17T22:10:13.827922Z", "level": "info"}
{"alive": true, "rss_mb": 55.5, "cpu_percent": 0.0, "event": "heartbeat", "timestamp": "2025-09-17T22:10:43.834924Z", "level": "info"}
{"alive": true, "rss_mb": 55.5, "cpu_percent": 0.0, "event": "heartbeat", "timestamp": "2025-09-17T22:11:13.839240Z", "level": "info"}
Running job "task_wrapper (trigger: interval[0:05:03.285188], next run at: 2025-09-18 00:16:32 CEST)" (scheduled at 2025-09-18 00:11:29.611137+02:00)
{"task": "derivatives_lsr", "ts": "2025-09-17T22:11:29.646960Z", "event": "task_start", "timestamp": "2025-09-17T22:11:29.646960Z", "level": "info"}
{"symbol": "BTCUSDT", "metric": "long_short_ratio", "event": "deriv_cache_hit", "timestamp": "2025-09-17T22:11:29.647963Z", "level": "info"}
{"task": "derivatives_lsr", "event": "task_ok", "timestamp": "2025-09-17T22:11:29.648967Z", "level": "info"}
{"task": "derivatives_lsr", "duration": 0.003003, "event": "task_end", "timestamp": "2025-09-17T22:11:29.649963Z", "level": "info"}
Job "task_wrapper (trigger: interval[0:05:03.285188], next run at: 2025-09-18 00:16:32 CEST)" executed successfully
{"alive": true, "rss_mb": 55.5, "cpu_percent": 0.0, "event": "heartbeat", "timestamp": "2025-09-17T22:11:43.852044Z", "level": "info"}
Running job "task_wrapper (trigger: interval[0:05:07.070337], next run at: 2025-09-18 00:16:55 CEST)" (scheduled at 2025-09-18 00:11:48.535880+02:00)
{"task": "derivatives_oi", "ts": "2025-09-17T22:11:48.550078Z", "event": "task_start", "timestamp": "2025-09-17T22:11:48.550078Z", "level": "info"}
{"symbol": "BTCUSDT", "event": "deriv_cache_hit", "timestamp": "2025-09-17T22:11:48.551059Z", "level": "info"}
{"task": "derivatives_oi", "event": "task_ok", "timestamp": "2025-09-17T22:11:48.552060Z", "level": "info"}
{"task": "derivatives_oi", "duration": 0.0027, "event": "task_end", "timestamp": "2025-09-17T22:11:48.552778Z", "level": "info"}
Job "task_wrapper (trigger: interval[0:05:07.070337], next run at: 2025-09-18 00:16:55 CEST)" executed successfully
Running job "task_wrapper (trigger: interval[0:05:08.878330], next run at: 2025-09-18 00:17:06 CEST)" (scheduled at 2025-09-18 00:11:57.569854+02:00)
{"task": "macro", "ts": "2025-09-17T22:11:57.579147Z", "event": "task_start", "timestamp": "2025-09-17T22:11:57.579147Z", "level": "info"}
{"symbol": "bitcoin", "event": "macro_cache_hit", "timestamp": "2025-09-17T22:11:57.581146Z", "level": "info"}
{"task": "macro", "event": "task_ok", "timestamp": "2025-09-17T22:11:57.582152Z", "level": "info"}
{"task": "macro", "duration": 0.004002, "event": "task_end", "timestamp": "2025-09-17T22:11:57.583149Z", "level": "info"}
Job "task_wrapper (trigger: interval[0:05:08.878330], next run at: 2025-09-18 00:17:06 CEST)" executed successfully
{"alive": true, "rss_mb": 55.5, "cpu_percent": 0.0, "event": "heartbeat", "timestamp": "2025-09-17T22:12:13.852384Z", "level": "info"}
{"alive": true, "rss_mb": 55.5, "cpu_percent": 0.0, "event": "heartbeat", "timestamp": "2025-09-17T22:12:43.869884Z", "level": "info"}
{"alive": true, "rss_mb": 55.5, "cpu_percent": 0.0, "event": "heartbeat", "timestamp": "2025-09-17T22:13:13.878903Z", "level": "info"}
{"alive": true, "rss_mb": 55.5, "cpu_percent": 0.0, "event": "heartbeat", "timestamp": "2025-09-17T22:13:43.890267Z", "level": "info"}
{"alive": true, "rss_mb": 55.5, "cpu_percent": 0.0, "event": "heartbeat", "timestamp": "2025-09-17T22:14:13.897249Z", "level": "info"}
{"alive": true, "rss_mb": 55.5, "cpu_percent": 0.0, "event": "heartbeat", "timestamp": "2025-09-17T22:14:43.901945Z", "level": "info"}
Running job "task_wrapper (trigger: interval[0:28:33.563456], next run at: 2025-09-18 00:43:20 CEST)" (scheduled at 2025-09-18 00:14:46.745658+02:00)
{"task": "onchain_hashrate", "ts": "2025-09-17T22:14:46.765016Z", "event": "task_start", "timestamp": "2025-09-17T22:14:46.765016Z", "level": "info"}
{"symbol": "BTC", "event": "onchain_cache_hit", "timestamp": "2025-09-17T22:14:46.765016Z", "level": "info"}
{"task": "onchain_hashrate", "event": "task_ok", "timestamp": "2025-09-17T22:14:46.766027Z", "level": "info"}
{"task": "onchain_hashrate", "duration": 0.002013, "event": "task_end", "timestamp": "2025-09-17T22:14:46.767029Z", "level": "info"}
Job "task_wrapper (trigger: interval[0:28:33.563456], next run at: 2025-09-18 00:43:20 CEST)" executed successfully
{"alive": true, "rss_mb": 55.5, "cpu_percent": 0.0, "event": "heartbeat", "timestamp": "2025-09-17T22:15:13.932335Z", "level": "info"}
{"alive": true, "rss_mb": 55.5, "cpu_percent": 0.0, "event": "heartbeat", "timestamp": "2025-09-17T22:15:43.943480Z", "level": "info"}
Running job "task_wrapper (trigger: interval[0:29:42.286402], next run at: 2025-09-18 00:45:37 CEST)" (scheduled at 2025-09-18 00:15:55.469599+02:00)
{"task": "onchain_sopr", "ts": "2025-09-17T22:15:55.493066Z", "event": "task_start", "timestamp": "2025-09-17T22:15:55.493066Z", "level": "info"}
{"symbol": "BTC", "event": "onchain_cache_hit", "timestamp": "2025-09-17T22:15:55.494066Z", "level": "info"}
{"task": "onchain_sopr", "event": "task_ok", "timestamp": "2025-09-17T22:15:55.495069Z", "level": "info"}
{"task": "onchain_sopr", "duration": 0.003019, "event": "task_end", "timestamp": "2025-09-17T22:15:55.496085Z", "level": "info"}
Job "task_wrapper (trigger: interval[0:29:42.286402], next run at: 2025-09-18 00:45:37 CEST)" executed successfully
Running job "task_wrapper (trigger: interval[0:29:49.249948], next run at: 2025-09-18 00:45:51 CEST)" (scheduled at 2025-09-18 00:16:02.431143+02:00)
{"task": "onchain_tx", "ts": "2025-09-17T22:16:02.441376Z", "event": "task_start", "timestamp": "2025-09-17T22:16:02.441376Z", "level": "info"}
{"symbol": "BTC", "event": "onchain_cache_hit", "timestamp": "2025-09-17T22:16:02.442378Z", "level": "info"}
{"task": "onchain_tx", "event": "task_ok", "timestamp": "2025-09-17T22:16:02.443374Z", "level": "info"}
{"task": "onchain_tx", "duration": 0.002995, "event": "task_end", "timestamp": "2025-09-17T22:16:02.444371Z", "level": "info"}
Job "task_wrapper (trigger: interval[0:29:49.249948], next run at: 2025-09-18 00:45:51 CEST)" executed successfully
{"alive": true, "rss_mb": 55.5, "cpu_percent": 0.0, "event": "heartbeat", "timestamp": "2025-09-17T22:16:13.963303Z", "level": "info"}
Running job "task_wrapper (trigger: interval[0:05:03.285188], next run at: 2025-09-18 00:21:36 CEST)" (scheduled at 2025-09-18 00:16:32.896325+02:00)
{"task": "derivatives_lsr", "ts": "2025-09-17T22:16:32.922367Z", "event": "task_start", "timestamp": "2025-09-17T22:16:32.922367Z", "level": "info"}
{"symbol": "BTCUSDT", "metric": "long_short_ratio", "event": "deriv_cache_hit", "timestamp": "2025-09-17T22:16:32.923355Z", "level": "info"}
{"task": "derivatives_lsr", "event": "task_ok", "timestamp": "2025-09-17T22:16:32.924351Z", "level": "info"}
{"task": "derivatives_lsr", "duration": 0.001984, "event": "task_end", "timestamp": "2025-09-17T22:16:32.924351Z", "level": "info"}
Job "task_wrapper (trigger: interval[0:05:03.285188], next run at: 2025-09-18 00:21:36 CEST)" executed successfully
{"alive": true, "rss_mb": 55.5, "cpu_percent": 0.0, "event": "heartbeat", "timestamp": "2025-09-17T22:16:43.967497Z", "level": "info"}
Running job "task_wrapper (trigger: interval[0:05:07.070337], next run at: 2025-09-18 00:22:02 CEST)" (scheduled at 2025-09-18 00:16:55.606217+02:00)
{"task": "derivatives_oi", "ts": "2025-09-17T22:16:55.609462Z", "event": "task_start", "timestamp": "2025-09-17T22:16:55.609462Z", "level": "info"}
{"symbol": "BTCUSDT", "event": "deriv_cache_hit", "timestamp": "2025-09-17T22:16:55.610463Z", "level": "info"}
{"task": "derivatives_oi", "event": "task_ok", "timestamp": "2025-09-17T22:16:55.611463Z", "level": "info"}
{"task": "derivatives_oi", "duration": 0.002001, "event": "task_end", "timestamp": "2025-09-17T22:16:55.611463Z", "level": "info"}
Job "task_wrapper (trigger: interval[0:05:07.070337], next run at: 2025-09-18 00:22:02 CEST)" executed successfully
Running job "task_wrapper (trigger: interval[0:05:08.878330], next run at: 2025-09-18 00:22:15 CEST)" (scheduled at 2025-09-18 00:17:06.448184+02:00)
{"task": "macro", "ts": "2025-09-17T22:17:06.467157Z", "event": "task_start", "timestamp": "2025-09-17T22:17:06.467157Z", "level": "info"}
{"symbol": "bitcoin", "event": "macro_cache_hit", "timestamp": "2025-09-17T22:17:06.468159Z", "level": "info"}
{"task": "macro", "event": "task_ok", "timestamp": "2025-09-17T22:17:06.470153Z", "level": "info"}
{"task": "macro", "duration": 0.002996, "event": "task_end", "timestamp": "2025-09-17T22:17:06.470153Z", "level": "info"}
Job "task_wrapper (trigger: interval[0:05:08.878330], next run at: 2025-09-18 00:22:15 CEST)" executed successfully
{"alive": true, "rss_mb": 55.5, "cpu_percent": 0.0, "event": "heartbeat", "timestamp": "2025-09-17T22:17:13.972436Z", "level": "info"}
Running job "task_wrapper (trigger: interval[0:15:38.604368], next run at: 2025-09-18 00:33:08 CEST)" (scheduled at 2025-09-18 00:17:30.388937+02:00)
{"task": "defillama", "ts": "2025-09-17T22:17:30.409288Z", "event": "task_start", "timestamp": "2025-09-17T22:17:30.409288Z", "level": "info"}
{"chain": "ethereum", "event": "defillama_cache_hit", "timestamp": "2025-09-17T22:17:30.410288Z", "level": "info"}
{"task": "defillama", "event": "task_ok", "timestamp": "2025-09-17T22:17:30.411288Z", "level": "info"}
{"task": "defillama", "duration": 0.002997, "event": "task_end", "timestamp": "2025-09-17T22:17:30.412285Z", "level": "info"}
Job "task_wrapper (trigger: interval[0:15:38.604368], next run at: 2025-09-18 00:33:08 CEST)" executed successfully
{"alive": true, "rss_mb": 55.5, "cpu_percent": 0.0, "event": "heartbeat", "timestamp": "2025-09-17T22:17:43.992397Z", "level": "info"}
{"alive": true, "rss_mb": 55.5, "cpu_percent": 0.0, "event": "heartbeat", "timestamp": "2025-09-17T22:18:14.011610Z", "level": "info"}
{"alive": true, "rss_mb": 48.0, "cpu_percent": 0.0, "event": "heartbeat", "timestamp": "2025-09-17T22:18:44.016485Z", "level": "info"}
{"alive": true, "rss_mb": 48.0, "cpu_percent": 0.0, "event": "heartbeat", "timestamp": "2025-09-17T22:19:14.039138Z", "level": "info"}
{"alive": true, "rss_mb": 47.9, "cpu_percent": 0.0, "event": "heartbeat", "timestamp": "2025-09-17T22:19:44.055265Z", "level": "info"}
{"alive": true, "rss_mb": 47.9, "cpu_percent": 0.0, "event": "heartbeat", "timestamp": "2025-09-17T22:20:14.067987Z", "level": "info"}
{"alive": true, "rss_mb": 47.9, "cpu_percent": 0.0, "event": "heartbeat", "timestamp": "2025-09-17T22:20:44.084978Z", "level": "info"}
{"alive": true, "rss_mb": 48.4, "cpu_percent": 0.0, "event": "heartbeat", "timestamp": "2025-09-17T22:21:14.102520Z", "level": "info"}
Running job "task_wrapper (trigger: interval[0:05:03.285188], next run at: 2025-09-18 00:26:39 CEST)" (scheduled at 2025-09-18 00:21:36.181513+02:00)
{"task": "derivatives_lsr", "ts": "2025-09-17T22:21:36.223975Z", "event": "task_start", "timestamp": "2025-09-17T22:21:36.223975Z", "level": "info"}
{"symbol": "BTCUSDT", "metric": "long_short_ratio", "event": "deriv_cache_hit", "timestamp": "2025-09-17T22:21:36.224976Z", "level": "info"}
{"task": "derivatives_lsr", "event": "task_ok", "timestamp": "2025-09-17T22:21:36.226972Z", "level": "info"}
{"task": "derivatives_lsr", "duration": 0.003998, "event": "task_end", "timestamp": "2025-09-17T22:21:36.227973Z", "level": "info"}
Job "task_wrapper (trigger: interval[0:05:03.285188], next run at: 2025-09-18 00:26:39 CEST)" executed successfully
{"alive": true, "rss_mb": 48.4, "cpu_percent": 0.0, "event": "heartbeat", "timestamp": "2025-09-17T22:21:44.110351Z", "level": "info"}
Running job "task_wrapper (trigger: interval[0:05:07.070337], next run at: 2025-09-18 00:27:09 CEST)" (scheduled at 2025-09-18 00:22:02.676554+02:00)
{"task": "derivatives_oi", "ts": "2025-09-17T22:22:02.682012Z", "event": "task_start", "timestamp": "2025-09-17T22:22:02.682012Z", "level": "info"}
{"symbol": "BTCUSDT", "event": "deriv_cache_hit", "timestamp": "2025-09-17T22:22:02.683006Z", "level": "info"}
{"task": "derivatives_oi", "event": "task_ok", "timestamp": "2025-09-17T22:22:02.684009Z", "level": "info"}
{"task": "derivatives_oi", "duration": 0.001997, "event": "task_end", "timestamp": "2025-09-17T22:22:02.685003Z", "level": "info"}
Job "task_wrapper (trigger: interval[0:05:07.070337], next run at: 2025-09-18 00:27:09 CEST)" executed successfully
{"alive": true, "rss_mb": 48.4, "cpu_percent": 0.0, "event": "heartbeat", "timestamp": "2025-09-17T22:22:14.109025Z", "level": "info"}
Running job "task_wrapper (trigger: interval[0:05:08.878330], next run at: 2025-09-18 00:27:24 CEST)" (scheduled at 2025-09-18 00:22:15.326514+02:00)
{"task": "macro", "ts": "2025-09-17T22:22:15.337362Z", "event": "task_start", "timestamp": "2025-09-17T22:22:15.337362Z", "level": "info"}
{"symbol": "bitcoin", "event": "macro_cache_hit", "timestamp": "2025-09-17T22:22:15.338364Z", "level": "info"}
{"task": "macro", "event": "task_ok", "timestamp": "2025-09-17T22:22:15.339369Z", "level": "info"}
{"task": "macro", "duration": 0.003, "event": "task_end", "timestamp": "2025-09-17T22:22:15.340362Z", "level": "info"}
Job "task_wrapper (trigger: interval[0:05:08.878330], next run at: 2025-09-18 00:27:24 CEST)" executed successfully
{"alive": true, "rss_mb": 48.4, "cpu_percent": 0.0, "event": "heartbeat", "timestamp": "2025-09-17T22:22:44.131675Z", "level": "info"}
{"alive": true, "rss_mb": 48.3, "cpu_percent": 0.0, "event": "heartbeat", "timestamp": "2025-09-17T22:23:14.131740Z", "level": "info"}
{"alive": true, "rss_mb": 46.3, "cpu_percent": 0.0, "event": "heartbeat", "timestamp": "2025-09-17T22:23:44.146606Z", "level": "info"}
{"alive": true, "rss_mb": 46.3, "cpu_percent": 0.0, "event": "heartbeat", "timestamp": "2025-09-17T22:24:14.158481Z", "level": "info"}
{"alive": true, "rss_mb": 46.3, "cpu_percent": 0.0, "event": "heartbeat", "timestamp": "2025-09-17T22:24:44.162426Z", "level": "info"}
{"alive": true, "rss_mb": 46.3, "cpu_percent": 0.0, "event": "heartbeat", "timestamp": "2025-09-17T22:25:14.155374Z", "level": "info"}
{"alive": true, "rss_mb": 46.3, "cpu_percent": 0.0, "event": "heartbeat", "timestamp": "2025-09-17T22:25:44.158226Z", "level": "info"}
{"alive": true, "rss_mb": 46.3, "cpu_percent": 0.0, "event": "heartbeat", "timestamp": "2025-09-17T22:26:14.178011Z", "level": "info"}
Running job "task_wrapper (trigger: interval[0:05:03.285188], next run at: 2025-09-18 00:31:42 CEST)" (scheduled at 2025-09-18 00:26:39.466701+02:00)
{"task": "derivatives_lsr", "ts": "2025-09-17T22:26:39.486507Z", "event": "task_start", "timestamp": "2025-09-17T22:26:39.486507Z", "level": "info"}
HTTP Request: GET https://api.bybit.com/v5/market/account-ratio?category=linear&symbol=BTCUSDT&period=5min "HTTP/1.1 200 OK"
{"symbol": "BTCUSDT", "metric": "long_short_ratio", "source": "bybit", "event": "deriv_success", "timestamp": "2025-09-17T22:26:40.163246Z", "level": "info"}
{"task": "derivatives_lsr", "event": "task_ok", "timestamp": "2025-09-17T22:26:40.165249Z", "level": "info"}
{"task": "derivatives_lsr", "duration": 0.678742, "event": "task_end", "timestamp": "2025-09-17T22:26:40.165249Z", "level": "info"}
Job "task_wrapper (trigger: interval[0:05:03.285188], next run at: 2025-09-18 00:31:42 CEST)" executed successfully
{"alive": true, "rss_mb": 46.8, "cpu_percent": 0.0, "event": "heartbeat", "timestamp": "2025-09-17T22:26:44.196677Z", "level": "info"}
Running job "task_wrapper (trigger: interval[0:05:07.070337], next run at: 2025-09-18 00:32:16 CEST)" (scheduled at 2025-09-18 00:27:09.746891+02:00)
{"task": "derivatives_oi", "ts": "2025-09-17T22:27:09.768359Z", "event": "task_start", "timestamp": "2025-09-17T22:27:09.768359Z", "level": "info"}
HTTP Request: GET https://api.bybit.com/v5/market/open-interest?category=linear&symbol=BTCUSDT&intervalTime=5min "HTTP/1.1 200 OK"
{"symbol": "BTCUSDT", "source": "bybit", "event": "deriv_success", "timestamp": "2025-09-17T22:27:10.457868Z", "level": "info"}
{"task": "derivatives_oi", "event": "task_ok", "timestamp": "2025-09-17T22:27:10.459851Z", "level": "info"}
{"task": "derivatives_oi", "duration": 0.691492, "event": "task_end", "timestamp": "2025-09-17T22:27:10.459851Z", "level": "info"}
Job "task_wrapper (trigger: interval[0:05:07.070337], next run at: 2025-09-18 00:32:16 CEST)" executed successfully
{"alive": true, "rss_mb": 47.5, "cpu_percent": 0.0, "event": "heartbeat", "timestamp": "2025-09-17T22:27:14.193008Z", "level": "info"}
Running job "task_wrapper (trigger: interval[0:05:08.878330], next run at: 2025-09-18 00:32:33 CEST)" (scheduled at 2025-09-18 00:27:24.204844+02:00)
{"task": "macro", "ts": "2025-09-17T22:27:24.212175Z", "event": "task_start", "timestamp": "2025-09-17T22:27:24.212175Z", "level": "info"}
{"symbol": "bitcoin", "event": "macro_cache_hit", "timestamp": "2025-09-17T22:27:24.213171Z", "level": "info"}
{"task": "macro", "event": "task_ok", "timestamp": "2025-09-17T22:27:24.214172Z", "level": "info"}
{"task": "macro", "duration": 0.002993, "event": "task_end", "timestamp": "2025-09-17T22:27:24.215168Z", "level": "info"}
Job "task_wrapper (trigger: interval[0:05:08.878330], next run at: 2025-09-18 00:32:33 CEST)" executed successfully
{"alive": true, "rss_mb": 47.5, "cpu_percent": 0.0, "event": "heartbeat", "timestamp": "2025-09-17T22:27:44.217276Z", "level": "info"}
{"alive": true, "rss_mb": 47.5, "cpu_percent": 0.0, "event": "heartbeat", "timestamp": "2025-09-17T22:28:14.217896Z", "level": "info"}
{"alive": true, "rss_mb": 45.8, "cpu_percent": 0.0, "event": "heartbeat", "timestamp": "2025-09-17T22:28:44.235031Z", "level": "info"}
{"alive": true, "rss_mb": 45.8, "cpu_percent": 0.0, "event": "heartbeat", "timestamp": "2025-09-17T22:29:14.242180Z", "level": "info"}
{"alive": true, "rss_mb": 45.8, "cpu_percent": 0.0, "event": "heartbeat", "timestamp": "2025-09-17T22:29:44.260251Z", "level": "info"}
{"alive": true, "rss_mb": 45.8, "cpu_percent": 0.0, "event": "heartbeat", "timestamp": "2025-09-17T22:30:14.286236Z", "level": "info"}
{"alive": true, "rss_mb": 45.8, "cpu_percent": 0.0, "event": "heartbeat", "timestamp": "2025-09-17T22:30:44.292070Z", "level": "info"}
{"alive": true, "rss_mb": 45.8, "cpu_percent": 0.0, "event": "heartbeat", "timestamp": "2025-09-17T22:31:14.288988Z", "level": "info"}
Running job "task_wrapper (trigger: interval[0:05:03.285188], next run at: 2025-09-18 00:36:46 CEST)" (scheduled at 2025-09-18 00:31:42.751889+02:00)
{"task": "derivatives_lsr", "ts": "2025-09-17T22:31:42.777656Z", "event": "task_start", "timestamp": "2025-09-17T22:31:42.777656Z", "level": "info"}
HTTP Request: GET https://api.bybit.com/v5/market/account-ratio?category=linear&symbol=BTCUSDT&period=5min "HTTP/1.1 200 OK"
{"symbol": "BTCUSDT", "metric": "long_short_ratio", "source": "bybit", "event": "deriv_success", "timestamp": "2025-09-17T22:31:43.451499Z", "level": "info"}
{"task": "derivatives_lsr", "event": "task_ok", "timestamp": "2025-09-17T22:31:43.453502Z", "level": "info"}
{"task": "derivatives_lsr", "duration": 0.676844, "event": "task_end", "timestamp": "2025-09-17T22:31:43.454500Z", "level": "info"}
Job "task_wrapper (trigger: interval[0:05:03.285188], next run at: 2025-09-18 00:36:46 CEST)" executed successfully
{"alive": true, "rss_mb": 46.4, "cpu_percent": 0.0, "event": "heartbeat", "timestamp": "2025-09-17T22:31:44.294699Z", "level": "info"}
{"alive": true, "rss_mb": 46.4, "cpu_percent": 0.0, "event": "heartbeat", "timestamp": "2025-09-17T22:32:14.289097Z", "level": "info"}
Running job "task_wrapper (trigger: interval[0:05:07.070337], next run at: 2025-09-18 00:37:23 CEST)" (scheduled at 2025-09-18 00:32:16.817228+02:00)
{"task": "derivatives_oi", "ts": "2025-09-17T22:32:16.833496Z", "event": "task_start", "timestamp": "2025-09-17T22:32:16.833496Z", "level": "info"}
HTTP Request: GET https://api.bybit.com/v5/market/open-interest?category=linear&symbol=BTCUSDT&intervalTime=5min "HTTP/1.1 200 OK"
{"symbol": "BTCUSDT", "source": "bybit", "event": "deriv_success", "timestamp": "2025-09-17T22:32:17.511129Z", "level": "info"}
{"task": "derivatives_oi", "event": "task_ok", "timestamp": "2025-09-17T22:32:17.512687Z", "level": "info"}
{"task": "derivatives_oi", "duration": 0.679191, "event": "task_end", "timestamp": "2025-09-17T22:32:17.512687Z", "level": "info"}
Job "task_wrapper (trigger: interval[0:05:07.070337], next run at: 2025-09-18 00:37:23 CEST)" executed successfully
Running job "task_wrapper (trigger: interval[0:05:08.878330], next run at: 2025-09-18 00:37:41 CEST)" (scheduled at 2025-09-18 00:32:33.083174+02:00)
{"task": "macro", "ts": "2025-09-17T22:32:33.103330Z", "event": "task_start", "timestamp": "2025-09-17T22:32:33.103330Z", "level": "info"}
{"symbol": "bitcoin", "event": "macro_cache_hit", "timestamp": "2025-09-17T22:32:33.104326Z", "level": "info"}
{"task": "macro", "event": "task_ok", "timestamp": "2025-09-17T22:32:33.104326Z", "level": "info"}
{"task": "macro", "duration": 0.002005, "event": "task_end", "timestamp": "2025-09-17T22:32:33.105335Z", "level": "info"}
Job "task_wrapper (trigger: interval[0:05:08.878330], next run at: 2025-09-18 00:37:41 CEST)" executed successfully
{"alive": true, "rss_mb": 46.5, "cpu_percent": 0.0, "event": "heartbeat", "timestamp": "2025-09-17T22:32:44.303559Z", "level": "info"}
Running job "task_wrapper (trigger: interval[0:15:38.604368], next run at: 2025-09-18 00:48:47 CEST)" (scheduled at 2025-09-18 00:33:08.993305+02:00)
{"task": "defillama", "ts": "2025-09-17T22:33:09.006280Z", "event": "task_start", "timestamp": "2025-09-17T22:33:09.006280Z", "level": "info"}
{"chain": "ethereum", "event": "defillama_cache_hit", "timestamp": "2025-09-17T22:33:09.006831Z", "level": "info"}
{"task": "defillama", "event": "task_ok", "timestamp": "2025-09-17T22:33:09.007929Z", "level": "info"}
{"task": "defillama", "duration": 0.002822, "event": "task_end", "timestamp": "2025-09-17T22:33:09.009102Z", "level": "info"}
Job "task_wrapper (trigger: interval[0:15:38.604368], next run at: 2025-09-18 00:48:47 CEST)" executed successfully
{"alive": true, "rss_mb": 46.5, "cpu_percent": 0.0, "event": "heartbeat", "timestamp": "2025-09-17T22:33:14.318906Z", "level": "info"}
{"alive": true, "rss_mb": 44.1, "cpu_percent": 0.0, "event": "heartbeat", "timestamp": "2025-09-17T22:33:44.336232Z", "level": "info"}
{"alive": true, "rss_mb": 44.1, "cpu_percent": 0.0, "event": "heartbeat", "timestamp": "2025-09-17T22:34:14.343176Z", "level": "info"}
{"alive": true, "rss_mb": 44.1, "cpu_percent": 0.0, "event": "heartbeat", "timestamp": "2025-09-17T22:34:44.360251Z", "level": "info"}
{"alive": true, "rss_mb": 44.1, "cpu_percent": 0.0, "event": "heartbeat", "timestamp": "2025-09-17T22:35:14.373083Z", "level": "info"}
{"alive": true, "rss_mb": 44.1, "cpu_percent": 0.0, "event": "heartbeat", "timestamp": "2025-09-17T22:35:44.383515Z", "level": "info"}
{"alive": true, "rss_mb": 44.1, "cpu_percent": 0.0, "event": "heartbeat", "timestamp": "2025-09-17T22:36:14.399950Z", "level": "info"}
{"alive": true, "rss_mb": 44.1, "cpu_percent": 0.0, "event": "heartbeat", "timestamp": "2025-09-17T22:36:44.411015Z", "level": "info"}
Running job "task_wrapper (trigger: interval[0:05:03.285188], next run at: 2025-09-18 00:41:49 CEST)" (scheduled at 2025-09-18 00:36:46.037077+02:00)
{"task": "derivatives_lsr", "ts": "2025-09-17T22:36:46.041646Z", "event": "task_start", "timestamp": "2025-09-17T22:36:46.041646Z", "level": "info"}
HTTP Request: GET https://api.bybit.com/v5/market/account-ratio?category=linear&symbol=BTCUSDT&period=5min "HTTP/1.1 200 OK"
{"symbol": "BTCUSDT", "metric": "long_short_ratio", "source": "bybit", "event": "deriv_success", "timestamp": "2025-09-17T22:36:46.801059Z", "level": "info"}
{"task": "derivatives_lsr", "event": "task_ok", "timestamp": "2025-09-17T22:36:46.802045Z", "level": "info"}
{"task": "derivatives_lsr", "duration": 0.761397, "event": "task_end", "timestamp": "2025-09-17T22:36:46.803043Z", "level": "info"}
Job "task_wrapper (trigger: interval[0:05:03.285188], next run at: 2025-09-18 00:41:49 CEST)" executed successfully
{"alive": true, "rss_mb": 44.4, "cpu_percent": 0.0, "event": "heartbeat", "timestamp": "2025-09-17T22:37:14.439049Z", "level": "info"}
Running job "task_wrapper (trigger: interval[0:05:07.070337], next run at: 2025-09-18 00:42:30 CEST)" (scheduled at 2025-09-18 00:37:23.887565+02:00)
{"task": "derivatives_oi", "ts": "2025-09-17T22:37:23.902457Z", "event": "task_start", "timestamp": "2025-09-17T22:37:23.903453Z", "level": "info"}
HTTP Request: GET https://api.bybit.com/v5/market/open-interest?category=linear&symbol=BTCUSDT&intervalTime=5min "HTTP/1.1 200 OK"
{"symbol": "BTCUSDT", "source": "bybit", "event": "deriv_success", "timestamp": "2025-09-17T22:37:24.772708Z", "level": "info"}
{"task": "derivatives_oi", "event": "task_ok", "timestamp": "2025-09-17T22:37:24.773950Z", "level": "info"}
{"task": "derivatives_oi", "duration": 0.872493, "event": "task_end", "timestamp": "2025-09-17T22:37:24.774950Z", "level": "info"}
Job "task_wrapper (trigger: interval[0:05:07.070337], next run at: 2025-09-18 00:42:30 CEST)" executed successfully
Running job "task_wrapper (trigger: interval[0:05:08.878330], next run at: 2025-09-18 00:42:50 CEST)" (scheduled at 2025-09-18 00:37:41.961504+02:00)
{"task": "macro", "ts": "2025-09-17T22:37:41.976137Z", "event": "task_start", "timestamp": "2025-09-17T22:37:41.976137Z", "level": "info"}
{"symbol": "bitcoin", "event": "macro_cache_hit", "timestamp": "2025-09-17T22:37:41.977137Z", "level": "info"}
{"task": "macro", "event": "task_ok", "timestamp": "2025-09-17T22:37:41.978148Z", "level": "info"}
{"task": "macro", "duration": 0.003007, "event": "task_end", "timestamp": "2025-09-17T22:37:41.979144Z", "level": "info"}
Job "task_wrapper (trigger: interval[0:05:08.878330], next run at: 2025-09-18 00:42:50 CEST)" executed successfully
{"alive": true, "rss_mb": 45.1, "cpu_percent": 0.0, "event": "heartbeat", "timestamp": "2025-09-17T22:37:44.442135Z", "level": "info"}
{"alive": true, "rss_mb": 45.1, "cpu_percent": 0.0, "event": "heartbeat", "timestamp": "2025-09-17T22:38:14.436556Z", "level": "info"}
{"alive": true, "rss_mb": 42.9, "cpu_percent": 0.0, "event": "heartbeat", "timestamp": "2025-09-17T22:38:44.450784Z", "level": "info"}
{"alive": true, "rss_mb": 42.9, "cpu_percent": 0.0, "event": "heartbeat", "timestamp": "2025-09-17T22:39:14.473396Z", "level": "info"}
{"alive": true, "rss_mb": 42.9, "cpu_percent": 0.0, "event": "heartbeat", "timestamp": "2025-09-17T22:39:44.486111Z", "level": "info"}
{"alive": true, "rss_mb": 42.9, "cpu_percent": 0.0, "event": "heartbeat", "timestamp": "2025-09-17T22:40:14.510861Z", "level": "info"}
{"alive": true, "rss_mb": 42.9, "cpu_percent": 0.0, "event": "heartbeat", "timestamp": "2025-09-17T22:40:44.514282Z", "level": "info"}
{"alive": true, "rss_mb": 42.9, "cpu_percent": 0.0, "event": "heartbeat", "timestamp": "2025-09-17T22:41:14.529118Z", "level": "info"}
{"alive": true, "rss_mb": 42.9, "cpu_percent": 0.0, "event": "heartbeat", "timestamp": "2025-09-17T22:41:44.532410Z", "level": "info"}
Running job "task_wrapper (trigger: interval[0:05:03.285188], next run at: 2025-09-18 00:46:52 CEST)" (scheduled at 2025-09-18 00:41:49.322265+02:00)
{"task": "derivatives_lsr", "ts": "2025-09-17T22:41:49.362661Z", "event": "task_start", "timestamp": "2025-09-17T22:41:49.362661Z", "level": "info"}
HTTP Request: GET https://api.bybit.com/v5/market/account-ratio?category=linear&symbol=BTCUSDT&period=5min "HTTP/1.1 200 OK"
{"symbol": "BTCUSDT", "metric": "long_short_ratio", "source": "bybit", "event": "deriv_success", "timestamp": "2025-09-17T22:41:50.101411Z", "level": "info"}
{"task": "derivatives_lsr", "event": "task_ok", "timestamp": "2025-09-17T22:41:50.103412Z", "level": "info"}
{"task": "derivatives_lsr", "duration": 0.740751, "event": "task_end", "timestamp": "2025-09-17T22:41:50.103412Z", "level": "info"}
Job "task_wrapper (trigger: interval[0:05:03.285188], next run at: 2025-09-18 00:46:52 CEST)" executed successfully
{"alive": true, "rss_mb": 44.1, "cpu_percent": 0.0, "event": "heartbeat", "timestamp": "2025-09-17T22:42:14.542355Z", "level": "info"}
Running job "task_wrapper (trigger: interval[0:05:07.070337], next run at: 2025-09-18 00:47:38 CEST)" (scheduled at 2025-09-18 00:42:30.957902+02:00)
{"task": "derivatives_oi", "ts": "2025-09-17T22:42:30.973277Z", "event": "task_start", "timestamp": "2025-09-17T22:42:30.973277Z", "level": "info"}
HTTP Request: GET https://api.bybit.com/v5/market/open-interest?category=linear&symbol=BTCUSDT&intervalTime=5min "HTTP/1.1 200 OK"
{"symbol": "BTCUSDT", "source": "bybit", "event": "deriv_success", "timestamp": "2025-09-17T22:42:31.681260Z", "level": "info"}
{"task": "derivatives_oi", "event": "task_ok", "timestamp": "2025-09-17T22:42:31.682257Z", "level": "info"}
{"task": "derivatives_oi", "duration": 0.710492, "event": "task_end", "timestamp": "2025-09-17T22:42:31.683769Z", "level": "info"}
Job "task_wrapper (trigger: interval[0:05:07.070337], next run at: 2025-09-18 00:47:38 CEST)" executed successfully
{"alive": true, "rss_mb": 45.0, "cpu_percent": 0.0, "event": "heartbeat", "timestamp": "2025-09-17T22:42:44.551611Z", "level": "info"}
Running job "task_wrapper (trigger: interval[0:05:08.878330], next run at: 2025-09-18 00:47:59 CEST)" (scheduled at 2025-09-18 00:42:50.839834+02:00)
{"task": "macro", "ts": "2025-09-17T22:42:50.855338Z", "event": "task_start", "timestamp": "2025-09-17T22:42:50.855338Z", "level": "info"}
{"symbol": "bitcoin", "event": "macro_cache_hit", "timestamp": "2025-09-17T22:42:50.856329Z", "level": "info"}
{"task": "macro", "event": "task_ok", "timestamp": "2025-09-17T22:42:50.858337Z", "level": "info"}
{"task": "macro", "duration": 0.003991, "event": "task_end", "timestamp": "2025-09-17T22:42:50.859329Z", "level": "info"}
Job "task_wrapper (trigger: interval[0:05:08.878330], next run at: 2025-09-18 00:47:59 CEST)" executed successfully
{"alive": true, "rss_mb": 45.1, "cpu_percent": 0.0, "event": "heartbeat", "timestamp": "2025-09-17T22:43:14.554589Z", "level": "info"}
Running job "task_wrapper (trigger: interval[0:28:33.563456], next run at: 2025-09-18 01:11:53 CEST)" (scheduled at 2025-09-18 00:43:20.309114+02:00)
{"task": "onchain_hashrate", "ts": "2025-09-17T22:43:20.313780Z", "event": "task_start", "timestamp": "2025-09-17T22:43:20.313780Z", "level": "info"}
{"symbol": "BTC", "event": "onchain_cache_hit", "timestamp": "2025-09-17T22:43:20.314800Z", "level": "info"}
{"task": "onchain_hashrate", "event": "task_ok", "timestamp": "2025-09-17T22:43:20.315786Z", "level": "info"}
{"task": "onchain_hashrate", "duration": 0.003017, "event": "task_end", "timestamp": "2025-09-17T22:43:20.316797Z", "level": "info"}
Job "task_wrapper (trigger: interval[0:28:33.563456], next run at: 2025-09-18 01:11:53 CEST)" executed successfully
{"alive": true, "rss_mb": 45.0, "cpu_percent": 0.0, "event": "heartbeat", "timestamp": "2025-09-17T22:43:44.569369Z", "level": "info"}
{"alive": true, "rss_mb": 45.0, "cpu_percent": 0.0, "event": "heartbeat", "timestamp": "2025-09-17T22:44:14.586020Z", "level": "info"}
{"alive": true, "rss_mb": 45.0, "cpu_percent": 0.0, "event": "heartbeat", "timestamp": "2025-09-17T22:44:44.600823Z", "level": "info"}
{"alive": true, "rss_mb": 45.0, "cpu_percent": 0.0, "event": "heartbeat", "timestamp": "2025-09-17T22:45:14.593038Z", "level": "info"}
Running job "task_wrapper (trigger: interval[0:29:42.286402], next run at: 2025-09-18 01:15:20 CEST)" (scheduled at 2025-09-18 00:45:37.756001+02:00)
{"task": "onchain_sopr", "ts": "2025-09-17T22:45:37.767762Z", "event": "task_start", "timestamp": "2025-09-17T22:45:37.767762Z", "level": "info"}
{"symbol": "BTC", "event": "onchain_cache_hit", "timestamp": "2025-09-17T22:45:37.769766Z", "level": "info"}
{"task": "onchain_sopr", "event": "task_ok", "timestamp": "2025-09-17T22:45:37.770768Z", "level": "info"}
{"task": "onchain_sopr", "duration": 0.003006, "event": "task_end", "timestamp": "2025-09-17T22:45:37.770768Z", "level": "info"}
Job "task_wrapper (trigger: interval[0:29:42.286402], next run at: 2025-09-18 01:15:20 CEST)" executed successfully
{"alive": true, "rss_mb": 45.0, "cpu_percent": 0.0, "event": "heartbeat", "timestamp": "2025-09-17T22:45:44.615598Z", "level": "info"}
Running job "task_wrapper (trigger: interval[0:29:49.249948], next run at: 2025-09-18 01:15:40 CEST)" (scheduled at 2025-09-18 00:45:51.681091+02:00)
{"task": "onchain_tx", "ts": "2025-09-17T22:45:51.695407Z", "event": "task_start", "timestamp": "2025-09-17T22:45:51.695407Z", "level": "info"}
HTTP Request: GET https://api.blockchain.info/q/getblockcount "HTTP/1.1 200 OK"
{"symbol": "BTC", "source": "blockchain.info", "event": "onchain_success", "timestamp": "2025-09-17T22:45:52.324191Z", "level": "info"}
{"task": "onchain_tx", "event": "task_ok", "timestamp": "2025-09-17T22:45:52.325206Z", "level": "info"}
{"task": "onchain_tx", "duration": 0.630818, "event": "task_end", "timestamp": "2025-09-17T22:45:52.326225Z", "level": "info"}
Job "task_wrapper (trigger: interval[0:29:49.249948], next run at: 2025-09-18 01:15:40 CEST)" executed successfully
Running job "task_wrapper (trigger: interval[0:59:55.343029], next run at: 2025-09-18 01:46:03 CEST)" (scheduled at 2025-09-18 00:46:08.529226+02:00)
{"task": "sentiment_fg", "ts": "2025-09-17T22:46:08.538806Z", "event": "task_start", "timestamp": "2025-09-17T22:46:08.538806Z", "level": "info"}
{"metric": "fear_greed", "event": "sentiment_cache_hit", "timestamp": "2025-09-17T22:46:08.540802Z", "level": "info"}
{"task": "sentiment_fg", "event": "task_ok", "timestamp": "2025-09-17T22:46:08.541805Z", "level": "info"}
{"task": "sentiment_fg", "duration": 0.003997, "event": "task_end", "timestamp": "2025-09-17T22:46:08.542803Z", "level": "info"}
Job "task_wrapper (trigger: interval[0:59:55.343029], next run at: 2025-09-18 01:46:03 CEST)" executed successfully
{"alive": true, "rss_mb": 44.2, "cpu_percent": 0.0, "event": "heartbeat", "timestamp": "2025-09-17T22:46:14.620411Z", "level": "info"}
{"alive": true, "rss_mb": 44.2, "cpu_percent": 0.0, "event": "heartbeat", "timestamp": "2025-09-17T22:46:44.637927Z", "level": "info"}
Running job "task_wrapper (trigger: interval[0:05:03.285188], next run at: 2025-09-18 00:51:55 CEST)" (scheduled at 2025-09-18 00:46:52.607453+02:00)
{"task": "derivatives_lsr", "ts": "2025-09-17T22:46:52.627094Z", "event": "task_start", "timestamp": "2025-09-17T22:46:52.627094Z", "level": "info"}
HTTP Request: GET https://api.bybit.com/v5/market/account-ratio?category=linear&symbol=BTCUSDT&period=5min "HTTP/1.1 200 OK"
{"symbol": "BTCUSDT", "metric": "long_short_ratio", "source": "bybit", "event": "deriv_success", "timestamp": "2025-09-17T22:46:53.336947Z", "level": "info"}
{"task": "derivatives_lsr", "event": "task_ok", "timestamp": "2025-09-17T22:46:53.337950Z", "level": "info"}
{"task": "derivatives_lsr", "duration": 0.711855, "event": "task_end", "timestamp": "2025-09-17T22:46:53.338949Z", "level": "info"}
Job "task_wrapper (trigger: interval[0:05:03.285188], next run at: 2025-09-18 00:51:55 CEST)" executed successfully
{"alive": true, "rss_mb": 44.3, "cpu_percent": 0.0, "event": "heartbeat", "timestamp": "2025-09-17T22:47:14.654611Z", "level": "info"}
Running job "task_wrapper (trigger: interval[0:05:07.070337], next run at: 2025-09-18 00:52:45 CEST)" (scheduled at 2025-09-18 00:47:38.028239+02:00)
{"task": "derivatives_oi", "ts": "2025-09-17T22:47:38.056011Z", "event": "task_start", "timestamp": "2025-09-17T22:47:38.056011Z", "level": "info"}
HTTP Request: GET https://api.bybit.com/v5/market/open-interest?category=linear&symbol=BTCUSDT&intervalTime=5min "HTTP/1.1 200 OK"
{"symbol": "BTCUSDT", "source": "bybit", "event": "deriv_success", "timestamp": "2025-09-17T22:47:38.772918Z", "level": "info"}
{"task": "derivatives_oi", "event": "task_ok", "timestamp": "2025-09-17T22:47:38.773921Z", "level": "info"}
{"task": "derivatives_oi", "duration": 0.71991, "event": "task_end", "timestamp": "2025-09-17T22:47:38.775921Z", "level": "info"}
Job "task_wrapper (trigger: interval[0:05:07.070337], next run at: 2025-09-18 00:52:45 CEST)" executed successfully
{"alive": true, "rss_mb": 44.5, "cpu_percent": 0.0, "event": "heartbeat", "timestamp": "2025-09-17T22:47:44.664703Z", "level": "info"}
Running job "task_wrapper (trigger: interval[0:05:08.878330], next run at: 2025-09-18 00:53:08 CEST)" (scheduled at 2025-09-18 00:47:59.718164+02:00)
{"task": "macro", "ts": "2025-09-17T22:47:59.733463Z", "event": "task_start", "timestamp": "2025-09-17T22:47:59.733463Z", "level": "info"}
{"symbol": "bitcoin", "event": "macro_cache_hit", "timestamp": "2025-09-17T22:47:59.734459Z", "level": "info"}
{"task": "macro", "event": "task_ok", "timestamp": "2025-09-17T22:47:59.735457Z", "level": "info"}
{"task": "macro", "duration": 0.003994, "event": "task_end", "timestamp": "2025-09-17T22:47:59.737457Z", "level": "info"}
Job "task_wrapper (trigger: interval[0:05:08.878330], next run at: 2025-09-18 00:53:08 CEST)" executed successfully
{"alive": true, "rss_mb": 44.5, "cpu_percent": 0.0, "event": "heartbeat", "timestamp": "2025-09-17T22:48:14.667675Z", "level": "info"}
{"alive": true, "rss_mb": 44.5, "cpu_percent": 0.0, "event": "heartbeat", "timestamp": "2025-09-17T22:48:44.680302Z", "level": "info"}
Running job "task_wrapper (trigger: interval[0:15:38.604368], next run at: 2025-09-18 01:04:26 CEST)" (scheduled at 2025-09-18 00:48:47.597673+02:00)
{"task": "defillama", "ts": "2025-09-17T22:48:47.608854Z", "event": "task_start", "timestamp": "2025-09-17T22:48:47.608854Z", "level": "info"}
{"chain": "ethereum", "event": "defillama_cache_hit", "timestamp": "2025-09-17T22:48:47.609848Z", "level": "info"}
{"task": "defillama", "event": "task_ok", "timestamp": "2025-09-17T22:48:47.611852Z", "level": "info"}
{"task": "defillama", "duration": 0.003997, "event": "task_end", "timestamp": "2025-09-17T22:48:47.612851Z", "level": "info"}
Job "task_wrapper (trigger: interval[0:15:38.604368], next run at: 2025-09-18 01:04:26 CEST)" executed successfully
{"alive": true, "rss_mb": 44.5, "cpu_percent": 0.0, "event": "heartbeat", "timestamp": "2025-09-17T22:49:14.704027Z", "level": "info"}
{"alive": true, "rss_mb": 44.5, "cpu_percent": 0.0, "event": "heartbeat", "timestamp": "2025-09-17T22:49:44.721188Z", "level": "info"}
{"alive": true, "rss_mb": 44.5, "cpu_percent": 0.0, "event": "heartbeat", "timestamp": "2025-09-17T22:50:14.719109Z", "level": "info"}
{"alive": true, "rss_mb": 44.5, "cpu_percent": 0.0, "event": "heartbeat", "timestamp": "2025-09-17T22:50:44.736428Z", "level": "info"}
{"alive": true, "rss_mb": 44.5, "cpu_percent": 0.0, "event": "heartbeat", "timestamp": "2025-09-17T22:51:14.760170Z", "level": "info"}
{"alive": true, "rss_mb": 44.5, "cpu_percent": 0.0, "event": "heartbeat", "timestamp": "2025-09-17T22:51:44.763385Z", "level": "info"}
Running job "task_wrapper (trigger: interval[0:05:03.285188], next run at: 2025-09-18 00:56:59 CEST)" (scheduled at 2025-09-18 00:51:55.892641+02:00)
{"task": "derivatives_lsr", "ts": "2025-09-17T22:51:55.898188Z", "event": "task_start", "timestamp": "2025-09-17T22:51:55.898188Z", "level": "info"}
HTTP Request: GET https://api.bybit.com/v5/market/account-ratio?category=linear&symbol=BTCUSDT&period=5min "HTTP/1.1 200 OK"
{"symbol": "BTCUSDT", "metric": "long_short_ratio", "source": "bybit", "event": "deriv_success", "timestamp": "2025-09-17T22:51:56.627899Z", "level": "info"}
{"task": "derivatives_lsr", "event": "task_ok", "timestamp": "2025-09-17T22:51:56.628881Z", "level": "info"}
{"task": "derivatives_lsr", "duration": 0.7317, "event": "task_end", "timestamp": "2025-09-17T22:51:56.629888Z", "level": "info"}
Job "task_wrapper (trigger: interval[0:05:03.285188], next run at: 2025-09-18 00:56:59 CEST)" executed successfully
{"alive": true, "rss_mb": 44.8, "cpu_percent": 0.0, "event": "heartbeat", "timestamp": "2025-09-17T22:52:14.774728Z", "level": "info"}
{"alive": true, "rss_mb": 44.8, "cpu_percent": 0.0, "event": "heartbeat", "timestamp": "2025-09-17T22:52:44.790280Z", "level": "info"}
Running job "task_wrapper (trigger: interval[0:05:07.070337], next run at: 2025-09-18 00:57:52 CEST)" (scheduled at 2025-09-18 00:52:45.098576+02:00)
{"task": "derivatives_oi", "ts": "2025-09-17T22:52:45.121196Z", "event": "task_start", "timestamp": "2025-09-17T22:52:45.121196Z", "level": "info"}
HTTP Request: GET https://api.bybit.com/v5/market/open-interest?category=linear&symbol=BTCUSDT&intervalTime=5min "HTTP/1.1 200 OK"
{"symbol": "BTCUSDT", "source": "bybit", "event": "deriv_success", "timestamp": "2025-09-17T22:52:45.772586Z", "level": "info"}
{"task": "derivatives_oi", "event": "task_ok", "timestamp": "2025-09-17T22:52:45.773567Z", "level": "info"}
{"task": "derivatives_oi", "duration": 0.65337, "event": "task_end", "timestamp": "2025-09-17T22:52:45.774566Z", "level": "info"}
Job "task_wrapper (trigger: interval[0:05:07.070337], next run at: 2025-09-18 00:57:52 CEST)" executed successfully
Running job "task_wrapper (trigger: interval[0:05:08.878330], next run at: 2025-09-18 00:58:17 CEST)" (scheduled at 2025-09-18 00:53:08.596494+02:00)
{"task": "macro", "ts": "2025-09-17T22:53:08.608976Z", "event": "task_start", "timestamp": "2025-09-17T22:53:08.608976Z", "level": "info"}
{"symbol": "bitcoin", "event": "macro_cache_hit", "timestamp": "2025-09-17T22:53:08.609980Z", "level": "info"}
{"task": "macro", "event": "task_ok", "timestamp": "2025-09-17T22:53:08.610975Z", "level": "info"}
{"task": "macro", "duration": 0.001999, "event": "task_end", "timestamp": "2025-09-17T22:53:08.610975Z", "level": "info"}
Job "task_wrapper (trigger: interval[0:05:08.878330], next run at: 2025-09-18 00:58:17 CEST)" executed successfully
{"alive": true, "rss_mb": 45.2, "cpu_percent": 0.0, "event": "heartbeat", "timestamp": "2025-09-17T22:53:14.798685Z", "level": "info"}
{"alive": true, "rss_mb": 43.8, "cpu_percent": 0.0, "event": "heartbeat", "timestamp": "2025-09-17T22:53:44.807756Z", "level": "info"}
{"alive": true, "rss_mb": 43.8, "cpu_percent": 0.0, "event": "heartbeat", "timestamp": "2025-09-17T22:54:14.807411Z", "level": "info"}
{"alive": true, "rss_mb": 43.8, "cpu_percent": 0.0, "event": "heartbeat", "timestamp": "2025-09-17T22:54:44.816040Z", "level": "info"}
{"alive": true, "rss_mb": 43.8, "cpu_percent": 0.0, "event": "heartbeat", "timestamp": "2025-09-17T22:55:14.833262Z", "level": "info"}
{"alive": true, "rss_mb": 43.8, "cpu_percent": 0.0, "event": "heartbeat", "timestamp": "2025-09-17T22:55:44.838138Z", "level": "info"}
{"alive": true, "rss_mb": 43.8, "cpu_percent": 0.0, "event": "heartbeat", "timestamp": "2025-09-17T22:56:14.840298Z", "level": "info"}
{"alive": true, "rss_mb": 43.8, "cpu_percent": 0.0, "event": "heartbeat", "timestamp": "2025-09-17T22:56:44.846971Z", "level": "info"}
Running job "task_wrapper (trigger: interval[0:05:03.285188], next run at: 2025-09-18 01:02:02 CEST)" (scheduled at 2025-09-18 00:56:59.177829+02:00)
{"task": "derivatives_lsr", "ts": "2025-09-17T22:56:59.188344Z", "event": "task_start", "timestamp": "2025-09-17T22:56:59.188344Z", "level": "info"}
HTTP Request: GET https://api.bybit.com/v5/market/account-ratio?category=linear&symbol=BTCUSDT&period=5min "HTTP/1.1 200 OK"
{"symbol": "BTCUSDT", "metric": "long_short_ratio", "source": "bybit", "event": "deriv_success", "timestamp": "2025-09-17T22:57:00.087836Z", "level": "info"}
{"task": "derivatives_lsr", "event": "task_ok", "timestamp": "2025-09-17T22:57:00.089839Z", "level": "info"}
{"task": "derivatives_lsr", "duration": 0.902506, "event": "task_end", "timestamp": "2025-09-17T22:57:00.090850Z", "level": "info"}
Job "task_wrapper (trigger: interval[0:05:03.285188], next run at: 2025-09-18 01:02:02 CEST)" executed successfully
{"alive": true, "rss_mb": 44.4, "cpu_percent": 0.0, "event": "heartbeat", "timestamp": "2025-09-17T22:57:14.859994Z", "level": "info"}
{"alive": true, "rss_mb": 44.4, "cpu_percent": 0.0, "event": "heartbeat", "timestamp": "2025-09-17T22:57:44.865744Z", "level": "info"}
Running job "task_wrapper (trigger: interval[0:05:07.070337], next run at: 2025-09-18 01:02:59 CEST)" (scheduled at 2025-09-18 00:57:52.168913+02:00)
{"task": "derivatives_oi", "ts": "2025-09-17T22:57:52.184193Z", "event": "task_start", "timestamp": "2025-09-17T22:57:52.184193Z", "level": "info"}
HTTP Request: GET https://api.bybit.com/v5/market/open-interest?category=linear&symbol=BTCUSDT&intervalTime=5min "HTTP/1.1 200 OK"
{"symbol": "BTCUSDT", "source": "bybit", "event": "deriv_success", "timestamp": "2025-09-17T22:57:52.931618Z", "level": "info"}
{"task": "derivatives_oi", "event": "task_ok", "timestamp": "2025-09-17T22:57:52.932617Z", "level": "info"}
{"task": "derivatives_oi", "duration": 0.749444, "event": "task_end", "timestamp": "2025-09-17T22:57:52.933637Z", "level": "info"}
Job "task_wrapper (trigger: interval[0:05:07.070337], next run at: 2025-09-18 01:02:59 CEST)" executed successfully
{"alive": true, "rss_mb": 41.9, "cpu_percent": 0.0, "event": "heartbeat", "timestamp": "2025-09-17T22:58:14.876625Z", "level": "info"}
Running job "task_wrapper (trigger: interval[0:05:08.878330], next run at: 2025-09-18 01:03:26 CEST)" (scheduled at 2025-09-18 00:58:17.474824+02:00)
{"task": "macro", "ts": "2025-09-17T22:58:17.490766Z", "event": "task_start", "timestamp": "2025-09-17T22:58:17.490766Z", "level": "info"}
{"symbol": "bitcoin", "event": "macro_cache_hit", "timestamp": "2025-09-17T22:58:17.491765Z", "level": "info"}
{"task": "macro", "event": "task_ok", "timestamp": "2025-09-17T22:58:17.492767Z", "level": "info"}
{"task": "macro", "duration": 0.002001, "event": "task_end", "timestamp": "2025-09-17T22:58:17.492767Z", "level": "info"}
Job "task_wrapper (trigger: interval[0:05:08.878330], next run at: 2025-09-18 01:03:26 CEST)" executed successfully
{"alive": true, "rss_mb": 41.5, "cpu_percent": 0.0, "event": "heartbeat", "timestamp": "2025-09-17T22:58:44.901797Z", "level": "info"}
{"alive": true, "rss_mb": 41.5, "cpu_percent": 0.0, "event": "heartbeat", "timestamp": "2025-09-17T22:59:14.902464Z", "level": "info"}
{"alive": true, "rss_mb": 41.5, "cpu_percent": 0.0, "event": "heartbeat", "timestamp": "2025-09-17T22:59:44.913240Z", "level": "info"}
{"alive": true, "rss_mb": 41.5, "cpu_percent": 0.0, "event": "heartbeat", "timestamp": "2025-09-17T23:00:14.909755Z", "level": "info"}
{"alive": true, "rss_mb": 41.5, "cpu_percent": 0.0, "event": "heartbeat", "timestamp": "2025-09-17T23:00:44.920217Z", "level": "info"}
{"alive": true, "rss_mb": 41.5, "cpu_percent": 0.0, "event": "heartbeat", "timestamp": "2025-09-17T23:01:14.939182Z", "level": "info"}
{"alive": true, "rss_mb": 41.5, "cpu_percent": 0.0, "event": "heartbeat", "timestamp": "2025-09-17T23:01:44.952031Z", "level": "info"}
Running job "task_wrapper (trigger: interval[0:05:03.285188], next run at: 2025-09-18 01:07:05 CEST)" (scheduled at 2025-09-18 01:02:02.463017+02:00)
{"task": "derivatives_lsr", "ts": "2025-09-17T23:02:02.487451Z", "event": "task_start", "timestamp": "2025-09-17T23:02:02.487451Z", "level": "info"}
HTTP Request: GET https://api.bybit.com/v5/market/account-ratio?category=linear&symbol=BTCUSDT&period=5min "HTTP/1.1 200 OK"
{"symbol": "BTCUSDT", "metric": "long_short_ratio", "source": "bybit", "event": "deriv_success", "timestamp": "2025-09-17T23:02:03.240301Z", "level": "info"}
{"task": "derivatives_lsr", "event": "task_ok", "timestamp": "2025-09-17T23:02:03.241298Z", "level": "info"}
{"task": "derivatives_lsr", "duration": 0.754831, "event": "task_end", "timestamp": "2025-09-17T23:02:03.242282Z", "level": "info"}
Job "task_wrapper (trigger: interval[0:05:03.285188], next run at: 2025-09-18 01:07:05 CEST)" executed successfully
{"alive": true, "rss_mb": 41.6, "cpu_percent": 0.0, "event": "heartbeat", "timestamp": "2025-09-17T23:02:14.959183Z", "level": "info"}
{"alive": true, "rss_mb": 41.6, "cpu_percent": 0.0, "event": "heartbeat", "timestamp": "2025-09-17T23:02:44.971047Z", "level": "info"}
Running job "task_wrapper (trigger: interval[0:05:07.070337], next run at: 2025-09-18 01:08:06 CEST)" (scheduled at 2025-09-18 01:02:59.239250+02:00)
{"task": "derivatives_oi", "ts": "2025-09-17T23:02:59.244328Z", "event": "task_start", "timestamp": "2025-09-17T23:02:59.244328Z", "level": "info"}
HTTP Request: GET https://api.bybit.com/v5/market/open-interest?category=linear&symbol=BTCUSDT&intervalTime=5min "HTTP/1.1 200 OK"
{"symbol": "BTCUSDT", "source": "bybit", "event": "deriv_success", "timestamp": "2025-09-17T23:03:00.074507Z", "level": "info"}
{"task": "derivatives_oi", "event": "task_ok", "timestamp": "2025-09-17T23:03:00.076509Z", "level": "info"}
{"task": "derivatives_oi", "duration": 0.833181, "event": "task_end", "timestamp": "2025-09-17T23:03:00.077509Z", "level": "info"}
Job "task_wrapper (trigger: interval[0:05:07.070337], next run at: 2025-09-18 01:08:06 CEST)" executed successfully
{"alive": true, "rss_mb": 41.8, "cpu_percent": 0.0, "event": "heartbeat", "timestamp": "2025-09-17T23:03:14.976197Z", "level": "info"}
Running job "task_wrapper (trigger: interval[0:05:08.878330], next run at: 2025-09-18 01:08:35 CEST)" (scheduled at 2025-09-18 01:03:26.353154+02:00)
{"task": "macro", "ts": "2025-09-17T23:03:26.365687Z", "event": "task_start", "timestamp": "2025-09-17T23:03:26.365687Z", "level": "info"}
{"symbol": "bitcoin", "event": "macro_cache_hit", "timestamp": "2025-09-17T23:03:26.366693Z", "level": "info"}
{"task": "macro", "event": "task_ok", "timestamp": "2025-09-17T23:03:26.367695Z", "level": "info"}
{"task": "macro", "duration": 0.002999, "event": "task_end", "timestamp": "2025-09-17T23:03:26.368686Z", "level": "info"}
Job "task_wrapper (trigger: interval[0:05:08.878330], next run at: 2025-09-18 01:08:35 CEST)" executed successfully
{"alive": true, "rss_mb": 40.3, "cpu_percent": 0.0, "event": "heartbeat", "timestamp": "2025-09-17T23:03:44.983823Z", "level": "info"}
{"alive": true, "rss_mb": 40.3, "cpu_percent": 0.0, "event": "heartbeat", "timestamp": "2025-09-17T23:04:14.985997Z", "level": "info"}
Running job "task_wrapper (trigger: interval[0:15:38.604368], next run at: 2025-09-18 01:20:04 CEST)" (scheduled at 2025-09-18 01:04:26.202041+02:00)
{"task": "defillama", "ts": "2025-09-17T23:04:26.208600Z", "event": "task_start", "timestamp": "2025-09-17T23:04:26.208600Z", "level": "info"}
{"chain": "ethereum", "event": "defillama_cache_hit", "timestamp": "2025-09-17T23:04:26.210111Z", "level": "info"}
{"task": "defillama", "event": "task_ok", "timestamp": "2025-09-17T23:04:26.211123Z", "level": "info"}
{"task": "defillama", "duration": 0.003524, "event": "task_end", "timestamp": "2025-09-17T23:04:26.212124Z", "level": "info"}
Job "task_wrapper (trigger: interval[0:15:38.604368], next run at: 2025-09-18 01:20:04 CEST)" executed successfully
{"alive": true, "rss_mb": 40.3, "cpu_percent": 0.0, "event": "heartbeat", "timestamp": "2025-09-17T23:04:45.006959Z", "level": "info"}
{"alive": true, "rss_mb": 40.3, "cpu_percent": 0.0, "event": "heartbeat", "timestamp": "2025-09-17T23:05:15.029734Z", "level": "info"}
{"alive": true, "rss_mb": 40.1, "cpu_percent": 0.0, "event": "heartbeat", "timestamp": "2025-09-17T23:05:45.066414Z", "level": "info"}
{"alive": true, "rss_mb": 40.1, "cpu_percent": 0.0, "event": "heartbeat", "timestamp": "2025-09-17T23:06:15.081463Z", "level": "info"}
{"alive": true, "rss_mb": 40.1, "cpu_percent": 0.0, "event": "heartbeat", "timestamp": "2025-09-17T23:06:45.091237Z", "level": "info"}
Running job "task_wrapper (trigger: interval[0:05:03.285188], next run at: 2025-09-18 01:12:09 CEST)" (scheduled at 2025-09-18 01:07:05.748205+02:00)
{"task": "derivatives_lsr", "ts": "2025-09-17T23:07:05.772682Z", "event": "task_start", "timestamp": "2025-09-17T23:07:05.772682Z", "level": "info"}
HTTP Request: GET https://api.bybit.com/v5/market/account-ratio?category=linear&symbol=BTCUSDT&period=5min "HTTP/1.1 200 OK"
{"symbol": "BTCUSDT", "metric": "long_short_ratio", "source": "bybit", "event": "deriv_success", "timestamp": "2025-09-17T23:07:06.529576Z", "level": "info"}
{"task": "derivatives_lsr", "event": "task_ok", "timestamp": "2025-09-17T23:07:06.530577Z", "level": "info"}
{"task": "derivatives_lsr", "duration": 0.758898, "event": "task_end", "timestamp": "2025-09-17T23:07:06.531580Z", "level": "info"}
Job "task_wrapper (trigger: interval[0:05:03.285188], next run at: 2025-09-18 01:12:09 CEST)" executed successfully
{"alive": true, "rss_mb": 40.7, "cpu_percent": 0.0, "event": "heartbeat", "timestamp": "2025-09-17T23:07:15.094190Z", "level": "info"}
{"alive": true, "rss_mb": 40.7, "cpu_percent": 0.0, "event": "heartbeat", "timestamp": "2025-09-17T23:07:45.109851Z", "level": "info"}
Running job "task_wrapper (trigger: interval[0:05:07.070337], next run at: 2025-09-18 01:13:13 CEST)" (scheduled at 2025-09-18 01:08:06.309587+02:00)
{"task": "derivatives_oi", "ts": "2025-09-17T23:08:06.328844Z", "event": "task_start", "timestamp": "2025-09-17T23:08:06.328844Z", "level": "info"}
HTTP Request: GET https://api.bybit.com/v5/market/open-interest?category=linear&symbol=BTCUSDT&intervalTime=5min "HTTP/1.1 200 OK"
{"symbol": "BTCUSDT", "source": "bybit", "event": "deriv_success", "timestamp": "2025-09-17T23:08:07.066336Z", "level": "info"}
{"task": "derivatives_oi", "event": "task_ok", "timestamp": "2025-09-17T23:08:07.068335Z", "level": "info"}
{"task": "derivatives_oi", "duration": 0.740483, "event": "task_end", "timestamp": "2025-09-17T23:08:07.069327Z", "level": "info"}
Job "task_wrapper (trigger: interval[0:05:07.070337], next run at: 2025-09-18 01:13:13 CEST)" executed successfully
{"alive": true, "rss_mb": 41.3, "cpu_percent": 0.0, "event": "heartbeat", "timestamp": "2025-09-17T23:08:15.116019Z", "level": "info"}
Running job "task_wrapper (trigger: interval[0:05:08.878330], next run at: 2025-09-18 01:13:44 CEST)" (scheduled at 2025-09-18 01:08:35.231484+02:00)
{"task": "macro", "ts": "2025-09-17T23:08:35.242460Z", "event": "task_start", "timestamp": "2025-09-17T23:08:35.242460Z", "level": "info"}
{"symbol": "bitcoin", "event": "macro_cache_hit", "timestamp": "2025-09-17T23:08:35.243455Z", "level": "info"}
{"task": "macro", "event": "task_ok", "timestamp": "2025-09-17T23:08:35.244459Z", "level": "info"}
{"task": "macro", "duration": 0.002999, "event": "task_end", "timestamp": "2025-09-17T23:08:35.245459Z", "level": "info"}
Job "task_wrapper (trigger: interval[0:05:08.878330], next run at: 2025-09-18 01:13:44 CEST)" executed successfully
{"alive": true, "rss_mb": 41.2, "cpu_percent": 0.0, "event": "heartbeat", "timestamp": "2025-09-17T23:08:45.128689Z", "level": "info"}
{"alive": true, "rss_mb": 41.2, "cpu_percent": 0.0, "event": "heartbeat", "timestamp": "2025-09-17T23:09:15.135762Z", "level": "info"}
{"alive": true, "rss_mb": 41.2, "cpu_percent": 0.0, "event": "heartbeat", "timestamp": "2025-09-17T23:09:45.152298Z", "level": "info"}
{"alive": true, "rss_mb": 41.2, "cpu_percent": 0.0, "event": "heartbeat", "timestamp": "2025-09-17T23:10:15.174094Z", "level": "info"}
{"alive": true, "rss_mb": 41.2, "cpu_percent": 0.0, "event": "heartbeat", "timestamp": "2025-09-17T23:10:45.178969Z", "level": "info"}
{"alive": true, "rss_mb": 41.2, "cpu_percent": 0.0, "event": "heartbeat", "timestamp": "2025-09-17T23:11:15.204888Z", "level": "info"}
{"alive": true, "rss_mb": 41.2, "cpu_percent": 0.0, "event": "heartbeat", "timestamp": "2025-09-17T23:11:45.214716Z", "level": "info"}
Running job "task_wrapper (trigger: interval[0:28:33.563456], next run at: 2025-09-18 01:40:27 CEST)" (scheduled at 2025-09-18 01:11:53.872570+02:00)
{"task": "onchain_hashrate", "ts": "2025-09-17T23:11:53.891190Z", "event": "task_start", "timestamp": "2025-09-17T23:11:53.891190Z", "level": "info"}
HTTP Request: GET https://api.blockchain.info/q/hashrate "HTTP/1.1 200 OK"
{"symbol": "BTC", "source": "blockchain.info", "event": "onchain_success", "timestamp": "2025-09-17T23:11:54.515471Z", "level": "info"}
{"task": "onchain_hashrate", "event": "task_ok", "timestamp": "2025-09-17T23:11:54.517469Z", "level": "info"}
{"task": "onchain_hashrate", "duration": 0.626279, "event": "task_end", "timestamp": "2025-09-17T23:11:54.517469Z", "level": "info"}
Job "task_wrapper (trigger: interval[0:28:33.563456], next run at: 2025-09-18 01:40:27 CEST)" executed successfully
Running job "task_wrapper (trigger: interval[0:05:03.285188], next run at: 2025-09-18 01:17:12 CEST)" (scheduled at 2025-09-18 01:12:09.033393+02:00)
{"task": "derivatives_lsr", "ts": "2025-09-17T23:12:09.051616Z", "event": "task_start", "timestamp": "2025-09-17T23:12:09.051616Z", "level": "info"}
HTTP Request: GET https://api.bybit.com/v5/market/account-ratio?category=linear&symbol=BTCUSDT&period=5min "HTTP/1.1 200 OK"
{"symbol": "BTCUSDT", "metric": "long_short_ratio", "source": "bybit", "event": "deriv_success", "timestamp": "2025-09-17T23:12:09.896334Z", "level": "info"}
{"task": "derivatives_lsr", "event": "task_ok", "timestamp": "2025-09-17T23:12:09.898313Z", "level": "info"}
{"task": "derivatives_lsr", "duration": 0.847699, "event": "task_end", "timestamp": "2025-09-17T23:12:09.899315Z", "level": "info"}
Job "task_wrapper (trigger: interval[0:05:03.285188], next run at: 2025-09-18 01:17:12 CEST)" executed successfully
{"alive": true, "rss_mb": 41.0, "cpu_percent": 0.0, "event": "heartbeat", "timestamp": "2025-09-17T23:12:15.221090Z", "level": "info"}
{"alive": true, "rss_mb": 41.0, "cpu_percent": 0.0, "event": "heartbeat", "timestamp": "2025-09-17T23:12:45.237773Z", "level": "info"}
Running job "task_wrapper (trigger: interval[0:05:07.070337], next run at: 2025-09-18 01:18:20 CEST)" (scheduled at 2025-09-18 01:13:13.379924+02:00)
{"task": "derivatives_oi", "ts": "2025-09-17T23:13:13.398825Z", "event": "task_start", "timestamp": "2025-09-17T23:13:13.398825Z", "level": "info"}
HTTP Request: GET https://api.bybit.com/v5/market/open-interest?category=linear&symbol=BTCUSDT&intervalTime=5min "HTTP/1.1 200 OK"
{"symbol": "BTCUSDT", "source": "bybit", "event": "deriv_success", "timestamp": "2025-09-17T23:13:14.127953Z", "level": "info"}
{"task": "derivatives_oi", "event": "task_ok", "timestamp": "2025-09-17T23:13:14.129128Z", "level": "info"}
{"task": "derivatives_oi", "duration": 0.731446, "event": "task_end", "timestamp": "2025-09-17T23:13:14.130271Z", "level": "info"}
Job "task_wrapper (trigger: interval[0:05:07.070337], next run at: 2025-09-18 01:18:20 CEST)" executed successfully
{"alive": true, "rss_mb": 41.1, "cpu_percent": 0.0, "event": "heartbeat", "timestamp": "2025-09-17T23:13:15.248454Z", "level": "info"}
Running job "task_wrapper (trigger: interval[0:05:08.878330], next run at: 2025-09-18 01:18:52 CEST)" (scheduled at 2025-09-18 01:13:44.109814+02:00)
{"task": "macro", "ts": "2025-09-17T23:13:44.115758Z", "event": "task_start", "timestamp": "2025-09-17T23:13:44.115758Z", "level": "info"}
{"symbol": "bitcoin", "event": "macro_cache_hit", "timestamp": "2025-09-17T23:13:44.116881Z", "level": "info"}
{"task": "macro", "event": "task_ok", "timestamp": "2025-09-17T23:13:44.118040Z", "level": "info"}
{"task": "macro", "duration": 0.003379, "event": "task_end", "timestamp": "2025-09-17T23:13:44.119137Z", "level": "info"}
Job "task_wrapper (trigger: interval[0:05:08.878330], next run at: 2025-09-18 01:18:52 CEST)" executed successfully
{"alive": true, "rss_mb": 41.1, "cpu_percent": 0.0, "event": "heartbeat", "timestamp": "2025-09-17T23:13:45.268068Z", "level": "info"}
{"alive": true, "rss_mb": 41.1, "cpu_percent": 0.0, "event": "heartbeat", "timestamp": "2025-09-17T23:14:15.277764Z", "level": "info"}
{"alive": true, "rss_mb": 41.1, "cpu_percent": 0.0, "event": "heartbeat", "timestamp": "2025-09-17T23:14:45.286371Z", "level": "info"}
{"alive": true, "rss_mb": 41.1, "cpu_percent": 0.0, "event": "heartbeat", "timestamp": "2025-09-17T23:15:15.286740Z", "level": "info"}
Running job "task_wrapper (trigger: interval[0:29:42.286402], next run at: 2025-09-18 01:45:02 CEST)" (scheduled at 2025-09-18 01:15:20.042403+02:00)
{"task": "onchain_sopr", "ts": "2025-09-17T23:15:20.047747Z", "event": "task_start", "timestamp": "2025-09-17T23:15:20.047747Z", "level": "info"}
{"symbol": "BTC", "event": "onchain_cache_hit", "timestamp": "2025-09-17T23:15:20.048743Z", "level": "info"}
{"task": "onchain_sopr", "event": "task_ok", "timestamp": "2025-09-17T23:15:20.049744Z", "level": "info"}
{"task": "onchain_sopr", "duration": 0.002759, "event": "task_end", "timestamp": "2025-09-17T23:15:20.050506Z", "level": "info"}
Job "task_wrapper (trigger: interval[0:29:42.286402], next run at: 2025-09-18 01:45:02 CEST)" executed successfully
Running job "task_wrapper (trigger: interval[0:29:49.249948], next run at: 2025-09-18 01:45:30 CEST)" (scheduled at 2025-09-18 01:15:40.931039+02:00)
{"task": "onchain_tx", "ts": "2025-09-17T23:15:40.946309Z", "event": "task_start", "timestamp": "2025-09-17T23:15:40.946309Z", "level": "info"}
HTTP Request: GET https://api.blockchain.info/q/getblockcount "HTTP/1.1 200 OK"
{"symbol": "BTC", "source": "blockchain.info", "event": "onchain_success", "timestamp": "2025-09-17T23:15:41.514699Z", "level": "info"}
{"task": "onchain_tx", "event": "task_ok", "timestamp": "2025-09-17T23:15:41.516699Z", "level": "info"}
{"task": "onchain_tx", "duration": 0.571386, "event": "task_end", "timestamp": "2025-09-17T23:15:41.517695Z", "level": "info"}
Job "task_wrapper (trigger: interval[0:29:49.249948], next run at: 2025-09-18 01:45:30 CEST)" executed successfully
{"alive": true, "rss_mb": 41.3, "cpu_percent": 0.0, "event": "heartbeat", "timestamp": "2025-09-17T23:15:45.287429Z", "level": "info"}
{"alive": true, "rss_mb": 41.3, "cpu_percent": 0.0, "event": "heartbeat", "timestamp": "2025-09-17T23:16:15.295243Z", "level": "info"}
{"alive": true, "rss_mb": 41.3, "cpu_percent": 0.0, "event": "heartbeat", "timestamp": "2025-09-17T23:16:45.297254Z", "level": "info"}
Running job "task_wrapper (trigger: interval[0:05:03.285188], next run at: 2025-09-18 01:22:15 CEST)" (scheduled at 2025-09-18 01:17:12.318581+02:00)
{"task": "derivatives_lsr", "ts": "2025-09-17T23:17:12.331523Z", "event": "task_start", "timestamp": "2025-09-17T23:17:12.331523Z", "level": "info"}
HTTP Request: GET https://api.bybit.com/v5/market/account-ratio?category=linear&symbol=BTCUSDT&period=5min "HTTP/1.1 200 OK"
{"symbol": "BTCUSDT", "metric": "long_short_ratio", "source": "bybit", "event": "deriv_success", "timestamp": "2025-09-17T23:17:13.024837Z", "level": "info"}
{"task": "derivatives_lsr", "event": "task_ok", "timestamp": "2025-09-17T23:17:13.025819Z", "level": "info"}
{"task": "derivatives_lsr", "duration": 0.695294, "event": "task_end", "timestamp": "2025-09-17T23:17:13.026817Z", "level": "info"}
Job "task_wrapper (trigger: interval[0:05:03.285188], next run at: 2025-09-18 01:22:15 CEST)" executed successfully
{"alive": true, "rss_mb": 41.6, "cpu_percent": 0.0, "event": "heartbeat", "timestamp": "2025-09-17T23:17:15.312981Z", "level": "info"}
{"alive": true, "rss_mb": 41.6, "cpu_percent": 0.0, "event": "heartbeat", "timestamp": "2025-09-17T23:17:45.321791Z", "level": "info"}
{"alive": true, "rss_mb": 41.6, "cpu_percent": 0.0, "event": "heartbeat", "timestamp": "2025-09-17T23:18:15.323609Z", "level": "info"}
Running job "task_wrapper (trigger: interval[0:05:07.070337], next run at: 2025-09-18 01:23:27 CEST)" (scheduled at 2025-09-18 01:18:20.450261+02:00)
{"task": "derivatives_oi", "ts": "2025-09-17T23:18:20.461250Z", "event": "task_start", "timestamp": "2025-09-17T23:18:20.461250Z", "level": "info"}
HTTP Request: GET https://api.bybit.com/v5/market/open-interest?category=linear&symbol=BTCUSDT&intervalTime=5min "HTTP/1.1 200 OK"
{"symbol": "BTCUSDT", "source": "bybit", "event": "deriv_success", "timestamp": "2025-09-17T23:18:21.156682Z", "level": "info"}
{"task": "derivatives_oi", "event": "task_ok", "timestamp": "2025-09-17T23:18:21.158681Z", "level": "info"}
{"task": "derivatives_oi", "duration": 0.698432, "event": "task_end", "timestamp": "2025-09-17T23:18:21.159682Z", "level": "info"}
Job "task_wrapper (trigger: interval[0:05:07.070337], next run at: 2025-09-18 01:23:27 CEST)" executed successfully
{"alive": true, "rss_mb": 42.1, "cpu_percent": 0.0, "event": "heartbeat", "timestamp": "2025-09-17T23:18:45.342567Z", "level": "info"}
Running job "task_wrapper (trigger: interval[0:05:08.878330], next run at: 2025-09-18 01:24:01 CEST)" (scheduled at 2025-09-18 01:18:52.988144+02:00)
{"task": "macro", "ts": "2025-09-17T23:18:52.994684Z", "event": "task_start", "timestamp": "2025-09-17T23:18:52.994684Z", "level": "info"}
{"symbol": "bitcoin", "event": "macro_cache_hit", "timestamp": "2025-09-17T23:18:52.995688Z", "level": "info"}
{"task": "macro", "event": "task_ok", "timestamp": "2025-09-17T23:18:52.996704Z", "level": "info"}
{"task": "macro", "duration": 0.002996, "event": "task_end", "timestamp": "2025-09-17T23:18:52.997680Z", "level": "info"}
Job "task_wrapper (trigger: interval[0:05:08.878330], next run at: 2025-09-18 01:24:01 CEST)" executed successfully
{"alive": true, "rss_mb": 42.1, "cpu_percent": 0.0, "event": "heartbeat", "timestamp": "2025-09-17T23:19:15.353415Z", "level": "info"}
{"alive": true, "rss_mb": 42.1, "cpu_percent": 0.0, "event": "heartbeat", "timestamp": "2025-09-17T23:19:45.357115Z", "level": "info"}
Running job "task_wrapper (trigger: interval[0:15:38.604368], next run at: 2025-09-18 01:35:43 CEST)" (scheduled at 2025-09-18 01:20:04.806409+02:00)
{"task": "defillama", "ts": "2025-09-17T23:20:04.819731Z", "event": "task_start", "timestamp": "2025-09-17T23:20:04.819731Z", "level": "info"}
{"chain": "ethereum", "event": "defillama_cache_hit", "timestamp": "2025-09-17T23:20:04.820728Z", "level": "info"}
{"task": "defillama", "event": "task_ok", "timestamp": "2025-09-17T23:20:04.821726Z", "level": "info"}
{"task": "defillama", "duration": 0.002995, "event": "task_end", "timestamp": "2025-09-17T23:20:04.822726Z", "level": "info"}
Job "task_wrapper (trigger: interval[0:15:38.604368], next run at: 2025-09-18 01:35:43 CEST)" executed successfully
{"alive": true, "rss_mb": 42.1, "cpu_percent": 0.0, "event": "heartbeat", "timestamp": "2025-09-17T23:20:15.370850Z", "level": "info"}
{"alive": true, "rss_mb": 41.8, "cpu_percent": 0.0, "event": "heartbeat", "timestamp": "2025-09-17T23:20:45.388798Z", "level": "info"}
{"alive": true, "rss_mb": 41.8, "cpu_percent": 0.0, "event": "heartbeat", "timestamp": "2025-09-17T23:21:15.403845Z", "level": "info"}
{"alive": true, "rss_mb": 41.8, "cpu_percent": 0.0, "event": "heartbeat", "timestamp": "2025-09-17T23:21:45.415689Z", "level": "info"}
{"alive": true, "rss_mb": 41.8, "cpu_percent": 0.0, "event": "heartbeat", "timestamp": "2025-09-17T23:22:15.425498Z", "level": "info"}
Running job "task_wrapper (trigger: interval[0:05:03.285188], next run at: 2025-09-18 01:27:18 CEST)" (scheduled at 2025-09-18 01:22:15.603769+02:00)
{"task": "derivatives_lsr", "ts": "2025-09-17T23:22:15.615461Z", "event": "task_start", "timestamp": "2025-09-17T23:22:15.615461Z", "level": "info"}
HTTP Request: GET https://api.bybit.com/v5/market/account-ratio?category=linear&symbol=BTCUSDT&period=5min "HTTP/1.1 200 OK"
{"symbol": "BTCUSDT", "metric": "long_short_ratio", "source": "bybit", "event": "deriv_success", "timestamp": "2025-09-17T23:22:16.357078Z", "level": "info"}
{"task": "derivatives_lsr", "event": "task_ok", "timestamp": "2025-09-17T23:22:16.358081Z", "level": "info"}
{"task": "derivatives_lsr", "duration": 0.74262, "event": "task_end", "timestamp": "2025-09-17T23:22:16.358081Z", "level": "info"}
Job "task_wrapper (trigger: interval[0:05:03.285188], next run at: 2025-09-18 01:27:18 CEST)" executed successfully
{"alive": true, "rss_mb": 42.5, "cpu_percent": 0.0, "event": "heartbeat", "timestamp": "2025-09-17T23:22:45.432087Z", "level": "info"}
{"alive": true, "rss_mb": 42.5, "cpu_percent": 0.0, "event": "heartbeat", "timestamp": "2025-09-17T23:23:15.442947Z", "level": "info"}
Running job "task_wrapper (trigger: interval[0:05:07.070337], next run at: 2025-09-18 01:28:34 CEST)" (scheduled at 2025-09-18 01:23:27.520598+02:00)
{"task": "derivatives_oi", "ts": "2025-09-17T23:23:27.537666Z", "event": "task_start", "timestamp": "2025-09-17T23:23:27.537666Z", "level": "info"}
HTTP Request: GET https://api.bybit.com/v5/market/open-interest?category=linear&symbol=BTCUSDT&intervalTime=5min "HTTP/1.1 200 OK"
{"symbol": "BTCUSDT", "source": "bybit", "event": "deriv_success", "timestamp": "2025-09-17T23:23:28.245674Z", "level": "info"}
{"task": "derivatives_oi", "event": "task_ok", "timestamp": "2025-09-17T23:23:28.246673Z", "level": "info"}
{"task": "derivatives_oi", "duration": 0.710007, "event": "task_end", "timestamp": "2025-09-17T23:23:28.247673Z", "level": "info"}
Job "task_wrapper (trigger: interval[0:05:07.070337], next run at: 2025-09-18 01:28:34 CEST)" executed successfully
{"alive": true, "rss_mb": 43.3, "cpu_percent": 0.0, "event": "heartbeat", "timestamp": "2025-09-17T23:23:45.461148Z", "level": "info"}
Running job "task_wrapper (trigger: interval[0:05:08.878330], next run at: 2025-09-18 01:29:10 CEST)" (scheduled at 2025-09-18 01:24:01.866474+02:00)
{"task": "macro", "ts": "2025-09-17T23:24:01.885416Z", "event": "task_start", "timestamp": "2025-09-17T23:24:01.885416Z", "level": "info"}
{"symbol": "bitcoin", "event": "macro_cache_hit", "timestamp": "2025-09-17T23:24:01.886416Z", "level": "info"}
{"task": "macro", "event": "task_ok", "timestamp": "2025-09-17T23:24:01.887409Z", "level": "info"}
{"task": "macro", "duration": 0.002998, "event": "task_end", "timestamp": "2025-09-17T23:24:01.888414Z", "level": "info"}
Job "task_wrapper (trigger: interval[0:05:08.878330], next run at: 2025-09-18 01:29:10 CEST)" executed successfully
{"alive": true, "rss_mb": 43.3, "cpu_percent": 0.0, "event": "heartbeat", "timestamp": "2025-09-17T23:24:15.461185Z", "level": "info"}
{"alive": true, "rss_mb": 43.3, "cpu_percent": 0.0, "event": "heartbeat", "timestamp": "2025-09-17T23:24:45.476432Z", "level": "info"}
{"alive": true, "rss_mb": 43.3, "cpu_percent": 0.0, "event": "heartbeat", "timestamp": "2025-09-17T23:25:15.477860Z", "level": "info"}
{"alive": true, "rss_mb": 43.3, "cpu_percent": 0.0, "event": "heartbeat", "timestamp": "2025-09-17T23:25:45.494629Z", "level": "info"}
{"alive": true, "rss_mb": 43.3, "cpu_percent": 0.0, "event": "heartbeat", "timestamp": "2025-09-17T23:26:15.510154Z", "level": "info"}
{"alive": true, "rss_mb": 43.3, "cpu_percent": 0.0, "event": "heartbeat", "timestamp": "2025-09-17T23:26:45.525004Z", "level": "info"}
{"alive": true, "rss_mb": 43.3, "cpu_percent": 0.0, "event": "heartbeat", "timestamp": "2025-09-17T23:27:15.547814Z", "level": "info"}
Running job "task_wrapper (trigger: interval[0:05:03.285188], next run at: 2025-09-18 01:32:22 CEST)" (scheduled at 2025-09-18 01:27:18.888957+02:00)
{"task": "derivatives_lsr", "ts": "2025-09-17T23:27:18.903547Z", "event": "task_start", "timestamp": "2025-09-17T23:27:18.903547Z", "level": "info"}
HTTP Request: GET https://api.bybit.com/v5/market/account-ratio?category=linear&symbol=BTCUSDT&period=5min "HTTP/1.1 200 OK"
{"symbol": "BTCUSDT", "metric": "long_short_ratio", "source": "bybit", "event": "deriv_success", "timestamp": "2025-09-17T23:27:19.690244Z", "level": "info"}
{"task": "derivatives_lsr", "event": "task_ok", "timestamp": "2025-09-17T23:27:19.691256Z", "level": "info"}
{"task": "derivatives_lsr", "duration": 0.788711, "event": "task_end", "timestamp": "2025-09-17T23:27:19.692258Z", "level": "info"}
Job "task_wrapper (trigger: interval[0:05:03.285188], next run at: 2025-09-18 01:32:22 CEST)" executed successfully
{"alive": true, "rss_mb": 41.1, "cpu_percent": 0.0, "event": "heartbeat", "timestamp": "2025-09-17T23:27:45.565355Z", "level": "info"}
{"alive": true, "rss_mb": 41.1, "cpu_percent": 0.0, "event": "heartbeat", "timestamp": "2025-09-17T23:28:15.570208Z", "level": "info"}
Running job "task_wrapper (trigger: interval[0:05:07.070337], next run at: 2025-09-18 01:33:41 CEST)" (scheduled at 2025-09-18 01:28:34.590935+02:00)
{"task": "derivatives_oi", "ts": "2025-09-17T23:28:34.604871Z", "event": "task_start", "timestamp": "2025-09-17T23:28:34.604871Z", "level": "info"}
HTTP Request: GET https://api.bybit.com/v5/market/open-interest?category=linear&symbol=BTCUSDT&intervalTime=5min "HTTP/1.1 200 OK"
{"symbol": "BTCUSDT", "source": "bybit", "event": "deriv_success", "timestamp": "2025-09-17T23:28:35.329189Z", "level": "info"}
{"task": "derivatives_oi", "event": "task_ok", "timestamp": "2025-09-17T23:28:35.330910Z", "level": "info"}
{"task": "derivatives_oi", "duration": 0.726039, "event": "task_end", "timestamp": "2025-09-17T23:28:35.330910Z", "level": "info"}
Job "task_wrapper (trigger: interval[0:05:07.070337], next run at: 2025-09-18 01:33:41 CEST)" executed successfully
{"alive": true, "rss_mb": 41.2, "cpu_percent": 0.0, "event": "heartbeat", "timestamp": "2025-09-17T23:28:45.597662Z", "level": "info"}
Running job "task_wrapper (trigger: interval[0:05:08.878330], next run at: 2025-09-18 01:34:19 CEST)" (scheduled at 2025-09-18 01:29:10.744804+02:00)
{"task": "macro", "ts": "2025-09-17T23:29:10.765039Z", "event": "task_start", "timestamp": "2025-09-17T23:29:10.765039Z", "level": "info"}
{"symbol": "bitcoin", "event": "macro_cache_hit", "timestamp": "2025-09-17T23:29:10.766039Z", "level": "info"}
{"task": "macro", "event": "task_ok", "timestamp": "2025-09-17T23:29:10.766039Z", "level": "info"}
{"task": "macro", "duration": 0.001995, "event": "task_end", "timestamp": "2025-09-17T23:29:10.767034Z", "level": "info"}
Job "task_wrapper (trigger: interval[0:05:08.878330], next run at: 2025-09-18 01:34:19 CEST)" executed successfully
{"alive": true, "rss_mb": 41.2, "cpu_percent": 0.0, "event": "heartbeat", "timestamp": "2025-09-17T23:29:15.595189Z", "level": "info"}
{"alive": true, "rss_mb": 41.2, "cpu_percent": 0.0, "event": "heartbeat", "timestamp": "2025-09-17T23:29:45.607204Z", "level": "info"}
{"alive": true, "rss_mb": 41.2, "cpu_percent": 0.0, "event": "heartbeat", "timestamp": "2025-09-17T23:30:15.610568Z", "level": "info"}
{"alive": true, "rss_mb": 41.2, "cpu_percent": 0.0, "event": "heartbeat", "timestamp": "2025-09-17T23:30:45.617821Z", "level": "info"}
{"alive": true, "rss_mb": 41.2, "cpu_percent": 0.0, "event": "heartbeat", "timestamp": "2025-09-17T23:31:15.610487Z", "level": "info"}
{"alive": true, "rss_mb": 41.2, "cpu_percent": 0.0, "event": "heartbeat", "timestamp": "2025-09-17T23:31:45.623999Z", "level": "info"}
{"alive": true, "rss_mb": 41.2, "cpu_percent": 0.0, "event": "heartbeat", "timestamp": "2025-09-17T23:32:15.633393Z", "level": "info"}
Running job "task_wrapper (trigger: interval[0:05:03.285188], next run at: 2025-09-18 01:37:25 CEST)" (scheduled at 2025-09-18 01:32:22.174145+02:00)
{"task": "derivatives_lsr", "ts": "2025-09-17T23:32:22.199533Z", "event": "task_start", "timestamp": "2025-09-17T23:32:22.200522Z", "level": "info"}
HTTP Request: GET https://api.bybit.com/v5/market/account-ratio?category=linear&symbol=BTCUSDT&period=5min "HTTP/1.1 200 OK"
{"symbol": "BTCUSDT", "metric": "long_short_ratio", "source": "bybit", "event": "deriv_success", "timestamp": "2025-09-17T23:32:22.987175Z", "level": "info"}
{"task": "derivatives_lsr", "event": "task_ok", "timestamp": "2025-09-17T23:32:22.989181Z", "level": "info"}
{"task": "derivatives_lsr", "duration": 0.791641, "event": "task_end", "timestamp": "2025-09-17T23:32:22.991174Z", "level": "info"}
Job "task_wrapper (trigger: interval[0:05:03.285188], next run at: 2025-09-18 01:37:25 CEST)" executed successfully
{"alive": true, "rss_mb": 41.4, "cpu_percent": 0.0, "event": "heartbeat", "timestamp": "2025-09-17T23:32:45.639032Z", "level": "info"}
{"alive": true, "rss_mb": 41.4, "cpu_percent": 0.0, "event": "heartbeat", "timestamp": "2025-09-17T23:33:15.666360Z", "level": "info"}
Running job "task_wrapper (trigger: interval[0:05:07.070337], next run at: 2025-09-18 01:38:48 CEST)" (scheduled at 2025-09-18 01:33:41.661272+02:00)
{"task": "derivatives_oi", "ts": "2025-09-17T23:33:41.671742Z", "event": "task_start", "timestamp": "2025-09-17T23:33:41.671742Z", "level": "info"}
HTTP Request: GET https://api.bybit.com/v5/market/open-interest?category=linear&symbol=BTCUSDT&intervalTime=5min "HTTP/1.1 200 OK"
{"symbol": "BTCUSDT", "source": "bybit", "event": "deriv_success", "timestamp": "2025-09-17T23:33:42.412034Z", "level": "info"}
{"task": "derivatives_oi", "event": "task_ok", "timestamp": "2025-09-17T23:33:42.413035Z", "level": "info"}
{"task": "derivatives_oi", "duration": 0.742293, "event": "task_end", "timestamp": "2025-09-17T23:33:42.414035Z", "level": "info"}
Job "task_wrapper (trigger: interval[0:05:07.070337], next run at: 2025-09-18 01:38:48 CEST)" executed successfully
{"alive": true, "rss_mb": 41.8, "cpu_percent": 0.0, "event": "heartbeat", "timestamp": "2025-09-17T23:33:45.677967Z", "level": "info"}
{"alive": true, "rss_mb": 41.8, "cpu_percent": 0.0, "event": "heartbeat", "timestamp": "2025-09-17T23:34:15.689489Z", "level": "info"}
Running job "task_wrapper (trigger: interval[0:05:08.878330], next run at: 2025-09-18 01:39:28 CEST)" (scheduled at 2025-09-18 01:34:19.623134+02:00)
{"task": "macro", "ts": "2025-09-17T23:34:19.625903Z", "event": "task_start", "timestamp": "2025-09-17T23:34:19.625903Z", "level": "info"}
{"symbol": "bitcoin", "event": "macro_cache_hit", "timestamp": "2025-09-17T23:34:19.626911Z", "level": "info"}
{"task": "macro", "event": "task_ok", "timestamp": "2025-09-17T23:34:19.628909Z", "level": "info"}
{"task": "macro", "duration": 0.003006, "event": "task_end", "timestamp": "2025-09-17T23:34:19.628909Z", "level": "info"}
Job "task_wrapper (trigger: interval[0:05:08.878330], next run at: 2025-09-18 01:39:28 CEST)" executed successfully
{"alive": true, "rss_mb": 41.8, "cpu_percent": 0.0, "event": "heartbeat", "timestamp": "2025-09-17T23:34:45.706297Z", "level": "info"}
{"alive": true, "rss_mb": 41.8, "cpu_percent": 0.0, "event": "heartbeat", "timestamp": "2025-09-17T23:35:15.712107Z", "level": "info"}
Running job "task_wrapper (trigger: interval[0:15:38.604368], next run at: 2025-09-18 01:51:22 CEST)" (scheduled at 2025-09-18 01:35:43.410777+02:00)
{"task": "defillama", "ts": "2025-09-17T23:35:43.416619Z", "event": "task_start", "timestamp": "2025-09-17T23:35:43.416619Z", "level": "info"}
{"chain": "ethereum", "event": "defillama_cache_hit", "timestamp": "2025-09-17T23:35:43.418630Z", "level": "info"}
{"task": "defillama", "event": "task_ok", "timestamp": "2025-09-17T23:35:43.419612Z", "level": "info"}
{"task": "defillama", "duration": 0.004, "event": "task_end", "timestamp": "2025-09-17T23:35:43.420619Z", "level": "info"}
Job "task_wrapper (trigger: interval[0:15:38.604368], next run at: 2025-09-18 01:51:22 CEST)" executed successfully
{"alive": true, "rss_mb": 41.8, "cpu_percent": 0.0, "event": "heartbeat", "timestamp": "2025-09-17T23:35:45.728084Z", "level": "info"}
{"alive": true, "rss_mb": 41.6, "cpu_percent": 0.0, "event": "heartbeat", "timestamp": "2025-09-17T23:36:15.727197Z", "level": "info"}
{"alive": true, "rss_mb": 41.6, "cpu_percent": 0.0, "event": "heartbeat", "timestamp": "2025-09-17T23:36:45.741246Z", "level": "info"}
{"alive": true, "rss_mb": 41.6, "cpu_percent": 0.0, "event": "heartbeat", "timestamp": "2025-09-17T23:37:15.746179Z", "level": "info"}
Running job "task_wrapper (trigger: interval[0:05:03.285188], next run at: 2025-09-18 01:42:28 CEST)" (scheduled at 2025-09-18 01:37:25.459333+02:00)
{"task": "derivatives_lsr", "ts": "2025-09-17T23:37:25.473451Z", "event": "task_start", "timestamp": "2025-09-17T23:37:25.473451Z", "level": "info"}
HTTP Request: GET https://api.bybit.com/v5/market/account-ratio?category=linear&symbol=BTCUSDT&period=5min "HTTP/1.1 200 OK"
{"symbol": "BTCUSDT", "metric": "long_short_ratio", "source": "bybit", "event": "deriv_success", "timestamp": "2025-09-17T23:37:26.173400Z", "level": "info"}
{"task": "derivatives_lsr", "event": "task_ok", "timestamp": "2025-09-17T23:37:26.175384Z", "level": "info"}
{"task": "derivatives_lsr", "duration": 0.702931, "event": "task_end", "timestamp": "2025-09-17T23:37:26.176382Z", "level": "info"}
Job "task_wrapper (trigger: interval[0:05:03.285188], next run at: 2025-09-18 01:42:28 CEST)" executed successfully
{"alive": true, "rss_mb": 42.3, "cpu_percent": 0.0, "event": "heartbeat", "timestamp": "2025-09-17T23:37:45.749919Z", "level": "info"}
{"alive": true, "rss_mb": 42.3, "cpu_percent": 0.0, "event": "heartbeat", "timestamp": "2025-09-17T23:38:15.757468Z", "level": "info"}
{"alive": true, "rss_mb": 42.3, "cpu_percent": 0.0, "event": "heartbeat", "timestamp": "2025-09-17T23:38:45.773211Z", "level": "info"}
Running job "task_wrapper (trigger: interval[0:05:07.070337], next run at: 2025-09-18 01:43:55 CEST)" (scheduled at 2025-09-18 01:38:48.731609+02:00)
{"task": "derivatives_oi", "ts": "2025-09-17T23:38:48.738375Z", "event": "task_start", "timestamp": "2025-09-17T23:38:48.738375Z", "level": "info"}
{"symbol": "BTCUSDT", "event": "deriv_cache_hit", "timestamp": "2025-09-17T23:38:48.739360Z", "level": "info"}
{"task": "derivatives_oi", "event": "task_ok", "timestamp": "2025-09-17T23:38:48.740364Z", "level": "info"}
{"task": "derivatives_oi", "duration": 0.002984, "event": "task_end", "timestamp": "2025-09-17T23:38:48.741359Z", "level": "info"}
Job "task_wrapper (trigger: interval[0:05:07.070337], next run at: 2025-09-18 01:43:55 CEST)" executed successfully
{"alive": true, "rss_mb": 42.3, "cpu_percent": 0.0, "event": "heartbeat", "timestamp": "2025-09-17T23:39:15.785434Z", "level": "info"}
Running job "task_wrapper (trigger: interval[0:05:08.878330], next run at: 2025-09-18 01:44:37 CEST)" (scheduled at 2025-09-18 01:39:28.501464+02:00)
{"task": "macro", "ts": "2025-09-17T23:39:28.519480Z", "event": "task_start", "timestamp": "2025-09-17T23:39:28.519480Z", "level": "info"}
{"symbol": "bitcoin", "event": "macro_cache_hit", "timestamp": "2025-09-17T23:39:28.521485Z", "level": "info"}
{"task": "macro", "event": "task_ok", "timestamp": "2025-09-17T23:39:28.522498Z", "level": "info"}
{"task": "macro", "duration": 0.004, "event": "task_end", "timestamp": "2025-09-17T23:39:28.523480Z", "level": "info"}
Job "task_wrapper (trigger: interval[0:05:08.878330], next run at: 2025-09-18 01:44:37 CEST)" executed successfully
{"alive": true, "rss_mb": 42.3, "cpu_percent": 0.0, "event": "heartbeat", "timestamp": "2025-09-17T23:39:45.782596Z", "level": "info"}
{"alive": true, "rss_mb": 42.3, "cpu_percent": 0.0, "event": "heartbeat", "timestamp": "2025-09-17T23:40:15.786512Z", "level": "info"}
Running job "task_wrapper (trigger: interval[0:28:33.563456], next run at: 2025-09-18 02:09:00 CEST)" (scheduled at 2025-09-18 01:40:27.436026+02:00)
{"task": "onchain_hashrate", "ts": "2025-09-17T23:40:27.446568Z", "event": "task_start", "timestamp": "2025-09-17T23:40:27.446568Z", "level": "info"}
HTTP Request: GET https://api.blockchain.info/q/hashrate "HTTP/1.1 200 OK"
{"symbol": "BTC", "source": "blockchain.info", "event": "onchain_success", "timestamp": "2025-09-17T23:40:28.016093Z", "level": "info"}
{"task": "onchain_hashrate", "event": "task_ok", "timestamp": "2025-09-17T23:40:28.018147Z", "level": "info"}
{"task": "onchain_hashrate", "duration": 0.571579, "event": "task_end", "timestamp": "2025-09-17T23:40:28.018147Z", "level": "info"}
Job "task_wrapper (trigger: interval[0:28:33.563456], next run at: 2025-09-18 02:09:00 CEST)" executed successfully
{"alive": true, "rss_mb": 43.0, "cpu_percent": 0.0, "event": "heartbeat", "timestamp": "2025-09-17T23:40:45.801843Z", "level": "info"}
{"alive": true, "rss_mb": 43.0, "cpu_percent": 0.0, "event": "heartbeat", "timestamp": "2025-09-17T23:41:15.807516Z", "level": "info"}
{"alive": true, "rss_mb": 43.0, "cpu_percent": 0.0, "event": "heartbeat", "timestamp": "2025-09-17T23:41:45.822093Z", "level": "info"}
{"alive": true, "rss_mb": 43.0, "cpu_percent": 0.0, "event": "heartbeat", "timestamp": "2025-09-17T23:42:15.812010Z", "level": "info"}
Running job "task_wrapper (trigger: interval[0:05:03.285188], next run at: 2025-09-18 01:47:32 CEST)" (scheduled at 2025-09-18 01:42:28.744521+02:00)
{"task": "derivatives_lsr", "ts": "2025-09-17T23:42:28.750199Z", "event": "task_start", "timestamp": "2025-09-17T23:42:28.750199Z", "level": "info"}
HTTP Request: GET https://api.bybit.com/v5/market/account-ratio?category=linear&symbol=BTCUSDT&period=5min "HTTP/1.1 200 OK"
{"symbol": "BTCUSDT", "metric": "long_short_ratio", "source": "bybit", "event": "deriv_success", "timestamp": "2025-09-17T23:42:29.499185Z", "level": "info"}
{"task": "derivatives_lsr", "event": "task_ok", "timestamp": "2025-09-17T23:42:29.502192Z", "level": "info"}
{"task": "derivatives_lsr", "duration": 0.753986, "event": "task_end", "timestamp": "2025-09-17T23:42:29.504185Z", "level": "info"}
Job "task_wrapper (trigger: interval[0:05:03.285188], next run at: 2025-09-18 01:47:32 CEST)" executed successfully
{"alive": true, "rss_mb": 41.4, "cpu_percent": 0.0, "event": "heartbeat", "timestamp": "2025-09-17T23:42:45.832269Z", "level": "info"}
{"alive": true, "rss_mb": 41.4, "cpu_percent": 0.0, "event": "heartbeat", "timestamp": "2025-09-17T23:43:15.831271Z", "level": "info"}
{"alive": true, "rss_mb": 41.4, "cpu_percent": 0.0, "event": "heartbeat", "timestamp": "2025-09-17T23:43:45.837778Z", "level": "info"}
Running job "task_wrapper (trigger: interval[0:05:07.070337], next run at: 2025-09-18 01:49:02 CEST)" (scheduled at 2025-09-18 01:43:55.801946+02:00)
{"task": "derivatives_oi", "ts": "2025-09-17T23:43:55.817677Z", "event": "task_start", "timestamp": "2025-09-17T23:43:55.817677Z", "level": "info"}
{"symbol": "BTCUSDT", "event": "deriv_cache_hit", "timestamp": "2025-09-17T23:43:55.818675Z", "level": "info"}
{"task": "derivatives_oi", "event": "task_ok", "timestamp": "2025-09-17T23:43:55.819677Z", "level": "info"}
{"task": "derivatives_oi", "duration": 0.002, "event": "task_end", "timestamp": "2025-09-17T23:43:55.819677Z", "level": "info"}
Job "task_wrapper (trigger: interval[0:05:07.070337], next run at: 2025-09-18 01:49:02 CEST)" executed successfully
{"alive": true, "rss_mb": 41.4, "cpu_percent": 0.0, "event": "heartbeat", "timestamp": "2025-09-17T23:44:15.831819Z", "level": "info"}
Running job "task_wrapper (trigger: interval[0:05:08.878330], next run at: 2025-09-18 01:49:46 CEST)" (scheduled at 2025-09-18 01:44:37.379794+02:00)
{"task": "macro", "ts": "2025-09-17T23:44:37.400775Z", "event": "task_start", "timestamp": "2025-09-17T23:44:37.400775Z", "level": "info"}
{"symbol": "bitcoin", "event": "macro_cache_hit", "timestamp": "2025-09-17T23:44:37.401776Z", "level": "info"}
{"task": "macro", "event": "task_ok", "timestamp": "2025-09-17T23:44:37.402780Z", "level": "info"}
{"task": "macro", "duration": 0.002999, "event": "task_end", "timestamp": "2025-09-17T23:44:37.403774Z", "level": "info"}
Job "task_wrapper (trigger: interval[0:05:08.878330], next run at: 2025-09-18 01:49:46 CEST)" executed successfully
{"alive": true, "rss_mb": 41.4, "cpu_percent": 0.0, "event": "heartbeat", "timestamp": "2025-09-17T23:44:45.854711Z", "level": "info"}
Running job "task_wrapper (trigger: interval[0:29:42.286402], next run at: 2025-09-18 02:14:44 CEST)" (scheduled at 2025-09-18 01:45:02.328805+02:00)
{"task": "onchain_sopr", "ts": "2025-09-17T23:45:02.351535Z", "event": "task_start", "timestamp": "2025-09-17T23:45:02.351535Z", "level": "info"}
{"symbol": "BTC", "event": "onchain_cache_hit", "timestamp": "2025-09-17T23:45:02.352562Z", "level": "info"}
{"task": "onchain_sopr", "event": "task_ok", "timestamp": "2025-09-17T23:45:02.353568Z", "level": "info"}
{"task": "onchain_sopr", "duration": 0.003015, "event": "task_end", "timestamp": "2025-09-17T23:45:02.354550Z", "level": "info"}
Job "task_wrapper (trigger: interval[0:29:42.286402], next run at: 2025-09-18 02:14:44 CEST)" executed successfully
{"alive": true, "rss_mb": 41.4, "cpu_percent": 0.0, "event": "heartbeat", "timestamp": "2025-09-17T23:45:15.849178Z", "level": "info"}
Running job "task_wrapper (trigger: interval[0:29:49.249948], next run at: 2025-09-18 02:15:19 CEST)" (scheduled at 2025-09-18 01:45:30.180987+02:00)
{"task": "onchain_tx", "ts": "2025-09-17T23:45:30.195289Z", "event": "task_start", "timestamp": "2025-09-17T23:45:30.195289Z", "level": "info"}
HTTP Request: GET https://api.blockchain.info/q/getblockcount "HTTP/1.1 200 OK"
{"symbol": "BTC", "source": "blockchain.info", "event": "onchain_success", "timestamp": "2025-09-17T23:45:30.747702Z", "level": "info"}
{"task": "onchain_tx", "event": "task_ok", "timestamp": "2025-09-17T23:45:30.749705Z", "level": "info"}
{"task": "onchain_tx", "duration": 0.554416, "event": "task_end", "timestamp": "2025-09-17T23:45:30.749705Z", "level": "info"}
Job "task_wrapper (trigger: interval[0:29:49.249948], next run at: 2025-09-18 02:15:19 CEST)" executed successfully
{"alive": true, "rss_mb": 41.6, "cpu_percent": 0.0, "event": "heartbeat", "timestamp": "2025-09-17T23:45:45.850046Z", "level": "info"}
Running job "task_wrapper (trigger: interval[0:59:55.343029], next run at: 2025-09-18 02:45:59 CEST)" (scheduled at 2025-09-18 01:46:03.872255+02:00)
{"task": "sentiment_fg", "ts": "2025-09-17T23:46:03.889454Z", "event": "task_start", "timestamp": "2025-09-17T23:46:03.889454Z", "level": "info"}
HTTP Request: GET https://api.alternative.me/fng/ "HTTP/1.1 200 OK"
{"metric": "fear_greed", "source": "alternative.me", "event": "sentiment_success", "timestamp": "2025-09-17T23:46:04.720878Z", "level": "info"}
{"task": "sentiment_fg", "event": "task_ok", "timestamp": "2025-09-17T23:46:04.722882Z", "level": "info"}
{"task": "sentiment_fg", "duration": 0.834429, "event": "task_end", "timestamp": "2025-09-17T23:46:04.723883Z", "level": "info"}
Job "task_wrapper (trigger: interval[0:59:55.343029], next run at: 2025-09-18 02:45:59 CEST)" executed successfully
{"alive": true, "rss_mb": 41.8, "cpu_percent": 0.0, "event": "heartbeat", "timestamp": "2025-09-17T23:46:15.866944Z", "level": "info"}
{"alive": true, "rss_mb": 41.8, "cpu_percent": 0.0, "event": "heartbeat", "timestamp": "2025-09-17T23:46:45.883164Z", "level": "info"}
{"alive": true, "rss_mb": 41.8, "cpu_percent": 0.0, "event": "heartbeat", "timestamp": "2025-09-17T23:47:15.898684Z", "level": "info"}
Running job "task_wrapper (trigger: interval[0:05:03.285188], next run at: 2025-09-18 01:52:35 CEST)" (scheduled at 2025-09-18 01:47:32.029709+02:00)
{"task": "derivatives_lsr", "ts": "2025-09-17T23:47:32.036530Z", "event": "task_start", "timestamp": "2025-09-17T23:47:32.036530Z", "level": "info"}
HTTP Request: GET https://api.bybit.com/v5/market/account-ratio?category=linear&symbol=BTCUSDT&period=5min "HTTP/1.1 200 OK"
{"symbol": "BTCUSDT", "metric": "long_short_ratio", "source": "bybit", "event": "deriv_success", "timestamp": "2025-09-17T23:47:32.737858Z", "level": "info"}
{"task": "derivatives_lsr", "event": "task_ok", "timestamp": "2025-09-17T23:47:32.738851Z", "level": "info"}
{"task": "derivatives_lsr", "duration": 0.703328, "event": "task_end", "timestamp": "2025-09-17T23:47:32.739858Z", "level": "info"}
Job "task_wrapper (trigger: interval[0:05:03.285188], next run at: 2025-09-18 01:52:35 CEST)" executed successfully
{"alive": true, "rss_mb": 42.1, "cpu_percent": 0.0, "event": "heartbeat", "timestamp": "2025-09-17T23:47:45.900608Z", "level": "info"}
{"alive": true, "rss_mb": 42.1, "cpu_percent": 0.0, "event": "heartbeat", "timestamp": "2025-09-17T23:48:15.910900Z", "level": "info"}
{"alive": true, "rss_mb": 42.1, "cpu_percent": 0.0, "event": "heartbeat", "timestamp": "2025-09-17T23:48:45.920048Z", "level": "info"}
Running job "task_wrapper (trigger: interval[0:05:07.070337], next run at: 2025-09-18 01:54:09 CEST)" (scheduled at 2025-09-18 01:49:02.872283+02:00)
{"task": "derivatives_oi", "ts": "2025-09-17T23:49:02.898364Z", "event": "task_start", "timestamp": "2025-09-17T23:49:02.898364Z", "level": "info"}
{"symbol": "BTCUSDT", "event": "deriv_cache_hit", "timestamp": "2025-09-17T23:49:02.899363Z", "level": "info"}
{"task": "derivatives_oi", "event": "task_ok", "timestamp": "2025-09-17T23:49:02.900363Z", "level": "info"}
{"task": "derivatives_oi", "duration": 0.002998, "event": "task_end", "timestamp": "2025-09-17T23:49:02.901362Z", "level": "info"}
Job "task_wrapper (trigger: interval[0:05:07.070337], next run at: 2025-09-18 01:54:09 CEST)" executed successfully
{"alive": true, "rss_mb": 42.1, "cpu_percent": 0.0, "event": "heartbeat", "timestamp": "2025-09-17T23:49:15.929140Z", "level": "info"}
{"alive": true, "rss_mb": 42.1, "cpu_percent": 0.0, "event": "heartbeat", "timestamp": "2025-09-17T23:49:45.933802Z", "level": "info"}
Running job "task_wrapper (trigger: interval[0:05:08.878330], next run at: 2025-09-18 01:54:55 CEST)" (scheduled at 2025-09-18 01:49:46.258124+02:00)
{"task": "macro", "ts": "2025-09-17T23:49:46.278110Z", "event": "task_start", "timestamp": "2025-09-17T23:49:46.278110Z", "level": "info"}
{"symbol": "bitcoin", "event": "macro_cache_hit", "timestamp": "2025-09-17T23:49:46.279115Z", "level": "info"}
{"task": "macro", "event": "task_ok", "timestamp": "2025-09-17T23:49:46.280112Z", "level": "info"}
{"task": "macro", "duration": 0.002002, "event": "task_end", "timestamp": "2025-09-17T23:49:46.280112Z", "level": "info"}
Job "task_wrapper (trigger: interval[0:05:08.878330], next run at: 2025-09-18 01:54:55 CEST)" executed successfully
{"alive": true, "rss_mb": 42.1, "cpu_percent": 0.0, "event": "heartbeat", "timestamp": "2025-09-17T23:50:15.933594Z", "level": "info"}
{"alive": true, "rss_mb": 42.1, "cpu_percent": 0.0, "event": "heartbeat", "timestamp": "2025-09-17T23:50:45.948609Z", "level": "info"}
{"alive": true, "rss_mb": 41.9, "cpu_percent": 0.0, "event": "heartbeat", "timestamp": "2025-09-17T23:51:15.954443Z", "level": "info"}
Running job "task_wrapper (trigger: interval[0:15:38.604368], next run at: 2025-09-18 02:07:00 CEST)" (scheduled at 2025-09-18 01:51:22.015145+02:00)
{"task": "defillama", "ts": "2025-09-17T23:51:22.031765Z", "event": "task_start", "timestamp": "2025-09-17T23:51:22.031765Z", "level": "info"}
{"chain": "ethereum", "event": "defillama_cache_hit", "timestamp": "2025-09-17T23:51:22.032792Z", "level": "info"}
{"task": "defillama", "event": "task_ok", "timestamp": "2025-09-17T23:51:22.033775Z", "level": "info"}
{"task": "defillama", "duration": 0.003028, "event": "task_end", "timestamp": "2025-09-17T23:51:22.034793Z", "level": "info"}
Job "task_wrapper (trigger: interval[0:15:38.604368], next run at: 2025-09-18 02:07:00 CEST)" executed successfully
{"alive": true, "rss_mb": 41.9, "cpu_percent": 0.0, "event": "heartbeat", "timestamp": "2025-09-17T23:51:45.968689Z", "level": "info"}
{"alive": true, "rss_mb": 41.9, "cpu_percent": 0.0, "event": "heartbeat", "timestamp": "2025-09-17T23:52:15.974404Z", "level": "info"}
Running job "task_wrapper (trigger: interval[0:05:03.285188], next run at: 2025-09-18 01:57:38 CEST)" (scheduled at 2025-09-18 01:52:35.314897+02:00)
{"task": "derivatives_lsr", "ts": "2025-09-17T23:52:35.326494Z", "event": "task_start", "timestamp": "2025-09-17T23:52:35.326494Z", "level": "info"}
HTTP Request: GET https://api.bybit.com/v5/market/account-ratio?category=linear&symbol=BTCUSDT&period=5min "HTTP/1.1 200 OK"
{"symbol": "BTCUSDT", "metric": "long_short_ratio", "source": "bybit", "event": "deriv_success", "timestamp": "2025-09-17T23:52:36.082456Z", "level": "info"}
{"task": "derivatives_lsr", "event": "task_ok", "timestamp": "2025-09-17T23:52:36.083456Z", "level": "info"}
{"task": "derivatives_lsr", "duration": 0.756962, "event": "task_end", "timestamp": "2025-09-17T23:52:36.083456Z", "level": "info"}
Job "task_wrapper (trigger: interval[0:05:03.285188], next run at: 2025-09-18 01:57:38 CEST)" executed successfully
{"alive": true, "rss_mb": 42.5, "cpu_percent": 0.0, "event": "heartbeat", "timestamp": "2025-09-17T23:52:45.981609Z", "level": "info"}
{"alive": true, "rss_mb": 42.5, "cpu_percent": 0.0, "event": "heartbeat", "timestamp": "2025-09-17T23:53:15.991483Z", "level": "info"}
{"alive": true, "rss_mb": 42.5, "cpu_percent": 0.0, "event": "heartbeat", "timestamp": "2025-09-17T23:53:45.999195Z", "level": "info"}
Running job "task_wrapper (trigger: interval[0:05:07.070337], next run at: 2025-09-18 01:59:17 CEST)" (scheduled at 2025-09-18 01:54:09.942620+02:00)
{"task": "derivatives_oi", "ts": "2025-09-17T23:54:09.951554Z", "event": "task_start", "timestamp": "2025-09-17T23:54:09.951554Z", "level": "info"}
{"symbol": "BTCUSDT", "event": "deriv_cache_hit", "timestamp": "2025-09-17T23:54:09.952570Z", "level": "info"}
{"task": "derivatives_oi", "event": "task_ok", "timestamp": "2025-09-17T23:54:09.953566Z", "level": "info"}
{"task": "derivatives_oi", "duration": 0.003011, "event": "task_end", "timestamp": "2025-09-17T23:54:09.954565Z", "level": "info"}
Job "task_wrapper (trigger: interval[0:05:07.070337], next run at: 2025-09-18 01:59:17 CEST)" executed successfully
{"alive": true, "rss_mb": 42.5, "cpu_percent": 0.0, "event": "heartbeat", "timestamp": "2025-09-17T23:54:16.003779Z", "level": "info"}
{"alive": true, "rss_mb": 42.5, "cpu_percent": 0.0, "event": "heartbeat", "timestamp": "2025-09-17T23:54:46.007868Z", "level": "info"}
Running job "task_wrapper (trigger: interval[0:05:08.878330], next run at: 2025-09-18 02:00:04 CEST)" (scheduled at 2025-09-18 01:54:55.136454+02:00)
{"task": "macro", "ts": "2025-09-17T23:54:55.156751Z", "event": "task_start", "timestamp": "2025-09-17T23:54:55.156751Z", "level": "info"}
{"symbol": "bitcoin", "event": "macro_cache_hit", "timestamp": "2025-09-17T23:54:55.157743Z", "level": "info"}
{"task": "macro", "event": "task_ok", "timestamp": "2025-09-17T23:54:55.158744Z", "level": "info"}
{"task": "macro", "duration": 0.002992, "event": "task_end", "timestamp": "2025-09-17T23:54:55.159743Z", "level": "info"}
Job "task_wrapper (trigger: interval[0:05:08.878330], next run at: 2025-09-18 02:00:04 CEST)" executed successfully
{"alive": true, "rss_mb": 42.5, "cpu_percent": 0.0, "event": "heartbeat", "timestamp": "2025-09-17T23:55:16.019421Z", "level": "info"}
{"alive": true, "rss_mb": 42.5, "cpu_percent": 0.0, "event": "heartbeat", "timestamp": "2025-09-17T23:55:46.032736Z", "level": "info"}
{"alive": true, "rss_mb": 42.5, "cpu_percent": 0.0, "event": "heartbeat", "timestamp": "2025-09-17T23:56:16.056015Z", "level": "info"}
{"alive": true, "rss_mb": 42.5, "cpu_percent": 0.0, "event": "heartbeat", "timestamp": "2025-09-17T23:56:46.069363Z", "level": "info"}
{"alive": true, "rss_mb": 42.5, "cpu_percent": 0.0, "event": "heartbeat", "timestamp": "2025-09-17T23:57:16.073888Z", "level": "info"}
Running job "task_wrapper (trigger: interval[0:05:03.285188], next run at: 2025-09-18 02:02:41 CEST)" (scheduled at 2025-09-18 01:57:38.600085+02:00)
{"task": "derivatives_lsr", "ts": "2025-09-17T23:57:38.622124Z", "event": "task_start", "timestamp": "2025-09-17T23:57:38.622124Z", "level": "info"}
HTTP Request: GET https://api.bybit.com/v5/market/account-ratio?category=linear&symbol=BTCUSDT&period=5min "HTTP/1.1 200 OK"
{"symbol": "BTCUSDT", "metric": "long_short_ratio", "source": "bybit", "event": "deriv_success", "timestamp": "2025-09-17T23:57:39.340183Z", "level": "info"}
{"task": "derivatives_lsr", "event": "task_ok", "timestamp": "2025-09-17T23:57:39.343182Z", "level": "info"}
{"task": "derivatives_lsr", "duration": 0.722062, "event": "task_end", "timestamp": "2025-09-17T23:57:39.344186Z", "level": "info"}
Job "task_wrapper (trigger: interval[0:05:03.285188], next run at: 2025-09-18 02:02:41 CEST)" executed successfully
{"alive": true, "rss_mb": 41.0, "cpu_percent": 0.0, "event": "heartbeat", "timestamp": "2025-09-17T23:57:46.073065Z", "level": "info"}
{"alive": true, "rss_mb": 41.0, "cpu_percent": 0.0, "event": "heartbeat", "timestamp": "2025-09-17T23:58:16.071187Z", "level": "info"}
{"alive": true, "rss_mb": 41.0, "cpu_percent": 0.0, "event": "heartbeat", "timestamp": "2025-09-17T23:58:46.081440Z", "level": "info"}
{"alive": true, "rss_mb": 41.0, "cpu_percent": 0.0, "event": "heartbeat", "timestamp": "2025-09-17T23:59:16.102071Z", "level": "info"}
Running job "task_wrapper (trigger: interval[0:05:07.070337], next run at: 2025-09-18 02:04:24 CEST)" (scheduled at 2025-09-18 01:59:17.012957+02:00)
{"task": "derivatives_oi", "ts": "2025-09-17T23:59:17.025457Z", "event": "task_start", "timestamp": "2025-09-17T23:59:17.025457Z", "level": "info"}
{"symbol": "BTCUSDT", "event": "deriv_cache_hit", "timestamp": "2025-09-17T23:59:17.026454Z", "level": "info"}
{"task": "derivatives_oi", "event": "task_ok", "timestamp": "2025-09-17T23:59:17.027451Z", "level": "info"}
{"task": "derivatives_oi", "duration": 0.002993, "event": "task_end", "timestamp": "2025-09-17T23:59:17.028450Z", "level": "info"}
Job "task_wrapper (trigger: interval[0:05:07.070337], next run at: 2025-09-18 02:04:24 CEST)" executed successfully
{"alive": true, "rss_mb": 41.0, "cpu_percent": 0.0, "event": "heartbeat", "timestamp": "2025-09-17T23:59:46.123481Z", "level": "info"}
Running job "task_wrapper (trigger: interval[0:05:08.878330], next run at: 2025-09-18 02:05:12 CEST)" (scheduled at 2025-09-18 02:00:04.014784+02:00)
{"task": "macro", "ts": "2025-09-18T00:00:04.034839Z", "event": "task_start", "timestamp": "2025-09-18T00:00:04.034839Z", "level": "info"}
{"symbol": "bitcoin", "event": "macro_cache_hit", "timestamp": "2025-09-18T00:00:04.036842Z", "level": "info"}
{"task": "macro", "event": "task_ok", "timestamp": "2025-09-18T00:00:04.037840Z", "level": "info"}
{"task": "macro", "duration": 0.003999, "event": "task_end", "timestamp": "2025-09-18T00:00:04.038838Z", "level": "info"}
Job "task_wrapper (trigger: interval[0:05:08.878330], next run at: 2025-09-18 02:05:12 CEST)" executed successfully
{"alive": true, "rss_mb": 41.0, "cpu_percent": 0.0, "event": "heartbeat", "timestamp": "2025-09-18T00:00:16.123989Z", "level": "info"}
{"alive": true, "rss_mb": 41.0, "cpu_percent": 0.0, "event": "heartbeat", "timestamp": "2025-09-18T00:00:46.129238Z", "level": "info"}
{"alive": true, "rss_mb": 41.0, "cpu_percent": 0.0, "event": "heartbeat", "timestamp": "2025-09-18T00:01:16.145228Z", "level": "info"}
{"alive": true, "rss_mb": 41.0, "cpu_percent": 0.0, "event": "heartbeat", "timestamp": "2025-09-18T00:01:46.161929Z", "level": "info"}
{"alive": true, "rss_mb": 41.0, "cpu_percent": 0.0, "event": "heartbeat", "timestamp": "2025-09-18T00:02:16.165700Z", "level": "info"}
Running job "task_wrapper (trigger: interval[0:05:03.285188], next run at: 2025-09-18 02:07:45 CEST)" (scheduled at 2025-09-18 02:02:41.885273+02:00)
{"task": "derivatives_lsr", "ts": "2025-09-18T00:02:41.898257Z", "event": "task_start", "timestamp": "2025-09-18T00:02:41.898257Z", "level": "info"}
HTTP Request: GET https://api.bybit.com/v5/market/account-ratio?category=linear&symbol=BTCUSDT&period=5min "HTTP/1.1 200 OK"
{"symbol": "BTCUSDT", "metric": "long_short_ratio", "source": "bybit", "event": "deriv_success", "timestamp": "2025-09-18T00:02:42.625624Z", "level": "info"}
{"task": "derivatives_lsr", "event": "task_ok", "timestamp": "2025-09-18T00:02:42.626857Z", "level": "info"}
{"task": "derivatives_lsr", "duration": 0.7286, "event": "task_end", "timestamp": "2025-09-18T00:02:42.626857Z", "level": "info"}
Job "task_wrapper (trigger: interval[0:05:03.285188], next run at: 2025-09-18 02:07:45 CEST)" executed successfully
{"alive": true, "rss_mb": 41.1, "cpu_percent": 0.0, "event": "heartbeat", "timestamp": "2025-09-18T00:02:46.187085Z", "level": "info"}
{"alive": true, "rss_mb": 41.1, "cpu_percent": 0.0, "event": "heartbeat", "timestamp": "2025-09-18T00:03:16.181512Z", "level": "info"}
{"alive": true, "rss_mb": 41.1, "cpu_percent": 0.0, "event": "heartbeat", "timestamp": "2025-09-18T00:03:46.197983Z", "level": "info"}
{"alive": true, "rss_mb": 41.1, "cpu_percent": 0.0, "event": "heartbeat", "timestamp": "2025-09-18T00:04:16.210522Z", "level": "info"}
Running job "task_wrapper (trigger: interval[0:05:07.070337], next run at: 2025-09-18 02:09:31 CEST)" (scheduled at 2025-09-18 02:04:24.083294+02:00)
{"task": "derivatives_oi", "ts": "2025-09-18T00:04:24.090148Z", "event": "task_start", "timestamp": "2025-09-18T00:04:24.090148Z", "level": "info"}
{"symbol": "BTCUSDT", "event": "deriv_cache_hit", "timestamp": "2025-09-18T00:04:24.091144Z", "level": "info"}
{"task": "derivatives_oi", "event": "task_ok", "timestamp": "2025-09-18T00:04:24.092238Z", "level": "info"}
{"task": "derivatives_oi", "duration": 0.003106, "event": "task_end", "timestamp": "2025-09-18T00:04:24.093254Z", "level": "info"}
Job "task_wrapper (trigger: interval[0:05:07.070337], next run at: 2025-09-18 02:09:31 CEST)" executed successfully
{"alive": true, "rss_mb": 41.1, "cpu_percent": 0.0, "event": "heartbeat", "timestamp": "2025-09-18T00:04:46.234614Z", "level": "info"}
Running job "task_wrapper (trigger: interval[0:05:08.878330], next run at: 2025-09-18 02:10:21 CEST)" (scheduled at 2025-09-18 02:05:12.893114+02:00)
{"task": "macro", "ts": "2025-09-18T00:05:12.914761Z", "event": "task_start", "timestamp": "2025-09-18T00:05:12.914761Z", "level": "info"}
{"symbol": "bitcoin", "event": "macro_cache_hit", "timestamp": "2025-09-18T00:05:12.915748Z", "level": "info"}
{"task": "macro", "event": "task_ok", "timestamp": "2025-09-18T00:05:12.916746Z", "level": "info"}
{"task": "macro", "duration": 0.002986, "event": "task_end", "timestamp": "2025-09-18T00:05:12.917747Z", "level": "info"}
Job "task_wrapper (trigger: interval[0:05:08.878330], next run at: 2025-09-18 02:10:21 CEST)" executed successfully
{"alive": true, "rss_mb": 41.1, "cpu_percent": 0.0, "event": "heartbeat", "timestamp": "2025-09-18T00:05:16.236209Z", "level": "info"}
{"alive": true, "rss_mb": 41.1, "cpu_percent": 0.0, "event": "heartbeat", "timestamp": "2025-09-18T00:05:46.239615Z", "level": "info"}
{"alive": true, "rss_mb": 41.0, "cpu_percent": 0.0, "event": "heartbeat", "timestamp": "2025-09-18T00:06:16.244394Z", "level": "info"}
{"alive": true, "rss_mb": 41.0, "cpu_percent": 0.0, "event": "heartbeat", "timestamp": "2025-09-18T00:06:46.259578Z", "level": "info"}
Running job "task_wrapper (trigger: interval[0:15:38.604368], next run at: 2025-09-18 02:22:39 CEST)" (scheduled at 2025-09-18 02:07:00.619513+02:00)
{"task": "defillama", "ts": "2025-09-18T00:07:00.639316Z", "event": "task_start", "timestamp": "2025-09-18T00:07:00.639316Z", "level": "info"}
{"chain": "ethereum", "event": "defillama_cache_hit", "timestamp": "2025-09-18T00:07:00.641315Z", "level": "info"}
{"task": "defillama", "event": "task_ok", "timestamp": "2025-09-18T00:07:00.642313Z", "level": "info"}
{"task": "defillama", "duration": 0.003995, "event": "task_end", "timestamp": "2025-09-18T00:07:00.643311Z", "level": "info"}
Job "task_wrapper (trigger: interval[0:15:38.604368], next run at: 2025-09-18 02:22:39 CEST)" executed successfully
{"alive": true, "rss_mb": 41.0, "cpu_percent": 0.0, "event": "heartbeat", "timestamp": "2025-09-18T00:07:16.281369Z", "level": "info"}
Running job "task_wrapper (trigger: interval[0:05:03.285188], next run at: 2025-09-18 02:12:48 CEST)" (scheduled at 2025-09-18 02:07:45.170461+02:00)
{"task": "derivatives_lsr", "ts": "2025-09-18T00:07:45.193989Z", "event": "task_start", "timestamp": "2025-09-18T00:07:45.193989Z", "level": "info"}
HTTP Request: GET https://api.bybit.com/v5/market/account-ratio?category=linear&symbol=BTCUSDT&period=5min "HTTP/1.1 200 OK"
{"symbol": "BTCUSDT", "metric": "long_short_ratio", "source": "bybit", "event": "deriv_success", "timestamp": "2025-09-18T00:07:45.900375Z", "level": "info"}
{"task": "derivatives_lsr", "event": "task_ok", "timestamp": "2025-09-18T00:07:45.902376Z", "level": "info"}
{"task": "derivatives_lsr", "duration": 0.708387, "event": "task_end", "timestamp": "2025-09-18T00:07:45.902376Z", "level": "info"}
Job "task_wrapper (trigger: interval[0:05:03.285188], next run at: 2025-09-18 02:12:48 CEST)" executed successfully
{"alive": true, "rss_mb": 41.2, "cpu_percent": 0.0, "event": "heartbeat", "timestamp": "2025-09-18T00:07:46.288199Z", "level": "info"}
{"alive": true, "rss_mb": 41.2, "cpu_percent": 0.0, "event": "heartbeat", "timestamp": "2025-09-18T00:08:16.282471Z", "level": "info"}
{"alive": true, "rss_mb": 41.2, "cpu_percent": 0.0, "event": "heartbeat", "timestamp": "2025-09-18T00:08:46.298837Z", "level": "info"}
Running job "task_wrapper (trigger: interval[0:28:33.563456], next run at: 2025-09-18 02:37:34 CEST)" (scheduled at 2025-09-18 02:09:00.999482+02:00)
{"task": "onchain_hashrate", "ts": "2025-09-18T00:09:01.014207Z", "event": "task_start", "timestamp": "2025-09-18T00:09:01.014207Z", "level": "info"}
HTTP Request: GET https://api.blockchain.info/q/hashrate "HTTP/1.1 200 OK"
{"symbol": "BTC", "source": "blockchain.info", "event": "onchain_success", "timestamp": "2025-09-18T00:09:01.586204Z", "level": "info"}
{"task": "onchain_hashrate", "event": "task_ok", "timestamp": "2025-09-18T00:09:01.588189Z", "level": "info"}
{"task": "onchain_hashrate", "duration": 0.574986, "event": "task_end", "timestamp": "2025-09-18T00:09:01.589193Z", "level": "info"}
Job "task_wrapper (trigger: interval[0:28:33.563456], next run at: 2025-09-18 02:37:34 CEST)" executed successfully
{"alive": true, "rss_mb": 41.7, "cpu_percent": 0.0, "event": "heartbeat", "timestamp": "2025-09-18T00:09:16.307897Z", "level": "info"}
Running job "task_wrapper (trigger: interval[0:05:07.070337], next run at: 2025-09-18 02:14:38 CEST)" (scheduled at 2025-09-18 02:09:31.153631+02:00)
{"task": "derivatives_oi", "ts": "2025-09-18T00:09:31.164633Z", "event": "task_start", "timestamp": "2025-09-18T00:09:31.164633Z", "level": "info"}
{"symbol": "BTCUSDT", "event": "deriv_cache_hit", "timestamp": "2025-09-18T00:09:31.165626Z", "level": "info"}
{"task": "derivatives_oi", "event": "task_ok", "timestamp": "2025-09-18T00:09:31.165626Z", "level": "info"}
{"task": "derivatives_oi", "duration": 0.001995, "event": "task_end", "timestamp": "2025-09-18T00:09:31.166628Z", "level": "info"}
Job "task_wrapper (trigger: interval[0:05:07.070337], next run at: 2025-09-18 02:14:38 CEST)" executed successfully
{"alive": true, "rss_mb": 41.7, "cpu_percent": 0.0, "event": "heartbeat", "timestamp": "2025-09-18T00:09:46.331528Z", "level": "info"}
{"alive": true, "rss_mb": 41.7, "cpu_percent": 0.0, "event": "heartbeat", "timestamp": "2025-09-18T00:10:16.339740Z", "level": "info"}
Running job "task_wrapper (trigger: interval[0:05:08.878330], next run at: 2025-09-18 02:15:30 CEST)" (scheduled at 2025-09-18 02:10:21.771444+02:00)
{"task": "macro", "ts": "2025-09-18T00:10:21.787123Z", "event": "task_start", "timestamp": "2025-09-18T00:10:21.787123Z", "level": "info"}
{"symbol": "bitcoin", "event": "macro_cache_hit", "timestamp": "2025-09-18T00:10:21.788124Z", "level": "info"}
{"task": "macro", "event": "task_ok", "timestamp": "2025-09-18T00:10:21.789136Z", "level": "info"}
{"task": "macro", "duration": 0.003021, "event": "task_end", "timestamp": "2025-09-18T00:10:21.790144Z", "level": "info"}
Job "task_wrapper (trigger: interval[0:05:08.878330], next run at: 2025-09-18 02:15:30 CEST)" executed successfully
{"alive": true, "rss_mb": 41.7, "cpu_percent": 0.0, "event": "heartbeat", "timestamp": "2025-09-18T00:10:46.366300Z", "level": "info"}
{"alive": true, "rss_mb": 41.7, "cpu_percent": 0.0, "event": "heartbeat", "timestamp": "2025-09-18T00:11:16.366358Z", "level": "info"}
{"alive": true, "rss_mb": 41.7, "cpu_percent": 0.0, "event": "heartbeat", "timestamp": "2025-09-18T00:11:46.378682Z", "level": "info"}
{"alive": true, "rss_mb": 41.7, "cpu_percent": 0.0, "event": "heartbeat", "timestamp": "2025-09-18T00:12:16.381437Z", "level": "info"}
{"alive": true, "rss_mb": 41.7, "cpu_percent": 0.0, "event": "heartbeat", "timestamp": "2025-09-18T00:12:46.396355Z", "level": "info"}
Running job "task_wrapper (trigger: interval[0:05:03.285188], next run at: 2025-09-18 02:17:51 CEST)" (scheduled at 2025-09-18 02:12:48.455649+02:00)
{"task": "derivatives_lsr", "ts": "2025-09-18T00:12:48.462181Z", "event": "task_start", "timestamp": "2025-09-18T00:12:48.462181Z", "level": "info"}
HTTP Request: GET https://api.bybit.com/v5/market/account-ratio?category=linear&symbol=BTCUSDT&period=5min "HTTP/1.1 200 OK"
{"symbol": "BTCUSDT", "metric": "long_short_ratio", "source": "bybit", "event": "deriv_success", "timestamp": "2025-09-18T00:12:49.187768Z", "level": "info"}
{"task": "derivatives_lsr", "event": "task_ok", "timestamp": "2025-09-18T00:12:49.189451Z", "level": "info"}
{"task": "derivatives_lsr", "duration": 0.727796, "event": "task_end", "timestamp": "2025-09-18T00:12:49.190559Z", "level": "info"}
Job "task_wrapper (trigger: interval[0:05:03.285188], next run at: 2025-09-18 02:17:51 CEST)" executed successfully
{"alive": true, "rss_mb": 42.4, "cpu_percent": 0.0, "event": "heartbeat", "timestamp": "2025-09-18T00:13:16.402255Z", "level": "info"}
{"alive": true, "rss_mb": 42.4, "cpu_percent": 0.0, "event": "heartbeat", "timestamp": "2025-09-18T00:13:46.407732Z", "level": "info"}
{"alive": true, "rss_mb": 42.4, "cpu_percent": 0.0, "event": "heartbeat", "timestamp": "2025-09-18T00:14:16.412251Z", "level": "info"}
Running job "task_wrapper (trigger: interval[0:05:07.070337], next run at: 2025-09-18 02:19:45 CEST)" (scheduled at 2025-09-18 02:14:38.223968+02:00)
{"task": "derivatives_oi", "ts": "2025-09-18T00:14:38.230014Z", "event": "task_start", "timestamp": "2025-09-18T00:14:38.230014Z", "level": "info"}
{"symbol": "BTCUSDT", "event": "deriv_cache_hit", "timestamp": "2025-09-18T00:14:38.231014Z", "level": "info"}
{"task": "derivatives_oi", "event": "task_ok", "timestamp": "2025-09-18T00:14:38.232014Z", "level": "info"}
{"task": "derivatives_oi", "duration": 0.002, "event": "task_end", "timestamp": "2025-09-18T00:14:38.232014Z", "level": "info"}
Job "task_wrapper (trigger: interval[0:05:07.070337], next run at: 2025-09-18 02:19:45 CEST)" executed successfully
Running job "task_wrapper (trigger: interval[0:29:42.286402], next run at: 2025-09-18 02:44:26 CEST)" (scheduled at 2025-09-18 02:14:44.615207+02:00)
{"task": "onchain_sopr", "ts": "2025-09-18T00:14:44.636277Z", "event": "task_start", "timestamp": "2025-09-18T00:14:44.636277Z", "level": "info"}
{"symbol": "BTC", "event": "onchain_cache_hit", "timestamp": "2025-09-18T00:14:44.637276Z", "level": "info"}
{"task": "onchain_sopr", "event": "task_ok", "timestamp": "2025-09-18T00:14:44.638280Z", "level": "info"}
{"task": "onchain_sopr", "duration": 0.003003, "event": "task_end", "timestamp": "2025-09-18T00:14:44.639280Z", "level": "info"}
Job "task_wrapper (trigger: interval[0:29:42.286402], next run at: 2025-09-18 02:44:26 CEST)" executed successfully
{"alive": true, "rss_mb": 42.4, "cpu_percent": 0.0, "event": "heartbeat", "timestamp": "2025-09-18T00:14:46.436786Z", "level": "info"}
{"alive": true, "rss_mb": 42.4, "cpu_percent": 0.0, "event": "heartbeat", "timestamp": "2025-09-18T00:15:16.437018Z", "level": "info"}
Running job "task_wrapper (trigger: interval[0:29:49.249948], next run at: 2025-09-18 02:45:08 CEST)" (scheduled at 2025-09-18 02:15:19.430935+02:00)
{"task": "onchain_tx", "ts": "2025-09-18T00:15:19.441121Z", "event": "task_start", "timestamp": "2025-09-18T00:15:19.441121Z", "level": "info"}
HTTP Request: GET https://api.blockchain.info/q/getblockcount "HTTP/1.1 200 OK"
{"symbol": "BTC", "source": "blockchain.info", "event": "onchain_success", "timestamp": "2025-09-18T00:15:20.060061Z", "level": "info"}
{"task": "onchain_tx", "event": "task_ok", "timestamp": "2025-09-18T00:15:20.062046Z", "level": "info"}
{"task": "onchain_tx", "duration": 0.621923, "event": "task_end", "timestamp": "2025-09-18T00:15:20.063044Z", "level": "info"}
Job "task_wrapper (trigger: interval[0:29:49.249948], next run at: 2025-09-18 02:45:08 CEST)" executed successfully
Running job "task_wrapper (trigger: interval[0:05:08.878330], next run at: 2025-09-18 02:20:39 CEST)" (scheduled at 2025-09-18 02:15:30.649774+02:00)
{"task": "macro", "ts": "2025-09-18T00:15:30.660810Z", "event": "task_start", "timestamp": "2025-09-18T00:15:30.660810Z", "level": "info"}
{"symbol": "bitcoin", "event": "macro_cache_hit", "timestamp": "2025-09-18T00:15:30.662813Z", "level": "info"}
{"task": "macro", "event": "task_ok", "timestamp": "2025-09-18T00:15:30.663810Z", "level": "info"}
{"task": "macro", "duration": 0.004003, "event": "task_end", "timestamp": "2025-09-18T00:15:30.664813Z", "level": "info"}
Job "task_wrapper (trigger: interval[0:05:08.878330], next run at: 2025-09-18 02:20:39 CEST)" executed successfully
{"alive": true, "rss_mb": 41.1, "cpu_percent": 0.0, "event": "heartbeat", "timestamp": "2025-09-18T00:15:46.447469Z", "level": "info"}
{"alive": true, "rss_mb": 41.1, "cpu_percent": 0.0, "event": "heartbeat", "timestamp": "2025-09-18T00:16:16.460102Z", "level": "info"}
{"alive": true, "rss_mb": 41.1, "cpu_percent": 0.0, "event": "heartbeat", "timestamp": "2025-09-18T00:16:46.461693Z", "level": "info"}
{"alive": true, "rss_mb": 41.1, "cpu_percent": 0.0, "event": "heartbeat", "timestamp": "2025-09-18T00:17:16.467064Z", "level": "info"}
{"alive": true, "rss_mb": 41.1, "cpu_percent": 0.0, "event": "heartbeat", "timestamp": "2025-09-18T00:17:46.483156Z", "level": "info"}
Running job "task_wrapper (trigger: interval[0:05:03.285188], next run at: 2025-09-18 02:22:55 CEST)" (scheduled at 2025-09-18 02:17:51.740837+02:00)
{"task": "derivatives_lsr", "ts": "2025-09-18T00:17:51.756764Z", "event": "task_start", "timestamp": "2025-09-18T00:17:51.757748Z", "level": "info"}
HTTP Request: GET https://api.bybit.com/v5/market/account-ratio?category=linear&symbol=BTCUSDT&period=5min "HTTP/1.1 200 OK"
{"symbol": "BTCUSDT", "metric": "long_short_ratio", "source": "bybit", "event": "deriv_success", "timestamp": "2025-09-18T00:17:52.489910Z", "level": "info"}
{"task": "derivatives_lsr", "event": "task_ok", "timestamp": "2025-09-18T00:17:52.491895Z", "level": "info"}
{"task": "derivatives_lsr", "duration": 0.736127, "event": "task_end", "timestamp": "2025-09-18T00:17:52.492891Z", "level": "info"}
Job "task_wrapper (trigger: interval[0:05:03.285188], next run at: 2025-09-18 02:22:55 CEST)" executed successfully
{"alive": true, "rss_mb": 41.1, "cpu_percent": 0.0, "event": "heartbeat", "timestamp": "2025-09-18T00:18:16.485931Z", "level": "info"}
{"alive": true, "rss_mb": 41.1, "cpu_percent": 0.0, "event": "heartbeat", "timestamp": "2025-09-18T00:18:46.492817Z", "level": "info"}
{"alive": true, "rss_mb": 41.1, "cpu_percent": 0.0, "event": "heartbeat", "timestamp": "2025-09-18T00:19:16.507757Z", "level": "info"}
Running job "task_wrapper (trigger: interval[0:05:07.070337], next run at: 2025-09-18 02:24:52 CEST)" (scheduled at 2025-09-18 02:19:45.294305+02:00)
{"task": "derivatives_oi", "ts": "2025-09-18T00:19:45.306244Z", "event": "task_start", "timestamp": "2025-09-18T00:19:45.306244Z", "level": "info"}
{"symbol": "BTCUSDT", "event": "deriv_cache_hit", "timestamp": "2025-09-18T00:19:45.307247Z", "level": "info"}
{"task": "derivatives_oi", "event": "task_ok", "timestamp": "2025-09-18T00:19:45.308250Z", "level": "info"}
{"task": "derivatives_oi", "duration": 0.003007, "event": "task_end", "timestamp": "2025-09-18T00:19:45.309251Z", "level": "info"}
Job "task_wrapper (trigger: interval[0:05:07.070337], next run at: 2025-09-18 02:24:52 CEST)" executed successfully
{"alive": true, "rss_mb": 41.1, "cpu_percent": 0.0, "event": "heartbeat", "timestamp": "2025-09-18T00:19:46.527528Z", "level": "info"}
{"alive": true, "rss_mb": 41.1, "cpu_percent": 0.0, "event": "heartbeat", "timestamp": "2025-09-18T00:20:16.537693Z", "level": "info"}
Running job "task_wrapper (trigger: interval[0:05:08.878330], next run at: 2025-09-18 02:25:48 CEST)" (scheduled at 2025-09-18 02:20:39.528104+02:00)
{"task": "macro", "ts": "2025-09-18T00:20:39.535813Z", "event": "task_start", "timestamp": "2025-09-18T00:20:39.535813Z", "level": "info"}
{"symbol": "bitcoin", "event": "macro_cache_hit", "timestamp": "2025-09-18T00:20:39.536811Z", "level": "info"}
{"task": "macro", "event": "task_ok", "timestamp": "2025-09-18T00:20:39.538830Z", "level": "info"}
{"task": "macro", "duration": 0.00401, "event": "task_end", "timestamp": "2025-09-18T00:20:39.539823Z", "level": "info"}
Job "task_wrapper (trigger: interval[0:05:08.878330], next run at: 2025-09-18 02:25:48 CEST)" executed successfully
{"alive": true, "rss_mb": 41.1, "cpu_percent": 0.0, "event": "heartbeat", "timestamp": "2025-09-18T00:20:46.555469Z", "level": "info"}
{"alive": true, "rss_mb": 41.0, "cpu_percent": 0.0, "event": "heartbeat", "timestamp": "2025-09-18T00:21:16.567107Z", "level": "info"}
{"alive": true, "rss_mb": 41.0, "cpu_percent": 0.0, "event": "heartbeat", "timestamp": "2025-09-18T00:21:46.571923Z", "level": "info"}
{"alive": true, "rss_mb": 41.0, "cpu_percent": 0.0, "event": "heartbeat", "timestamp": "2025-09-18T00:22:16.588444Z", "level": "info"}
Running job "task_wrapper (trigger: interval[0:15:38.604368], next run at: 2025-09-18 02:38:17 CEST)" (scheduled at 2025-09-18 02:22:39.223881+02:00)
{"task": "defillama", "ts": "2025-09-18T00:22:39.233165Z", "event": "task_start", "timestamp": "2025-09-18T00:22:39.233165Z", "level": "info"}
{"chain": "ethereum", "event": "defillama_cache_hit", "timestamp": "2025-09-18T00:22:39.234168Z", "level": "info"}
{"task": "defillama", "event": "task_ok", "timestamp": "2025-09-18T00:22:39.236167Z", "level": "info"}
{"task": "defillama", "duration": 0.004, "event": "task_end", "timestamp": "2025-09-18T00:22:39.237165Z", "level": "info"}
Job "task_wrapper (trigger: interval[0:15:38.604368], next run at: 2025-09-18 02:38:17 CEST)" executed successfully
{"alive": true, "rss_mb": 41.0, "cpu_percent": 0.0, "event": "heartbeat", "timestamp": "2025-09-18T00:22:46.598339Z", "level": "info"}
Running job "task_wrapper (trigger: interval[0:05:03.285188], next run at: 2025-09-18 02:27:58 CEST)" (scheduled at 2025-09-18 02:22:55.026025+02:00)
{"task": "derivatives_lsr", "ts": "2025-09-18T00:22:55.040488Z", "event": "task_start", "timestamp": "2025-09-18T00:22:55.040488Z", "level": "info"}
HTTP Request: GET https://api.bybit.com/v5/market/account-ratio?category=linear&symbol=BTCUSDT&period=5min "HTTP/1.1 200 OK"
{"symbol": "BTCUSDT", "metric": "long_short_ratio", "source": "bybit", "event": "deriv_success", "timestamp": "2025-09-18T00:22:55.742445Z", "level": "info"}
{"task": "derivatives_lsr", "event": "task_ok", "timestamp": "2025-09-18T00:22:55.743425Z", "level": "info"}
{"task": "derivatives_lsr", "duration": 0.703938, "event": "task_end", "timestamp": "2025-09-18T00:22:55.744426Z", "level": "info"}
Job "task_wrapper (trigger: interval[0:05:03.285188], next run at: 2025-09-18 02:27:58 CEST)" executed successfully
{"alive": true, "rss_mb": 41.2, "cpu_percent": 0.0, "event": "heartbeat", "timestamp": "2025-09-18T00:23:16.597281Z", "level": "info"}
{"alive": true, "rss_mb": 41.2, "cpu_percent": 0.0, "event": "heartbeat", "timestamp": "2025-09-18T00:23:46.599825Z", "level": "info"}
{"alive": true, "rss_mb": 41.2, "cpu_percent": 0.0, "event": "heartbeat", "timestamp": "2025-09-18T00:24:16.592576Z", "level": "info"}
{"alive": true, "rss_mb": 41.2, "cpu_percent": 0.0, "event": "heartbeat", "timestamp": "2025-09-18T00:24:46.606569Z", "level": "info"}
Running job "task_wrapper (trigger: interval[0:05:07.070337], next run at: 2025-09-18 02:29:59 CEST)" (scheduled at 2025-09-18 02:24:52.364642+02:00)
{"task": "derivatives_oi", "ts": "2025-09-18T00:24:52.378477Z", "event": "task_start", "timestamp": "2025-09-18T00:24:52.378477Z", "level": "info"}
{"symbol": "BTCUSDT", "event": "deriv_cache_hit", "timestamp": "2025-09-18T00:24:52.380480Z", "level": "info"}
{"task": "derivatives_oi", "event": "task_ok", "timestamp": "2025-09-18T00:24:52.381478Z", "level": "info"}
{"task": "derivatives_oi", "duration": 0.003998, "event": "task_end", "timestamp": "2025-09-18T00:24:52.382475Z", "level": "info"}
Job "task_wrapper (trigger: interval[0:05:07.070337], next run at: 2025-09-18 02:29:59 CEST)" executed successfully
{"alive": true, "rss_mb": 41.2, "cpu_percent": 0.0, "event": "heartbeat", "timestamp": "2025-09-18T00:25:16.617073Z", "level": "info"}
{"alive": true, "rss_mb": 41.2, "cpu_percent": 0.0, "event": "heartbeat", "timestamp": "2025-09-18T00:25:46.620321Z", "level": "info"}
Running job "task_wrapper (trigger: interval[0:05:08.878330], next run at: 2025-09-18 02:30:57 CEST)" (scheduled at 2025-09-18 02:25:48.406434+02:00)
{"task": "macro", "ts": "2025-09-18T00:25:48.419107Z", "event": "task_start", "timestamp": "2025-09-18T00:25:48.419107Z", "level": "info"}
{"symbol": "bitcoin", "event": "macro_cache_hit", "timestamp": "2025-09-18T00:25:48.420104Z", "level": "info"}
{"task": "macro", "event": "task_ok", "timestamp": "2025-09-18T00:25:48.421110Z", "level": "info"}
{"task": "macro", "duration": 0.002003, "event": "task_end", "timestamp": "2025-09-18T00:25:48.421110Z", "level": "info"}
Job "task_wrapper (trigger: interval[0:05:08.878330], next run at: 2025-09-18 02:30:57 CEST)" executed successfully
{"alive": true, "rss_mb": 41.2, "cpu_percent": 0.0, "event": "heartbeat", "timestamp": "2025-09-18T00:26:16.635570Z", "level": "info"}
{"alive": true, "rss_mb": 41.2, "cpu_percent": 0.0, "event": "heartbeat", "timestamp": "2025-09-18T00:26:46.637948Z", "level": "info"}
{"alive": true, "rss_mb": 41.2, "cpu_percent": 0.0, "event": "heartbeat", "timestamp": "2025-09-18T00:27:16.646377Z", "level": "info"}
{"alive": true, "rss_mb": 41.2, "cpu_percent": 0.0, "event": "heartbeat", "timestamp": "2025-09-18T00:27:46.651029Z", "level": "info"}
Running job "task_wrapper (trigger: interval[0:05:03.285188], next run at: 2025-09-18 02:33:01 CEST)" (scheduled at 2025-09-18 02:27:58.311213+02:00)
{"task": "derivatives_lsr", "ts": "2025-09-18T00:27:58.321462Z", "event": "task_start", "timestamp": "2025-09-18T00:27:58.321462Z", "level": "info"}
HTTP Request: GET https://api.bybit.com/v5/market/account-ratio?category=linear&symbol=BTCUSDT&period=5min "HTTP/1.1 200 OK"
{"symbol": "BTCUSDT", "metric": "long_short_ratio", "source": "bybit", "event": "deriv_success", "timestamp": "2025-09-18T00:27:59.092438Z", "level": "info"}
{"task": "derivatives_lsr", "event": "task_ok", "timestamp": "2025-09-18T00:27:59.093948Z", "level": "info"}
{"task": "derivatives_lsr", "duration": 0.773512, "event": "task_end", "timestamp": "2025-09-18T00:27:59.094974Z", "level": "info"}
Job "task_wrapper (trigger: interval[0:05:03.285188], next run at: 2025-09-18 02:33:01 CEST)" executed successfully
{"alive": true, "rss_mb": 41.6, "cpu_percent": 0.0, "event": "heartbeat", "timestamp": "2025-09-18T00:28:16.652156Z", "level": "info"}
{"alive": true, "rss_mb": 41.6, "cpu_percent": 0.0, "event": "heartbeat", "timestamp": "2025-09-18T00:28:46.668207Z", "level": "info"}
{"alive": true, "rss_mb": 41.6, "cpu_percent": 0.0, "event": "heartbeat", "timestamp": "2025-09-18T00:29:16.681680Z", "level": "info"}
{"alive": true, "rss_mb": 41.6, "cpu_percent": 0.0, "event": "heartbeat", "timestamp": "2025-09-18T00:29:46.691314Z", "level": "info"}
Running job "task_wrapper (trigger: interval[0:05:07.070337], next run at: 2025-09-18 02:35:06 CEST)" (scheduled at 2025-09-18 02:29:59.434979+02:00)
{"task": "derivatives_oi", "ts": "2025-09-18T00:29:59.437405Z", "event": "task_start", "timestamp": "2025-09-18T00:29:59.437405Z", "level": "info"}
{"symbol": "BTCUSDT", "event": "deriv_cache_hit", "timestamp": "2025-09-18T00:29:59.439407Z", "level": "info"}
{"task": "derivatives_oi", "event": "task_ok", "timestamp": "2025-09-18T00:29:59.441405Z", "level": "info"}
{"task": "derivatives_oi", "duration": 0.005003, "event": "task_end", "timestamp": "2025-09-18T00:29:59.442408Z", "level": "info"}
Job "task_wrapper (trigger: interval[0:05:07.070337], next run at: 2025-09-18 02:35:06 CEST)" executed successfully
{"alive": true, "rss_mb": 41.6, "cpu_percent": 0.0, "event": "heartbeat", "timestamp": "2025-09-18T00:30:16.709359Z", "level": "info"}
{"alive": true, "rss_mb": 41.6, "cpu_percent": 0.0, "event": "heartbeat", "timestamp": "2025-09-18T00:30:46.717709Z", "level": "info"}
Running job "task_wrapper (trigger: interval[0:05:08.878330], next run at: 2025-09-18 02:36:06 CEST)" (scheduled at 2025-09-18 02:30:57.284764+02:00)
{"task": "macro", "ts": "2025-09-18T00:30:57.294717Z", "event": "task_start", "timestamp": "2025-09-18T00:30:57.294717Z", "level": "info"}
{"symbol": "bitcoin", "event": "macro_cache_hit", "timestamp": "2025-09-18T00:30:57.296720Z", "level": "info"}
{"task": "macro", "event": "task_ok", "timestamp": "2025-09-18T00:30:57.297715Z", "level": "info"}
{"task": "macro", "duration": 0.002998, "event": "task_end", "timestamp": "2025-09-18T00:30:57.297715Z", "level": "info"}
Job "task_wrapper (trigger: interval[0:05:08.878330], next run at: 2025-09-18 02:36:06 CEST)" executed successfully
{"alive": true, "rss_mb": 41.6, "cpu_percent": 0.0, "event": "heartbeat", "timestamp": "2025-09-18T00:31:16.706034Z", "level": "info"}
{"alive": true, "rss_mb": 41.6, "cpu_percent": 0.0, "event": "heartbeat", "timestamp": "2025-09-18T00:31:46.714351Z", "level": "info"}
{"alive": true, "rss_mb": 41.6, "cpu_percent": 0.0, "event": "heartbeat", "timestamp": "2025-09-18T00:32:16.730144Z", "level": "info"}
{"alive": true, "rss_mb": 41.6, "cpu_percent": 0.0, "event": "heartbeat", "timestamp": "2025-09-18T00:32:46.745730Z", "level": "info"}
Running job "task_wrapper (trigger: interval[0:05:03.285188], next run at: 2025-09-18 02:38:04 CEST)" (scheduled at 2025-09-18 02:33:01.596401+02:00)
{"task": "derivatives_lsr", "ts": "2025-09-18T00:33:01.604489Z", "event": "task_start", "timestamp": "2025-09-18T00:33:01.604489Z", "level": "info"}
HTTP Request: GET https://api.bybit.com/v5/market/account-ratio?category=linear&symbol=BTCUSDT&period=5min "HTTP/1.1 200 OK"
{"symbol": "BTCUSDT", "metric": "long_short_ratio", "source": "bybit", "event": "deriv_success", "timestamp": "2025-09-18T00:33:02.317310Z", "level": "info"}
{"task": "derivatives_lsr", "event": "task_ok", "timestamp": "2025-09-18T00:33:02.319283Z", "level": "info"}
{"task": "derivatives_lsr", "duration": 0.715792, "event": "task_end", "timestamp": "2025-09-18T00:33:02.320281Z", "level": "info"}
Job "task_wrapper (trigger: interval[0:05:03.285188], next run at: 2025-09-18 02:38:04 CEST)" executed successfully
{"alive": true, "rss_mb": 42.2, "cpu_percent": 0.0, "event": "heartbeat", "timestamp": "2025-09-18T00:33:16.749354Z", "level": "info"}
{"alive": true, "rss_mb": 42.2, "cpu_percent": 0.0, "event": "heartbeat", "timestamp": "2025-09-18T00:33:46.755567Z", "level": "info"}
{"alive": true, "rss_mb": 42.2, "cpu_percent": 0.0, "event": "heartbeat", "timestamp": "2025-09-18T00:34:16.762247Z", "level": "info"}
{"alive": true, "rss_mb": 42.2, "cpu_percent": 0.0, "event": "heartbeat", "timestamp": "2025-09-18T00:34:46.769462Z", "level": "info"}
Running job "task_wrapper (trigger: interval[0:05:07.070337], next run at: 2025-09-18 02:40:13 CEST)" (scheduled at 2025-09-18 02:35:06.505316+02:00)
{"task": "derivatives_oi", "ts": "2025-09-18T00:35:06.515493Z", "event": "task_start", "timestamp": "2025-09-18T00:35:06.515493Z", "level": "info"}
{"symbol": "BTCUSDT", "event": "deriv_cache_hit", "timestamp": "2025-09-18T00:35:06.516493Z", "level": "info"}
{"task": "derivatives_oi", "event": "task_ok", "timestamp": "2025-09-18T00:35:06.517492Z", "level": "info"}
{"task": "derivatives_oi", "duration": 0.003, "event": "task_end", "timestamp": "2025-09-18T00:35:06.518493Z", "level": "info"}
Job "task_wrapper (trigger: interval[0:05:07.070337], next run at: 2025-09-18 02:40:13 CEST)" executed successfully
{"alive": true, "rss_mb": 42.2, "cpu_percent": 0.0, "event": "heartbeat", "timestamp": "2025-09-18T00:35:16.793160Z", "level": "info"}
{"alive": true, "rss_mb": 42.2, "cpu_percent": 0.0, "event": "heartbeat", "timestamp": "2025-09-18T00:35:46.804370Z", "level": "info"}
Running job "task_wrapper (trigger: interval[0:05:08.878330], next run at: 2025-09-18 02:41:15 CEST)" (scheduled at 2025-09-18 02:36:06.163094+02:00)
{"task": "macro", "ts": "2025-09-18T00:36:06.164733Z", "event": "task_start", "timestamp": "2025-09-18T00:36:06.164733Z", "level": "info"}
{"symbol": "bitcoin", "event": "macro_cache_hit", "timestamp": "2025-09-18T00:36:06.165717Z", "level": "info"}
{"task": "macro", "event": "task_ok", "timestamp": "2025-09-18T00:36:06.166736Z", "level": "info"}
{"task": "macro", "duration": 0.002993, "event": "task_end", "timestamp": "2025-09-18T00:36:06.167726Z", "level": "info"}
Job "task_wrapper (trigger: interval[0:05:08.878330], next run at: 2025-09-18 02:41:15 CEST)" executed successfully
{"alive": true, "rss_mb": 42.0, "cpu_percent": 0.0, "event": "heartbeat", "timestamp": "2025-09-18T00:36:16.820138Z", "level": "info"}
{"alive": true, "rss_mb": 42.0, "cpu_percent": 0.0, "event": "heartbeat", "timestamp": "2025-09-18T00:36:46.823530Z", "level": "info"}
{"alive": true, "rss_mb": 42.0, "cpu_percent": 0.0, "event": "heartbeat", "timestamp": "2025-09-18T00:37:16.827839Z", "level": "info"}
Running job "task_wrapper (trigger: interval[0:28:33.563456], next run at: 2025-09-18 03:06:08 CEST)" (scheduled at 2025-09-18 02:37:34.562938+02:00)
{"task": "onchain_hashrate", "ts": "2025-09-18T00:37:34.578534Z", "event": "task_start", "timestamp": "2025-09-18T00:37:34.578534Z", "level": "info"}
HTTP Request: GET https://api.blockchain.info/q/hashrate "HTTP/1.1 200 OK"
{"symbol": "BTC", "source": "blockchain.info", "event": "onchain_success", "timestamp": "2025-09-18T00:37:35.142057Z", "level": "info"}
{"task": "onchain_hashrate", "event": "task_ok", "timestamp": "2025-09-18T00:37:35.143049Z", "level": "info"}
{"task": "onchain_hashrate", "duration": 0.565538, "event": "task_end", "timestamp": "2025-09-18T00:37:35.144072Z", "level": "info"}
Job "task_wrapper (trigger: interval[0:28:33.563456], next run at: 2025-09-18 03:06:08 CEST)" executed successfully
{"alive": true, "rss_mb": 41.9, "cpu_percent": 0.0, "event": "heartbeat", "timestamp": "2025-09-18T00:37:46.841902Z", "level": "info"}
Running job "task_wrapper (trigger: interval[0:05:03.285188], next run at: 2025-09-18 02:43:08 CEST)" (scheduled at 2025-09-18 02:38:04.881589+02:00)
{"task": "derivatives_lsr", "ts": "2025-09-18T00:38:04.899818Z", "event": "task_start", "timestamp": "2025-09-18T00:38:04.899818Z", "level": "info"}
HTTP Request: GET https://api.bybit.com/v5/market/account-ratio?category=linear&symbol=BTCUSDT&period=5min "HTTP/1.1 200 OK"
{"symbol": "BTCUSDT", "metric": "long_short_ratio", "source": "bybit", "event": "deriv_success", "timestamp": "2025-09-18T00:38:05.595459Z", "level": "info"}
{"task": "derivatives_lsr", "event": "task_ok", "timestamp": "2025-09-18T00:38:05.597459Z", "level": "info"}
{"task": "derivatives_lsr", "duration": 0.697641, "event": "task_end", "timestamp": "2025-09-18T00:38:05.597459Z", "level": "info"}
Job "task_wrapper (trigger: interval[0:05:03.285188], next run at: 2025-09-18 02:43:08 CEST)" executed successfully
{"alive": true, "rss_mb": 42.0, "cpu_percent": 0.0, "event": "heartbeat", "timestamp": "2025-09-18T00:38:16.849210Z", "level": "info"}
Running job "task_wrapper (trigger: interval[0:15:38.604368], next run at: 2025-09-18 02:53:56 CEST)" (scheduled at 2025-09-18 02:38:17.828249+02:00)
{"task": "defillama", "ts": "2025-09-18T00:38:17.849782Z", "event": "task_start", "timestamp": "2025-09-18T00:38:17.849782Z", "level": "info"}
HTTP Request: GET https://api.llama.fi/v2/chains "HTTP/1.1 200 OK"
HTTP Request: GET https://api.llama.fi/v2/chains "HTTP/1.1 200 OK"
HTTP Request: GET https://api.llama.fi/v2/historicalChainTvl/Ethereum "HTTP/1.1 200 OK"
{"tvlPrevDay": 94932248438.0, "tvlPrevWeek": 91887804334.0, "tvlPrevMonth": 89978270415.0, "event": "defillama_historical_calculated", "timestamp": "2025-09-18T00:38:19.538360Z", "level": "info"}
{"chain": "ethereum", "has_valid_historical": true, "event": "defillama_success", "timestamp": "2025-09-18T00:38:19.540361Z", "level": "info"}
{"task": "defillama", "event": "task_ok", "timestamp": "2025-09-18T00:38:19.542370Z", "level": "info"}
{"task": "defillama", "duration": 1.693572, "event": "task_end", "timestamp": "2025-09-18T00:38:19.543354Z", "level": "info"}
Job "task_wrapper (trigger: interval[0:15:38.604368], next run at: 2025-09-18 02:53:56 CEST)" executed successfully
{"alive": true, "rss_mb": 42.6, "cpu_percent": 0.0, "event": "heartbeat", "timestamp": "2025-09-18T00:38:46.852021Z", "level": "info"}
{"alive": true, "rss_mb": 42.6, "cpu_percent": 0.0, "event": "heartbeat", "timestamp": "2025-09-18T00:39:16.859349Z", "level": "info"}
{"alive": true, "rss_mb": 42.6, "cpu_percent": 0.0, "event": "heartbeat", "timestamp": "2025-09-18T00:39:46.868987Z", "level": "info"}
Running job "task_wrapper (trigger: interval[0:05:07.070337], next run at: 2025-09-18 02:45:20 CEST)" (scheduled at 2025-09-18 02:40:13.575653+02:00)
{"task": "derivatives_oi", "ts": "2025-09-18T00:40:13.590508Z", "event": "task_start", "timestamp": "2025-09-18T00:40:13.590508Z", "level": "info"}
{"symbol": "BTCUSDT", "event": "deriv_cache_hit", "timestamp": "2025-09-18T00:40:13.591510Z", "level": "info"}
{"task": "derivatives_oi", "event": "task_ok", "timestamp": "2025-09-18T00:40:13.592811Z", "level": "info"}
{"task": "derivatives_oi", "duration": 0.002303, "event": "task_end", "timestamp": "2025-09-18T00:40:13.592811Z", "level": "info"}
Job "task_wrapper (trigger: interval[0:05:07.070337], next run at: 2025-09-18 02:45:20 CEST)" executed successfully
{"alive": true, "rss_mb": 42.6, "cpu_percent": 0.0, "event": "heartbeat", "timestamp": "2025-09-18T00:40:16.875750Z", "level": "info"}
{"alive": true, "rss_mb": 42.6, "cpu_percent": 0.0, "event": "heartbeat", "timestamp": "2025-09-18T00:40:46.878460Z", "level": "info"}
Running job "task_wrapper (trigger: interval[0:05:08.878330], next run at: 2025-09-18 02:46:23 CEST)" (scheduled at 2025-09-18 02:41:15.041424+02:00)
{"task": "macro", "ts": "2025-09-18T00:41:15.062321Z", "event": "task_start", "timestamp": "2025-09-18T00:41:15.062321Z", "level": "info"}
{"symbol": "bitcoin", "event": "macro_cache_hit", "timestamp": "2025-09-18T00:41:15.063323Z", "level": "info"}
{"task": "macro", "event": "task_ok", "timestamp": "2025-09-18T00:41:15.064323Z", "level": "info"}
{"task": "macro", "duration": 0.002002, "event": "task_end", "timestamp": "2025-09-18T00:41:15.064323Z", "level": "info"}
Job "task_wrapper (trigger: interval[0:05:08.878330], next run at: 2025-09-18 02:46:23 CEST)" executed successfully
{"alive": true, "rss_mb": 42.6, "cpu_percent": 0.0, "event": "heartbeat", "timestamp": "2025-09-18T00:41:16.877904Z", "level": "info"}
{"alive": true, "rss_mb": 42.6, "cpu_percent": 0.0, "event": "heartbeat", "timestamp": "2025-09-18T00:41:46.890118Z", "level": "info"}
{"alive": true, "rss_mb": 42.6, "cpu_percent": 0.0, "event": "heartbeat", "timestamp": "2025-09-18T00:42:16.906695Z", "level": "info"}
{"alive": true, "rss_mb": 42.6, "cpu_percent": 0.0, "event": "heartbeat", "timestamp": "2025-09-18T00:42:46.915708Z", "level": "info"}
Running job "task_wrapper (trigger: interval[0:05:03.285188], next run at: 2025-09-18 02:48:11 CEST)" (scheduled at 2025-09-18 02:43:08.166777+02:00)
{"task": "derivatives_lsr", "ts": "2025-09-18T00:43:08.169062Z", "event": "task_start", "timestamp": "2025-09-18T00:43:08.169062Z", "level": "info"}
HTTP Request: GET https://api.bybit.com/v5/market/account-ratio?category=linear&symbol=BTCUSDT&period=5min "HTTP/1.1 200 OK"
{"symbol": "BTCUSDT", "metric": "long_short_ratio", "source": "bybit", "event": "deriv_success", "timestamp": "2025-09-18T00:43:08.880555Z", "level": "info"}
{"task": "derivatives_lsr", "event": "task_ok", "timestamp": "2025-09-18T00:43:08.882541Z", "level": "info"}
{"task": "derivatives_lsr", "duration": 0.714477, "event": "task_end", "timestamp": "2025-09-18T00:43:08.883539Z", "level": "info"}
Job "task_wrapper (trigger: interval[0:05:03.285188], next run at: 2025-09-18 02:48:11 CEST)" executed successfully
{"alive": true, "rss_mb": 42.8, "cpu_percent": 0.0, "event": "heartbeat", "timestamp": "2025-09-18T00:43:16.923598Z", "level": "info"}
{"alive": true, "rss_mb": 42.8, "cpu_percent": 0.0, "event": "heartbeat", "timestamp": "2025-09-18T00:43:46.939213Z", "level": "info"}
{"alive": true, "rss_mb": 42.8, "cpu_percent": 0.0, "event": "heartbeat", "timestamp": "2025-09-18T00:44:16.958077Z", "level": "info"}
Running job "task_wrapper (trigger: interval[0:29:42.286402], next run at: 2025-09-18 03:14:09 CEST)" (scheduled at 2025-09-18 02:44:26.901609+02:00)
{"task": "onchain_sopr", "ts": "2025-09-18T00:44:26.907432Z", "event": "task_start", "timestamp": "2025-09-18T00:44:26.907432Z", "level": "info"}
{"symbol": "BTC", "event": "onchain_cache_hit", "timestamp": "2025-09-18T00:44:26.908431Z", "level": "info"}
{"task": "onchain_sopr", "event": "task_ok", "timestamp": "2025-09-18T00:44:26.910434Z", "level": "info"}
{"task": "onchain_sopr", "duration": 0.003002, "event": "task_end", "timestamp": "2025-09-18T00:44:26.910434Z", "level": "info"}
Job "task_wrapper (trigger: interval[0:29:42.286402], next run at: 2025-09-18 03:14:09 CEST)" executed successfully
{"alive": true, "rss_mb": 42.8, "cpu_percent": 0.0, "event": "heartbeat", "timestamp": "2025-09-18T00:44:46.966606Z", "level": "info"}
Running job "task_wrapper (trigger: interval[0:29:49.249948], next run at: 2025-09-18 03:14:57 CEST)" (scheduled at 2025-09-18 02:45:08.680883+02:00)
{"task": "onchain_tx", "ts": "2025-09-18T00:45:08.682288Z", "event": "task_start", "timestamp": "2025-09-18T00:45:08.682288Z", "level": "info"}
HTTP Request: GET https://api.blockchain.info/q/getblockcount "HTTP/1.1 200 OK"
{"symbol": "BTC", "source": "blockchain.info", "event": "onchain_success", "timestamp": "2025-09-18T00:45:09.234800Z", "level": "info"}
{"task": "onchain_tx", "event": "task_ok", "timestamp": "2025-09-18T00:45:09.236520Z", "level": "info"}
{"task": "onchain_tx", "duration": 0.555335, "event": "task_end", "timestamp": "2025-09-18T00:45:09.237623Z", "level": "info"}
Job "task_wrapper (trigger: interval[0:29:49.249948], next run at: 2025-09-18 03:14:57 CEST)" executed successfully
{"alive": true, "rss_mb": 43.1, "cpu_percent": 0.0, "event": "heartbeat", "timestamp": "2025-09-18T00:45:16.976460Z", "level": "info"}
Running job "task_wrapper (trigger: interval[0:05:07.070337], next run at: 2025-09-18 02:50:27 CEST)" (scheduled at 2025-09-18 02:45:20.645990+02:00)
{"task": "derivatives_oi", "ts": "2025-09-18T00:45:20.658506Z", "event": "task_start", "timestamp": "2025-09-18T00:45:20.658506Z", "level": "info"}
{"symbol": "BTCUSDT", "event": "deriv_cache_hit", "timestamp": "2025-09-18T00:45:20.659507Z", "level": "info"}
{"task": "derivatives_oi", "event": "task_ok", "timestamp": "2025-09-18T00:45:20.660507Z", "level": "info"}
{"task": "derivatives_oi", "duration": 0.002997, "event": "task_end", "timestamp": "2025-09-18T00:45:20.661503Z", "level": "info"}
Job "task_wrapper (trigger: interval[0:05:07.070337], next run at: 2025-09-18 02:50:27 CEST)" executed successfully
{"alive": true, "rss_mb": 43.1, "cpu_percent": 0.0, "event": "heartbeat", "timestamp": "2025-09-18T00:45:46.975954Z", "level": "info"}
Running job "task_wrapper (trigger: interval[0:59:55.343029], next run at: 2025-09-18 03:45:54 CEST)" (scheduled at 2025-09-18 02:45:59.215284+02:00)
{"task": "sentiment_fg", "ts": "2025-09-18T00:45:59.237886Z", "event": "task_start", "timestamp": "2025-09-18T00:45:59.237886Z", "level": "info"}
{"metric": "fear_greed", "event": "sentiment_cache_hit", "timestamp": "2025-09-18T00:45:59.239589Z", "level": "info"}
{"task": "sentiment_fg", "event": "task_ok", "timestamp": "2025-09-18T00:45:59.240750Z", "level": "info"}
{"task": "sentiment_fg", "duration": 0.003996, "event": "task_end", "timestamp": "2025-09-18T00:45:59.241882Z", "level": "info"}
Job "task_wrapper (trigger: interval[0:59:55.343029], next run at: 2025-09-18 03:45:54 CEST)" executed successfully
{"alive": true, "rss_mb": 43.1, "cpu_percent": 0.0, "event": "heartbeat", "timestamp": "2025-09-18T00:46:16.969807Z", "level": "info"}
Running job "task_wrapper (trigger: interval[0:05:08.878330], next run at: 2025-09-18 02:51:32 CEST)" (scheduled at 2025-09-18 02:46:23.919754+02:00)
{"task": "macro", "ts": "2025-09-18T00:46:23.928665Z", "event": "task_start", "timestamp": "2025-09-18T00:46:23.928665Z", "level": "info"}
{"symbol": "bitcoin", "event": "macro_cache_hit", "timestamp": "2025-09-18T00:46:23.929664Z", "level": "info"}
{"task": "macro", "event": "task_ok", "timestamp": "2025-09-18T00:46:23.930668Z", "level": "info"}
{"task": "macro", "duration": 0.002003, "event": "task_end", "timestamp": "2025-09-18T00:46:23.930668Z", "level": "info"}
Job "task_wrapper (trigger: interval[0:05:08.878330], next run at: 2025-09-18 02:51:32 CEST)" executed successfully
{"alive": true, "rss_mb": 43.1, "cpu_percent": 0.0, "event": "heartbeat", "timestamp": "2025-09-18T00:46:46.983860Z", "level": "info"}
{"alive": true, "rss_mb": 43.1, "cpu_percent": 0.0, "event": "heartbeat", "timestamp": "2025-09-18T00:47:17.009398Z", "level": "info"}
{"alive": true, "rss_mb": 43.1, "cpu_percent": 0.0, "event": "heartbeat", "timestamp": "2025-09-18T00:47:47.016060Z", "level": "info"}
Running job "task_wrapper (trigger: interval[0:05:03.285188], next run at: 2025-09-18 02:53:14 CEST)" (scheduled at 2025-09-18 02:48:11.451965+02:00)
{"task": "derivatives_lsr", "ts": "2025-09-18T00:48:11.467164Z", "event": "task_start", "timestamp": "2025-09-18T00:48:11.467164Z", "level": "info"}
HTTP Request: GET https://api.bybit.com/v5/market/account-ratio?category=linear&symbol=BTCUSDT&period=5min "HTTP/1.1 200 OK"
{"symbol": "BTCUSDT", "metric": "long_short_ratio", "source": "bybit", "event": "deriv_success", "timestamp": "2025-09-18T00:48:12.284165Z", "level": "info"}
{"task": "derivatives_lsr", "event": "task_ok", "timestamp": "2025-09-18T00:48:12.287167Z", "level": "info"}
{"task": "derivatives_lsr", "duration": 0.821009, "event": "task_end", "timestamp": "2025-09-18T00:48:12.288173Z", "level": "info"}
Job "task_wrapper (trigger: interval[0:05:03.285188], next run at: 2025-09-18 02:53:14 CEST)" executed successfully
{"alive": true, "rss_mb": 43.5, "cpu_percent": 0.0, "event": "heartbeat", "timestamp": "2025-09-18T00:48:17.045013Z", "level": "info"}
{"alive": true, "rss_mb": 43.5, "cpu_percent": 0.0, "event": "heartbeat", "timestamp": "2025-09-18T00:48:47.049683Z", "level": "info"}
{"alive": true, "rss_mb": 43.5, "cpu_percent": 0.0, "event": "heartbeat", "timestamp": "2025-09-18T00:49:17.066197Z", "level": "info"}
{"alive": true, "rss_mb": 43.5, "cpu_percent": 0.0, "event": "heartbeat", "timestamp": "2025-09-18T00:49:47.070029Z", "level": "info"}
{"alive": true, "rss_mb": 43.5, "cpu_percent": 0.0, "event": "heartbeat", "timestamp": "2025-09-18T00:50:17.079825Z", "level": "info"}
Running job "task_wrapper (trigger: interval[0:05:07.070337], next run at: 2025-09-18 02:55:34 CEST)" (scheduled at 2025-09-18 02:50:27.716327+02:00)
{"task": "derivatives_oi", "ts": "2025-09-18T00:50:27.722651Z", "event": "task_start", "timestamp": "2025-09-18T00:50:27.722651Z", "level": "info"}
{"symbol": "BTCUSDT", "event": "deriv_cache_hit", "timestamp": "2025-09-18T00:50:27.722651Z", "level": "info"}
{"task": "derivatives_oi", "event": "task_ok", "timestamp": "2025-09-18T00:50:27.723651Z", "level": "info"}
{"task": "derivatives_oi", "duration": 0.002, "event": "task_end", "timestamp": "2025-09-18T00:50:27.724651Z", "level": "info"}
Job "task_wrapper (trigger: interval[0:05:07.070337], next run at: 2025-09-18 02:55:34 CEST)" executed successfully
{"alive": true, "rss_mb": 43.5, "cpu_percent": 0.0, "event": "heartbeat", "timestamp": "2025-09-18T00:50:47.088224Z", "level": "info"}
{"alive": true, "rss_mb": 43.2, "cpu_percent": 0.0, "event": "heartbeat", "timestamp": "2025-09-18T00:51:17.085177Z", "level": "info"}
Running job "task_wrapper (trigger: interval[0:05:08.878330], next run at: 2025-09-18 02:56:41 CEST)" (scheduled at 2025-09-18 02:51:32.798084+02:00)
{"task": "macro", "ts": "2025-09-18T00:51:32.812683Z", "event": "task_start", "timestamp": "2025-09-18T00:51:32.812683Z", "level": "info"}
{"symbol": "bitcoin", "event": "macro_cache_hit", "timestamp": "2025-09-18T00:51:32.813685Z", "level": "info"}
{"task": "macro", "event": "task_ok", "timestamp": "2025-09-18T00:51:32.814683Z", "level": "info"}
{"task": "macro", "duration": 0.003001, "event": "task_end", "timestamp": "2025-09-18T00:51:32.815684Z", "level": "info"}
Job "task_wrapper (trigger: interval[0:05:08.878330], next run at: 2025-09-18 02:56:41 CEST)" executed successfully
{"alive": true, "rss_mb": 43.2, "cpu_percent": 0.0, "event": "heartbeat", "timestamp": "2025-09-18T00:51:47.090058Z", "level": "info"}
{"alive": true, "rss_mb": 43.2, "cpu_percent": 0.0, "event": "heartbeat", "timestamp": "2025-09-18T00:52:17.095892Z", "level": "info"}
{"alive": true, "rss_mb": 43.2, "cpu_percent": 0.0, "event": "heartbeat", "timestamp": "2025-09-18T00:52:47.108010Z", "level": "info"}
Running job "task_wrapper (trigger: interval[0:05:03.285188], next run at: 2025-09-18 02:58:18 CEST)" (scheduled at 2025-09-18 02:53:14.737153+02:00)
{"task": "derivatives_lsr", "ts": "2025-09-18T00:53:14.756699Z", "event": "task_start", "timestamp": "2025-09-18T00:53:14.756699Z", "level": "info"}
HTTP Request: GET https://api.bybit.com/v5/market/account-ratio?category=linear&symbol=BTCUSDT&period=5min "HTTP/1.1 200 OK"
{"symbol": "BTCUSDT", "metric": "long_short_ratio", "source": "bybit", "event": "deriv_success", "timestamp": "2025-09-18T00:53:15.452662Z", "level": "info"}
{"task": "derivatives_lsr", "event": "task_ok", "timestamp": "2025-09-18T00:53:15.453659Z", "level": "info"}
{"task": "derivatives_lsr", "duration": 0.697958, "event": "task_end", "timestamp": "2025-09-18T00:53:15.454657Z", "level": "info"}
Job "task_wrapper (trigger: interval[0:05:03.285188], next run at: 2025-09-18 02:58:18 CEST)" executed successfully
{"alive": true, "rss_mb": 43.8, "cpu_percent": 0.0, "event": "heartbeat", "timestamp": "2025-09-18T00:53:17.113385Z", "level": "info"}
{"alive": true, "rss_mb": 43.8, "cpu_percent": 0.0, "event": "heartbeat", "timestamp": "2025-09-18T00:53:47.127812Z", "level": "info"}
Running job "task_wrapper (trigger: interval[0:15:38.604368], next run at: 2025-09-18 03:09:35 CEST)" (scheduled at 2025-09-18 02:53:56.432617+02:00)
{"task": "defillama", "ts": "2025-09-18T00:53:56.450180Z", "event": "task_start", "timestamp": "2025-09-18T00:53:56.450180Z", "level": "info"}
HTTP Request: GET https://api.llama.fi/v2/chains "HTTP/1.1 200 OK"
HTTP Request: GET https://api.llama.fi/v2/chains "HTTP/1.1 200 OK"
HTTP Request: GET https://api.llama.fi/v2/historicalChainTvl/Ethereum "HTTP/1.1 200 OK"
{"tvlPrevDay": 94919602622.0, "tvlPrevWeek": 91887804334.0, "tvlPrevMonth": 89978270415.0, "event": "defillama_historical_calculated", "timestamp": "2025-09-18T00:53:58.292747Z", "level": "info"}
{"chain": "ethereum", "has_valid_historical": true, "event": "defillama_success", "timestamp": "2025-09-18T00:53:58.293890Z", "level": "info"}
{"task": "defillama", "event": "task_ok", "timestamp": "2025-09-18T00:53:58.295744Z", "level": "info"}
{"task": "defillama", "duration": 1.846571, "event": "task_end", "timestamp": "2025-09-18T00:53:58.296751Z", "level": "info"}
Job "task_wrapper (trigger: interval[0:15:38.604368], next run at: 2025-09-18 03:09:35 CEST)" executed successfully
{"alive": true, "rss_mb": 43.1, "cpu_percent": 0.0, "event": "heartbeat", "timestamp": "2025-09-18T00:54:17.132917Z", "level": "info"}
{"alive": true, "rss_mb": 43.1, "cpu_percent": 0.0, "event": "heartbeat", "timestamp": "2025-09-18T00:54:47.137738Z", "level": "info"}
{"alive": true, "rss_mb": 43.1, "cpu_percent": 0.0, "event": "heartbeat", "timestamp": "2025-09-18T00:55:17.139069Z", "level": "info"}
Running job "task_wrapper (trigger: interval[0:05:07.070337], next run at: 2025-09-18 03:00:41 CEST)" (scheduled at 2025-09-18 02:55:34.786664+02:00)
{"task": "derivatives_oi", "ts": "2025-09-18T00:55:34.797229Z", "event": "task_start", "timestamp": "2025-09-18T00:55:34.797229Z", "level": "info"}
{"symbol": "BTCUSDT", "event": "deriv_cache_hit", "timestamp": "2025-09-18T00:55:34.798232Z", "level": "info"}
{"task": "derivatives_oi", "event": "task_ok", "timestamp": "2025-09-18T00:55:34.799238Z", "level": "info"}
{"task": "derivatives_oi", "duration": 0.003003, "event": "task_end", "timestamp": "2025-09-18T00:55:34.800232Z", "level": "info"}
Job "task_wrapper (trigger: interval[0:05:07.070337], next run at: 2025-09-18 03:00:41 CEST)" executed successfully
{"alive": true, "rss_mb": 43.1, "cpu_percent": 0.0, "event": "heartbeat", "timestamp": "2025-09-18T00:55:47.151344Z", "level": "info"}
{"alive": true, "rss_mb": 43.1, "cpu_percent": 0.0, "event": "heartbeat", "timestamp": "2025-09-18T00:56:17.164094Z", "level": "info"}
Running job "task_wrapper (trigger: interval[0:05:08.878330], next run at: 2025-09-18 03:01:50 CEST)" (scheduled at 2025-09-18 02:56:41.676414+02:00)
{"task": "macro", "ts": "2025-09-18T00:56:41.679164Z", "event": "task_start", "timestamp": "2025-09-18T00:56:41.679164Z", "level": "info"}
{"symbol": "bitcoin", "event": "macro_cache_hit", "timestamp": "2025-09-18T00:56:41.680154Z", "level": "info"}
{"task": "macro", "event": "task_ok", "timestamp": "2025-09-18T00:56:41.681156Z", "level": "info"}
{"task": "macro", "duration": 0.002993, "event": "task_end", "timestamp": "2025-09-18T00:56:41.682157Z", "level": "info"}
Job "task_wrapper (trigger: interval[0:05:08.878330], next run at: 2025-09-18 03:01:50 CEST)" executed successfully
{"alive": true, "rss_mb": 43.2, "cpu_percent": 0.0, "event": "heartbeat", "timestamp": "2025-09-18T00:56:47.175778Z", "level": "info"}
{"alive": true, "rss_mb": 43.2, "cpu_percent": 0.0, "event": "heartbeat", "timestamp": "2025-09-18T00:57:17.175817Z", "level": "info"}
{"alive": true, "rss_mb": 43.2, "cpu_percent": 0.0, "event": "heartbeat", "timestamp": "2025-09-18T00:57:47.179998Z", "level": "info"}
{"alive": true, "rss_mb": 43.2, "cpu_percent": 0.0, "event": "heartbeat", "timestamp": "2025-09-18T00:58:17.194823Z", "level": "info"}
Running job "task_wrapper (trigger: interval[0:05:03.285188], next run at: 2025-09-18 03:03:21 CEST)" (scheduled at 2025-09-18 02:58:18.022341+02:00)
{"task": "derivatives_lsr", "ts": "2025-09-18T00:58:18.025497Z", "event": "task_start", "timestamp": "2025-09-18T00:58:18.025497Z", "level": "info"}
HTTP Request: GET https://api.bybit.com/v5/market/account-ratio?category=linear&symbol=BTCUSDT&period=5min "HTTP/1.1 200 OK"
{"symbol": "BTCUSDT", "metric": "long_short_ratio", "source": "bybit", "event": "deriv_success", "timestamp": "2025-09-18T00:58:18.729535Z", "level": "info"}
{"task": "derivatives_lsr", "event": "task_ok", "timestamp": "2025-09-18T00:58:18.730545Z", "level": "info"}
{"task": "derivatives_lsr", "duration": 0.706039, "event": "task_end", "timestamp": "2025-09-18T00:58:18.731536Z", "level": "info"}
Job "task_wrapper (trigger: interval[0:05:03.285188], next run at: 2025-09-18 03:03:21 CEST)" executed successfully
{"alive": true, "rss_mb": 43.2, "cpu_percent": 0.0, "event": "heartbeat", "timestamp": "2025-09-18T00:58:47.204365Z", "level": "info"}
{"alive": true, "rss_mb": 43.2, "cpu_percent": 0.0, "event": "heartbeat", "timestamp": "2025-09-18T00:59:17.201965Z", "level": "info"}
{"alive": true, "rss_mb": 43.2, "cpu_percent": 0.0, "event": "heartbeat", "timestamp": "2025-09-18T00:59:47.203726Z", "level": "info"}
{"alive": true, "rss_mb": 43.2, "cpu_percent": 0.0, "event": "heartbeat", "timestamp": "2025-09-18T01:00:17.215429Z", "level": "info"}
Running job "task_wrapper (trigger: interval[0:05:07.070337], next run at: 2025-09-18 03:05:48 CEST)" (scheduled at 2025-09-18 03:00:41.857001+02:00)
{"task": "derivatives_oi", "ts": "2025-09-18T01:00:41.871644Z", "event": "task_start", "timestamp": "2025-09-18T01:00:41.871644Z", "level": "info"}
{"symbol": "BTCUSDT", "event": "deriv_cache_hit", "timestamp": "2025-09-18T01:00:41.872659Z", "level": "info"}
{"task": "derivatives_oi", "event": "task_ok", "timestamp": "2025-09-18T01:00:41.873655Z", "level": "info"}
{"task": "derivatives_oi", "duration": 0.003016, "event": "task_end", "timestamp": "2025-09-18T01:00:41.874660Z", "level": "info"}
Job "task_wrapper (trigger: interval[0:05:07.070337], next run at: 2025-09-18 03:05:48 CEST)" executed successfully
{"alive": true, "rss_mb": 43.2, "cpu_percent": 0.0, "event": "heartbeat", "timestamp": "2025-09-18T01:00:47.235909Z", "level": "info"}
{"alive": true, "rss_mb": 43.2, "cpu_percent": 0.0, "event": "heartbeat", "timestamp": "2025-09-18T01:01:17.246015Z", "level": "info"}
{"alive": true, "rss_mb": 43.2, "cpu_percent": 0.0, "event": "heartbeat", "timestamp": "2025-09-18T01:01:47.249787Z", "level": "info"}
Running job "task_wrapper (trigger: interval[0:05:08.878330], next run at: 2025-09-18 03:06:59 CEST)" (scheduled at 2025-09-18 03:01:50.554744+02:00)
{"task": "macro", "ts": "2025-09-18T01:01:50.568489Z", "event": "task_start", "timestamp": "2025-09-18T01:01:50.568489Z", "level": "info"}
{"symbol": "bitcoin", "event": "macro_cache_hit", "timestamp": "2025-09-18T01:01:50.569050Z", "level": "info"}
{"task": "macro", "event": "task_ok", "timestamp": "2025-09-18T01:01:50.570066Z", "level": "info"}
{"task": "macro", "duration": 0.002587, "event": "task_end", "timestamp": "2025-09-18T01:01:50.571076Z", "level": "info"}
Job "task_wrapper (trigger: interval[0:05:08.878330], next run at: 2025-09-18 03:06:59 CEST)" executed successfully
{"alive": true, "rss_mb": 43.2, "cpu_percent": 0.0, "event": "heartbeat", "timestamp": "2025-09-18T01:02:17.261897Z", "level": "info"}
{"alive": true, "rss_mb": 43.2, "cpu_percent": 0.0, "event": "heartbeat", "timestamp": "2025-09-18T01:02:47.269283Z", "level": "info"}
{"alive": true, "rss_mb": 43.2, "cpu_percent": 0.0, "event": "heartbeat", "timestamp": "2025-09-18T01:03:17.284590Z", "level": "info"}
Running job "task_wrapper (trigger: interval[0:05:03.285188], next run at: 2025-09-18 03:08:24 CEST)" (scheduled at 2025-09-18 03:03:21.307529+02:00)
{"task": "derivatives_lsr", "ts": "2025-09-18T01:03:21.314650Z", "event": "task_start", "timestamp": "2025-09-18T01:03:21.314650Z", "level": "info"}
HTTP Request: GET https://api.bybit.com/v5/market/account-ratio?category=linear&symbol=BTCUSDT&period=5min "HTTP/1.1 200 OK"
{"symbol": "BTCUSDT", "metric": "long_short_ratio", "source": "bybit", "event": "deriv_success", "timestamp": "2025-09-18T01:03:21.987959Z", "level": "info"}
{"task": "derivatives_lsr", "event": "task_ok", "timestamp": "2025-09-18T01:03:21.988940Z", "level": "info"}
{"task": "derivatives_lsr", "duration": 0.675294, "event": "task_end", "timestamp": "2025-09-18T01:03:21.989944Z", "level": "info"}
Job "task_wrapper (trigger: interval[0:05:03.285188], next run at: 2025-09-18 03:08:24 CEST)" executed successfully
{"alive": true, "rss_mb": 43.4, "cpu_percent": 0.0, "event": "heartbeat", "timestamp": "2025-09-18T01:03:47.299513Z", "level": "info"}
{"alive": true, "rss_mb": 43.4, "cpu_percent": 0.0, "event": "heartbeat", "timestamp": "2025-09-18T01:04:17.312373Z", "level": "info"}
{"alive": true, "rss_mb": 43.4, "cpu_percent": 0.0, "event": "heartbeat", "timestamp": "2025-09-18T01:04:47.321891Z", "level": "info"}
{"alive": true, "rss_mb": 43.4, "cpu_percent": 0.0, "event": "heartbeat", "timestamp": "2025-09-18T01:05:17.317459Z", "level": "info"}
{"alive": true, "rss_mb": 43.4, "cpu_percent": 0.0, "event": "heartbeat", "timestamp": "2025-09-18T01:05:47.328527Z", "level": "info"}
Running job "task_wrapper (trigger: interval[0:05:07.070337], next run at: 2025-09-18 03:10:55 CEST)" (scheduled at 2025-09-18 03:05:48.927338+02:00)
{"task": "derivatives_oi", "ts": "2025-09-18T01:05:48.942275Z", "event": "task_start", "timestamp": "2025-09-18T01:05:48.942275Z", "level": "info"}
{"symbol": "BTCUSDT", "event": "deriv_cache_hit", "timestamp": "2025-09-18T01:05:48.943273Z", "level": "info"}
{"task": "derivatives_oi", "event": "task_ok", "timestamp": "2025-09-18T01:05:48.944273Z", "level": "info"}
{"task": "derivatives_oi", "duration": 0.001998, "event": "task_end", "timestamp": "2025-09-18T01:05:48.944273Z", "level": "info"}
Job "task_wrapper (trigger: interval[0:05:07.070337], next run at: 2025-09-18 03:10:55 CEST)" executed successfully
Running job "task_wrapper (trigger: interval[0:28:33.563456], next run at: 2025-09-18 03:34:41 CEST)" (scheduled at 2025-09-18 03:06:08.126394+02:00)
{"task": "onchain_hashrate", "ts": "2025-09-18T01:06:08.144278Z", "event": "task_start", "timestamp": "2025-09-18T01:06:08.144278Z", "level": "info"}
HTTP Request: GET https://api.blockchain.info/q/hashrate "HTTP/1.1 200 OK"
{"symbol": "BTC", "source": "blockchain.info", "event": "onchain_success", "timestamp": "2025-09-18T01:06:08.680043Z", "level": "info"}
{"task": "onchain_hashrate", "event": "task_ok", "timestamp": "2025-09-18T01:06:08.681029Z", "level": "info"}
{"task": "onchain_hashrate", "duration": 0.537758, "event": "task_end", "timestamp": "2025-09-18T01:06:08.682036Z", "level": "info"}
Job "task_wrapper (trigger: interval[0:28:33.563456], next run at: 2025-09-18 03:34:41 CEST)" executed successfully
{"alive": true, "rss_mb": 43.7, "cpu_percent": 0.0, "event": "heartbeat", "timestamp": "2025-09-18T01:06:17.330964Z", "level": "info"}
{"alive": true, "rss_mb": 43.7, "cpu_percent": 0.0, "event": "heartbeat", "timestamp": "2025-09-18T01:06:47.345979Z", "level": "info"}
Running job "task_wrapper (trigger: interval[0:05:08.878330], next run at: 2025-09-18 03:12:08 CEST)" (scheduled at 2025-09-18 03:06:59.433074+02:00)
{"task": "macro", "ts": "2025-09-18T01:06:59.450232Z", "event": "task_start", "timestamp": "2025-09-18T01:06:59.451232Z", "level": "info"}
{"symbol": "bitcoin", "event": "macro_cache_hit", "timestamp": "2025-09-18T01:06:59.452234Z", "level": "info"}
{"task": "macro", "event": "task_ok", "timestamp": "2025-09-18T01:06:59.453230Z", "level": "info"}
{"task": "macro", "duration": 0.004002, "event": "task_end", "timestamp": "2025-09-18T01:06:59.454234Z", "level": "info"}
Job "task_wrapper (trigger: interval[0:05:08.878330], next run at: 2025-09-18 03:12:08 CEST)" executed successfully
{"alive": true, "rss_mb": 43.7, "cpu_percent": 0.0, "event": "heartbeat", "timestamp": "2025-09-18T01:07:17.345885Z", "level": "info"}
{"alive": true, "rss_mb": 43.7, "cpu_percent": 0.0, "event": "heartbeat", "timestamp": "2025-09-18T01:07:47.361067Z", "level": "info"}
{"alive": true, "rss_mb": 43.7, "cpu_percent": 0.0, "event": "heartbeat", "timestamp": "2025-09-18T01:08:17.380920Z", "level": "info"}
Running job "task_wrapper (trigger: interval[0:05:03.285188], next run at: 2025-09-18 03:13:27 CEST)" (scheduled at 2025-09-18 03:08:24.592717+02:00)
{"task": "derivatives_lsr", "ts": "2025-09-18T01:08:24.597791Z", "event": "task_start", "timestamp": "2025-09-18T01:08:24.598797Z", "level": "info"}
HTTP Request: GET https://api.bybit.com/v5/market/account-ratio?category=linear&symbol=BTCUSDT&period=5min "HTTP/1.1 200 OK"
{"symbol": "BTCUSDT", "metric": "long_short_ratio", "source": "bybit", "event": "deriv_success", "timestamp": "2025-09-18T01:08:25.291780Z", "level": "info"}
{"task": "derivatives_lsr", "event": "task_ok", "timestamp": "2025-09-18T01:08:25.292777Z", "level": "info"}
{"task": "derivatives_lsr", "duration": 0.695989, "event": "task_end", "timestamp": "2025-09-18T01:08:25.293780Z", "level": "info"}
Job "task_wrapper (trigger: interval[0:05:03.285188], next run at: 2025-09-18 03:13:27 CEST)" executed successfully
{"alive": true, "rss_mb": 44.2, "cpu_percent": 0.0, "event": "heartbeat", "timestamp": "2025-09-18T01:08:47.390601Z", "level": "info"}
{"alive": true, "rss_mb": 44.2, "cpu_percent": 0.0, "event": "heartbeat", "timestamp": "2025-09-18T01:09:17.402685Z", "level": "info"}
Running job "task_wrapper (trigger: interval[0:15:38.604368], next run at: 2025-09-18 03:25:13 CEST)" (scheduled at 2025-09-18 03:09:35.036985+02:00)
{"task": "defillama", "ts": "2025-09-18T01:09:35.056463Z", "event": "task_start", "timestamp": "2025-09-18T01:09:35.056463Z", "level": "info"}
HTTP Request: GET https://api.llama.fi/v2/chains "HTTP/1.1 200 OK"
HTTP Request: GET https://api.llama.fi/v2/chains "HTTP/1.1 200 OK"
HTTP Request: GET https://api.llama.fi/v2/historicalChainTvl/Ethereum "HTTP/1.1 200 OK"
{"tvlPrevDay": 94919602622.0, "tvlPrevWeek": 91887804334.0, "tvlPrevMonth": 89978270415.0, "event": "defillama_historical_calculated", "timestamp": "2025-09-18T01:09:36.738976Z", "level": "info"}
{"chain": "ethereum", "has_valid_historical": true, "event": "defillama_success", "timestamp": "2025-09-18T01:09:36.741002Z", "level": "info"}
{"task": "defillama", "event": "task_ok", "timestamp": "2025-09-18T01:09:36.742983Z", "level": "info"}
{"task": "defillama", "duration": 1.687501, "event": "task_end", "timestamp": "2025-09-18T01:09:36.743964Z", "level": "info"}
Job "task_wrapper (trigger: interval[0:15:38.604368], next run at: 2025-09-18 03:25:13 CEST)" executed successfully
{"alive": true, "rss_mb": 44.4, "cpu_percent": 0.0, "event": "heartbeat", "timestamp": "2025-09-18T01:09:47.407932Z", "level": "info"}
{"alive": true, "rss_mb": 44.4, "cpu_percent": 0.0, "event": "heartbeat", "timestamp": "2025-09-18T01:10:17.426644Z", "level": "info"}
{"alive": true, "rss_mb": 44.4, "cpu_percent": 0.0, "event": "heartbeat", "timestamp": "2025-09-18T01:10:47.429734Z", "level": "info"}
Running job "task_wrapper (trigger: interval[0:05:07.070337], next run at: 2025-09-18 03:16:03 CEST)" (scheduled at 2025-09-18 03:10:55.997675+02:00)
{"task": "derivatives_oi", "ts": "2025-09-18T01:10:56.011611Z", "event": "task_start", "timestamp": "2025-09-18T01:10:56.011611Z", "level": "info"}
{"symbol": "BTCUSDT", "event": "deriv_cache_hit", "timestamp": "2025-09-18T01:10:56.012609Z", "level": "info"}
{"task": "derivatives_oi", "event": "task_ok", "timestamp": "2025-09-18T01:10:56.013611Z", "level": "info"}
{"task": "derivatives_oi", "duration": 0.002, "event": "task_end", "timestamp": "2025-09-18T01:10:56.013611Z", "level": "info"}
Job "task_wrapper (trigger: interval[0:05:07.070337], next run at: 2025-09-18 03:16:03 CEST)" executed successfully
{"alive": true, "rss_mb": 44.4, "cpu_percent": 0.0, "event": "heartbeat", "timestamp": "2025-09-18T01:11:17.449257Z", "level": "info"}
{"alive": true, "rss_mb": 44.4, "cpu_percent": 0.0, "event": "heartbeat", "timestamp": "2025-09-18T01:11:47.452370Z", "level": "info"}
Running job "task_wrapper (trigger: interval[0:05:08.878330], next run at: 2025-09-18 03:17:17 CEST)" (scheduled at 2025-09-18 03:12:08.311404+02:00)
{"task": "macro", "ts": "2025-09-18T01:12:08.325222Z", "event": "task_start", "timestamp": "2025-09-18T01:12:08.325222Z", "level": "info"}
{"symbol": "bitcoin", "event": "macro_cache_hit", "timestamp": "2025-09-18T01:12:08.326222Z", "level": "info"}
{"task": "macro", "event": "task_ok", "timestamp": "2025-09-18T01:12:08.327222Z", "level": "info"}
{"task": "macro", "duration": 0.003, "event": "task_end", "timestamp": "2025-09-18T01:12:08.328222Z", "level": "info"}
Job "task_wrapper (trigger: interval[0:05:08.878330], next run at: 2025-09-18 03:17:17 CEST)" executed successfully
{"alive": true, "rss_mb": 44.4, "cpu_percent": 0.0, "event": "heartbeat", "timestamp": "2025-09-18T01:12:17.456036Z", "level": "info"}
{"alive": true, "rss_mb": 44.4, "cpu_percent": 0.0, "event": "heartbeat", "timestamp": "2025-09-18T01:12:47.466705Z", "level": "info"}
{"alive": true, "rss_mb": 44.4, "cpu_percent": 0.0, "event": "heartbeat", "timestamp": "2025-09-18T01:13:17.472947Z", "level": "info"}
Running job "task_wrapper (trigger: interval[0:05:03.285188], next run at: 2025-09-18 03:18:31 CEST)" (scheduled at 2025-09-18 03:13:27.877905+02:00)
{"task": "derivatives_lsr", "ts": "2025-09-18T01:13:27.882428Z", "event": "task_start", "timestamp": "2025-09-18T01:13:27.882428Z", "level": "info"}
HTTP Request: GET https://api.bybit.com/v5/market/account-ratio?category=linear&symbol=BTCUSDT&period=5min "HTTP/1.1 200 OK"
{"symbol": "BTCUSDT", "metric": "long_short_ratio", "source": "bybit", "event": "deriv_success", "timestamp": "2025-09-18T01:13:28.583832Z", "level": "info"}
{"task": "derivatives_lsr", "event": "task_ok", "timestamp": "2025-09-18T01:13:28.585828Z", "level": "info"}
{"task": "derivatives_lsr", "duration": 0.704414, "event": "task_end", "timestamp": "2025-09-18T01:13:28.586842Z", "level": "info"}
Job "task_wrapper (trigger: interval[0:05:03.285188], next run at: 2025-09-18 03:18:31 CEST)" executed successfully
{"alive": true, "rss_mb": 44.5, "cpu_percent": 0.0, "event": "heartbeat", "timestamp": "2025-09-18T01:13:47.496365Z", "level": "info"}
Running job "task_wrapper (trigger: interval[0:29:42.286402], next run at: 2025-09-18 03:43:51 CEST)" (scheduled at 2025-09-18 03:14:09.188011+02:00)
{"task": "onchain_sopr", "ts": "2025-09-18T01:14:09.209965Z", "event": "task_start", "timestamp": "2025-09-18T01:14:09.209965Z", "level": "info"}
{"symbol": "BTC", "event": "onchain_cache_hit", "timestamp": "2025-09-18T01:14:09.210965Z", "level": "info"}
{"task": "onchain_sopr", "event": "task_ok", "timestamp": "2025-09-18T01:14:09.211971Z", "level": "info"}
{"task": "onchain_sopr", "duration": 0.002006, "event": "task_end", "timestamp": "2025-09-18T01:14:09.211971Z", "level": "info"}
Job "task_wrapper (trigger: interval[0:29:42.286402], next run at: 2025-09-18 03:43:51 CEST)" executed successfully
{"alive": true, "rss_mb": 44.5, "cpu_percent": 0.0, "event": "heartbeat", "timestamp": "2025-09-18T01:14:17.516322Z", "level": "info"}
{"alive": true, "rss_mb": 44.5, "cpu_percent": 0.0, "event": "heartbeat", "timestamp": "2025-09-18T01:14:47.527980Z", "level": "info"}
Running job "task_wrapper (trigger: interval[0:29:49.249948], next run at: 2025-09-18 03:44:47 CEST)" (scheduled at 2025-09-18 03:14:57.930831+02:00)
{"task": "onchain_tx", "ts": "2025-09-18T01:14:57.955153Z", "event": "task_start", "timestamp": "2025-09-18T01:14:57.955153Z", "level": "info"}
HTTP Request: GET https://api.blockchain.info/q/getblockcount "HTTP/1.1 200 OK"
{"symbol": "BTC", "source": "blockchain.info", "event": "onchain_success", "timestamp": "2025-09-18T01:14:58.524522Z", "level": "info"}
{"task": "onchain_tx", "event": "task_ok", "timestamp": "2025-09-18T01:14:58.525507Z", "level": "info"}
{"task": "onchain_tx", "duration": 0.57135, "event": "task_end", "timestamp": "2025-09-18T01:14:58.526503Z", "level": "info"}
Job "task_wrapper (trigger: interval[0:29:49.249948], next run at: 2025-09-18 03:44:47 CEST)" executed successfully
{"alive": true, "rss_mb": 44.7, "cpu_percent": 0.0, "event": "heartbeat", "timestamp": "2025-09-18T01:15:17.543161Z", "level": "info"}
{"alive": true, "rss_mb": 44.7, "cpu_percent": 0.0, "event": "heartbeat", "timestamp": "2025-09-18T01:15:47.548299Z", "level": "info"}
Running job "task_wrapper (trigger: interval[0:05:07.070337], next run at: 2025-09-18 03:21:10 CEST)" (scheduled at 2025-09-18 03:16:03.068012+02:00)
{"task": "derivatives_oi", "ts": "2025-09-18T01:16:03.071152Z", "event": "task_start", "timestamp": "2025-09-18T01:16:03.071152Z", "level": "info"}
{"symbol": "BTCUSDT", "event": "deriv_cache_hit", "timestamp": "2025-09-18T01:16:03.073151Z", "level": "info"}
{"task": "derivatives_oi", "event": "task_ok", "timestamp": "2025-09-18T01:16:03.073151Z", "level": "info"}
{"task": "derivatives_oi", "duration": 0.002995, "event": "task_end", "timestamp": "2025-09-18T01:16:03.074147Z", "level": "info"}
Job "task_wrapper (trigger: interval[0:05:07.070337], next run at: 2025-09-18 03:21:10 CEST)" executed successfully
{"alive": true, "rss_mb": 44.7, "cpu_percent": 0.0, "event": "heartbeat", "timestamp": "2025-09-18T01:16:17.550351Z", "level": "info"}
{"alive": true, "rss_mb": 44.7, "cpu_percent": 0.0, "event": "heartbeat", "timestamp": "2025-09-18T01:16:47.554683Z", "level": "info"}
Running job "task_wrapper (trigger: interval[0:05:08.878330], next run at: 2025-09-18 03:22:26 CEST)" (scheduled at 2025-09-18 03:17:17.189734+02:00)
{"task": "macro", "ts": "2025-09-18T01:17:17.201350Z", "event": "task_start", "timestamp": "2025-09-18T01:17:17.201350Z", "level": "info"}
{"symbol": "bitcoin", "event": "macro_cache_hit", "timestamp": "2025-09-18T01:17:17.202350Z", "level": "info"}
{"task": "macro", "event": "task_ok", "timestamp": "2025-09-18T01:17:17.203350Z", "level": "info"}
{"task": "macro", "duration": 0.002999, "event": "task_end", "timestamp": "2025-09-18T01:17:17.204349Z", "level": "info"}
Job "task_wrapper (trigger: interval[0:05:08.878330], next run at: 2025-09-18 03:22:26 CEST)" executed successfully
{"alive": true, "rss_mb": 44.7, "cpu_percent": 0.0, "event": "heartbeat", "timestamp": "2025-09-18T01:17:17.576193Z", "level": "info"}
{"alive": true, "rss_mb": 44.7, "cpu_percent": 0.0, "event": "heartbeat", "timestamp": "2025-09-18T01:17:47.587996Z", "level": "info"}
{"alive": true, "rss_mb": 44.7, "cpu_percent": 0.0, "event": "heartbeat", "timestamp": "2025-09-18T01:18:17.605093Z", "level": "info"}
Running job "task_wrapper (trigger: interval[0:05:03.285188], next run at: 2025-09-18 03:23:34 CEST)" (scheduled at 2025-09-18 03:18:31.163093+02:00)
{"task": "derivatives_lsr", "ts": "2025-09-18T01:18:31.166072Z", "event": "task_start", "timestamp": "2025-09-18T01:18:31.166072Z", "level": "info"}
HTTP Request: GET https://api.bybit.com/v5/market/account-ratio?category=linear&symbol=BTCUSDT&period=5min "HTTP/1.1 200 OK"
{"symbol": "BTCUSDT", "metric": "long_short_ratio", "source": "bybit", "event": "deriv_success", "timestamp": "2025-09-18T01:18:31.861055Z", "level": "info"}
{"task": "derivatives_lsr", "event": "task_ok", "timestamp": "2025-09-18T01:18:31.862018Z", "level": "info"}
{"task": "derivatives_lsr", "duration": 0.696945, "event": "task_end", "timestamp": "2025-09-18T01:18:31.863017Z", "level": "info"}
Job "task_wrapper (trigger: interval[0:05:03.285188], next run at: 2025-09-18 03:23:34 CEST)" executed successfully
{"alive": true, "rss_mb": 45.1, "cpu_percent": 0.0, "event": "heartbeat", "timestamp": "2025-09-18T01:18:47.628661Z", "level": "info"}
{"alive": true, "rss_mb": 45.1, "cpu_percent": 0.0, "event": "heartbeat", "timestamp": "2025-09-18T01:19:17.630422Z", "level": "info"}
{"alive": true, "rss_mb": 45.1, "cpu_percent": 0.0, "event": "heartbeat", "timestamp": "2025-09-18T01:19:47.639246Z", "level": "info"}
{"alive": true, "rss_mb": 45.1, "cpu_percent": 0.0, "event": "heartbeat", "timestamp": "2025-09-18T01:20:17.638517Z", "level": "info"}
{"alive": true, "rss_mb": 45.1, "cpu_percent": 0.0, "event": "heartbeat", "timestamp": "2025-09-18T01:20:47.641615Z", "level": "info"}
Running job "task_wrapper (trigger: interval[0:05:07.070337], next run at: 2025-09-18 03:26:17 CEST)" (scheduled at 2025-09-18 03:21:10.138349+02:00)
{"task": "derivatives_oi", "ts": "2025-09-18T01:21:10.161545Z", "event": "task_start", "timestamp": "2025-09-18T01:21:10.161545Z", "level": "info"}
{"symbol": "BTCUSDT", "event": "deriv_cache_hit", "timestamp": "2025-09-18T01:21:10.162550Z", "level": "info"}
{"task": "derivatives_oi", "event": "task_ok", "timestamp": "2025-09-18T01:21:10.164549Z", "level": "info"}
{"task": "derivatives_oi", "duration": 0.004, "event": "task_end", "timestamp": "2025-09-18T01:21:10.165545Z", "level": "info"}
Job "task_wrapper (trigger: interval[0:05:07.070337], next run at: 2025-09-18 03:26:17 CEST)" executed successfully
{"alive": true, "rss_mb": 44.8, "cpu_percent": 0.0, "event": "heartbeat", "timestamp": "2025-09-18T01:21:17.657690Z", "level": "info"}
{"alive": true, "rss_mb": 44.8, "cpu_percent": 0.0, "event": "heartbeat", "timestamp": "2025-09-18T01:21:47.662551Z", "level": "info"}
{"alive": true, "rss_mb": 44.8, "cpu_percent": 0.0, "event": "heartbeat", "timestamp": "2025-09-18T01:22:17.672124Z", "level": "info"}
Running job "task_wrapper (trigger: interval[0:05:08.878330], next run at: 2025-09-18 03:27:34 CEST)" (scheduled at 2025-09-18 03:22:26.068064+02:00)
{"task": "macro", "ts": "2025-09-18T01:22:26.080728Z", "event": "task_start", "timestamp": "2025-09-18T01:22:26.080728Z", "level": "info"}
{"symbol": "bitcoin", "event": "macro_cache_hit", "timestamp": "2025-09-18T01:22:26.081728Z", "level": "info"}
{"task": "macro", "event": "task_ok", "timestamp": "2025-09-18T01:22:26.082728Z", "level": "info"}
{"task": "macro", "duration": 0.002997, "event": "task_end", "timestamp": "2025-09-18T01:22:26.083725Z", "level": "info"}
Job "task_wrapper (trigger: interval[0:05:08.878330], next run at: 2025-09-18 03:27:34 CEST)" executed successfully
{"alive": true, "rss_mb": 44.8, "cpu_percent": 0.0, "event": "heartbeat", "timestamp": "2025-09-18T01:22:47.684563Z", "level": "info"}
{"alive": true, "rss_mb": 44.8, "cpu_percent": 0.0, "event": "heartbeat", "timestamp": "2025-09-18T01:23:17.690986Z", "level": "info"}
Running job "task_wrapper (trigger: interval[0:05:03.285188], next run at: 2025-09-18 03:28:37 CEST)" (scheduled at 2025-09-18 03:23:34.448281+02:00)
{"task": "derivatives_lsr", "ts": "2025-09-18T01:23:34.468429Z", "event": "task_start", "timestamp": "2025-09-18T01:23:34.468429Z", "level": "info"}
HTTP Request: GET https://api.bybit.com/v5/market/account-ratio?category=linear&symbol=BTCUSDT&period=5min "HTTP/1.1 200 OK"
{"symbol": "BTCUSDT", "metric": "long_short_ratio", "source": "bybit", "event": "deriv_success", "timestamp": "2025-09-18T01:23:35.182000Z", "level": "info"}
{"task": "derivatives_lsr", "event": "task_ok", "timestamp": "2025-09-18T01:23:35.182991Z", "level": "info"}
{"task": "derivatives_lsr", "duration": 0.71556, "event": "task_end", "timestamp": "2025-09-18T01:23:35.183989Z", "level": "info"}
Job "task_wrapper (trigger: interval[0:05:03.285188], next run at: 2025-09-18 03:28:37 CEST)" executed successfully
{"alive": true, "rss_mb": 45.8, "cpu_percent": 0.0, "event": "heartbeat", "timestamp": "2025-09-18T01:23:47.689702Z", "level": "info"}
{"alive": true, "rss_mb": 45.8, "cpu_percent": 0.0, "event": "heartbeat", "timestamp": "2025-09-18T01:24:17.698504Z", "level": "info"}
{"alive": true, "rss_mb": 45.8, "cpu_percent": 0.0, "event": "heartbeat", "timestamp": "2025-09-18T01:24:47.700250Z", "level": "info"}
Running job "task_wrapper (trigger: interval[0:15:38.604368], next run at: 2025-09-18 03:40:52 CEST)" (scheduled at 2025-09-18 03:25:13.641353+02:00)
{"task": "defillama", "ts": "2025-09-18T01:25:13.657748Z", "event": "task_start", "timestamp": "2025-09-18T01:25:13.657748Z", "level": "info"}
HTTP Request: GET https://api.llama.fi/v2/chains "HTTP/1.1 200 OK"
HTTP Request: GET https://api.llama.fi/v2/chains "HTTP/1.1 200 OK"
HTTP Request: GET https://api.llama.fi/v2/historicalChainTvl/Ethereum "HTTP/1.1 200 OK"
{"tvlPrevDay": 94919602622.0, "tvlPrevWeek": 91887804334.0, "tvlPrevMonth": 89978270415.0, "event": "defillama_historical_calculated", "timestamp": "2025-09-18T01:25:15.398243Z", "level": "info"}
{"chain": "ethereum", "has_valid_historical": true, "event": "defillama_success", "timestamp": "2025-09-18T01:25:15.400247Z", "level": "info"}
{"task": "defillama", "event": "task_ok", "timestamp": "2025-09-18T01:25:15.401245Z", "level": "info"}
{"task": "defillama", "duration": 1.744515, "event": "task_end", "timestamp": "2025-09-18T01:25:15.402263Z", "level": "info"}
Job "task_wrapper (trigger: interval[0:15:38.604368], next run at: 2025-09-18 03:40:52 CEST)" executed successfully
{"alive": true, "rss_mb": 46.1, "cpu_percent": 0.0, "event": "heartbeat", "timestamp": "2025-09-18T01:25:17.706889Z", "level": "info"}
{"alive": true, "rss_mb": 46.1, "cpu_percent": 0.0, "event": "heartbeat", "timestamp": "2025-09-18T01:25:47.709894Z", "level": "info"}
Running job "task_wrapper (trigger: interval[0:05:07.070337], next run at: 2025-09-18 03:31:24 CEST)" (scheduled at 2025-09-18 03:26:17.208686+02:00)
{"task": "derivatives_oi", "ts": "2025-09-18T01:26:17.230660Z", "event": "task_start", "timestamp": "2025-09-18T01:26:17.230660Z", "level": "info"}
{"symbol": "BTCUSDT", "event": "deriv_cache_hit", "timestamp": "2025-09-18T01:26:17.231661Z", "level": "info"}
{"task": "derivatives_oi", "event": "task_ok", "timestamp": "2025-09-18T01:26:17.232661Z", "level": "info"}
{"task": "derivatives_oi", "duration": 0.002001, "event": "task_end", "timestamp": "2025-09-18T01:26:17.232661Z", "level": "info"}
Job "task_wrapper (trigger: interval[0:05:07.070337], next run at: 2025-09-18 03:31:24 CEST)" executed successfully
{"alive": true, "rss_mb": 46.1, "cpu_percent": 0.0, "event": "heartbeat", "timestamp": "2025-09-18T01:26:17.715542Z", "level": "info"}
{"alive": true, "rss_mb": 46.1, "cpu_percent": 0.0, "event": "heartbeat", "timestamp": "2025-09-18T01:26:47.730985Z", "level": "info"}
{"alive": true, "rss_mb": 46.1, "cpu_percent": 0.0, "event": "heartbeat", "timestamp": "2025-09-18T01:27:17.747637Z", "level": "info"}
Running job "task_wrapper (trigger: interval[0:05:08.878330], next run at: 2025-09-18 03:32:43 CEST)" (scheduled at 2025-09-18 03:27:34.946394+02:00)
{"task": "macro", "ts": "2025-09-18T01:27:34.949443Z", "event": "task_start", "timestamp": "2025-09-18T01:27:34.949443Z", "level": "info"}
{"symbol": "bitcoin", "event": "macro_cache_hit", "timestamp": "2025-09-18T01:27:34.950425Z", "level": "info"}
{"task": "macro", "event": "task_ok", "timestamp": "2025-09-18T01:27:34.951426Z", "level": "info"}
{"task": "macro", "duration": 0.002978, "event": "task_end", "timestamp": "2025-09-18T01:27:34.952421Z", "level": "info"}
Job "task_wrapper (trigger: interval[0:05:08.878330], next run at: 2025-09-18 03:32:43 CEST)" executed successfully
{"alive": true, "rss_mb": 46.1, "cpu_percent": 0.0, "event": "heartbeat", "timestamp": "2025-09-18T01:27:47.766001Z", "level": "info"}
{"alive": true, "rss_mb": 46.1, "cpu_percent": 0.0, "event": "heartbeat", "timestamp": "2025-09-18T01:28:17.770615Z", "level": "info"}
Running job "task_wrapper (trigger: interval[0:05:03.285188], next run at: 2025-09-18 03:33:41 CEST)" (scheduled at 2025-09-18 03:28:37.733469+02:00)
{"task": "derivatives_lsr", "ts": "2025-09-18T01:28:37.746537Z", "event": "task_start", "timestamp": "2025-09-18T01:28:37.746537Z", "level": "info"}
HTTP Request: GET https://api.bybit.com/v5/market/account-ratio?category=linear&symbol=BTCUSDT&period=5min "HTTP/1.1 200 OK"
{"symbol": "BTCUSDT", "metric": "long_short_ratio", "source": "bybit", "event": "deriv_success", "timestamp": "2025-09-18T01:28:38.448253Z", "level": "info"}
{"task": "derivatives_lsr", "event": "task_ok", "timestamp": "2025-09-18T01:28:38.450235Z", "level": "info"}
{"task": "derivatives_lsr", "duration": 0.704696, "event": "task_end", "timestamp": "2025-09-18T01:28:38.451233Z", "level": "info"}
Job "task_wrapper (trigger: interval[0:05:03.285188], next run at: 2025-09-18 03:33:41 CEST)" executed successfully
{"alive": true, "rss_mb": 46.1, "cpu_percent": 0.0, "event": "heartbeat", "timestamp": "2025-09-18T01:28:47.768582Z", "level": "info"}
{"alive": true, "rss_mb": 46.1, "cpu_percent": 0.0, "event": "heartbeat", "timestamp": "2025-09-18T01:29:17.782220Z", "level": "info"}
{"alive": true, "rss_mb": 46.1, "cpu_percent": 0.0, "event": "heartbeat", "timestamp": "2025-09-18T01:29:47.786862Z", "level": "info"}
{"alive": true, "rss_mb": 46.1, "cpu_percent": 0.0, "event": "heartbeat", "timestamp": "2025-09-18T01:30:17.781604Z", "level": "info"}
{"alive": true, "rss_mb": 46.1, "cpu_percent": 0.0, "event": "heartbeat", "timestamp": "2025-09-18T01:30:47.789320Z", "level": "info"}
{"alive": true, "rss_mb": 46.1, "cpu_percent": 0.0, "event": "heartbeat", "timestamp": "2025-09-18T01:31:17.798666Z", "level": "info"}
Running job "task_wrapper (trigger: interval[0:05:07.070337], next run at: 2025-09-18 03:36:31 CEST)" (scheduled at 2025-09-18 03:31:24.279023+02:00)
{"task": "derivatives_oi", "ts": "2025-09-18T01:31:24.290687Z", "event": "task_start", "timestamp": "2025-09-18T01:31:24.290687Z", "level": "info"}
{"symbol": "BTCUSDT", "event": "deriv_cache_hit", "timestamp": "2025-09-18T01:31:24.291700Z", "level": "info"}
{"task": "derivatives_oi", "event": "task_ok", "timestamp": "2025-09-18T01:31:24.292695Z", "level": "info"}
{"task": "derivatives_oi", "duration": 0.003005, "event": "task_end", "timestamp": "2025-09-18T01:31:24.293692Z", "level": "info"}
Job "task_wrapper (trigger: interval[0:05:07.070337], next run at: 2025-09-18 03:36:31 CEST)" executed successfully
{"alive": true, "rss_mb": 46.1, "cpu_percent": 0.0, "event": "heartbeat", "timestamp": "2025-09-18T01:31:47.823692Z", "level": "info"}
{"alive": true, "rss_mb": 46.1, "cpu_percent": 0.0, "event": "heartbeat", "timestamp": "2025-09-18T01:32:17.823648Z", "level": "info"}
Running job "task_wrapper (trigger: interval[0:05:08.878330], next run at: 2025-09-18 03:37:52 CEST)" (scheduled at 2025-09-18 03:32:43.824724+02:00)
{"task": "macro", "ts": "2025-09-18T01:32:43.841785Z", "event": "task_start", "timestamp": "2025-09-18T01:32:43.841785Z", "level": "info"}
{"symbol": "bitcoin", "event": "macro_cache_hit", "timestamp": "2025-09-18T01:32:43.842786Z", "level": "info"}
{"task": "macro", "event": "task_ok", "timestamp": "2025-09-18T01:32:43.843789Z", "level": "info"}
{"task": "macro", "duration": 0.003, "event": "task_end", "timestamp": "2025-09-18T01:32:43.844785Z", "level": "info"}
Job "task_wrapper (trigger: interval[0:05:08.878330], next run at: 2025-09-18 03:37:52 CEST)" executed successfully
{"alive": true, "rss_mb": 46.1, "cpu_percent": 0.0, "event": "heartbeat", "timestamp": "2025-09-18T01:32:47.818121Z", "level": "info"}
{"alive": true, "rss_mb": 46.1, "cpu_percent": 0.0, "event": "heartbeat", "timestamp": "2025-09-18T01:33:17.823207Z", "level": "info"}
Running job "task_wrapper (trigger: interval[0:05:03.285188], next run at: 2025-09-18 03:38:44 CEST)" (scheduled at 2025-09-18 03:33:41.018657+02:00)
{"task": "derivatives_lsr", "ts": "2025-09-18T01:33:41.025208Z", "event": "task_start", "timestamp": "2025-09-18T01:33:41.025208Z", "level": "info"}
HTTP Request: GET https://api.bybit.com/v5/market/account-ratio?category=linear&symbol=BTCUSDT&period=5min "HTTP/1.1 200 OK"
{"symbol": "BTCUSDT", "metric": "long_short_ratio", "source": "bybit", "event": "deriv_success", "timestamp": "2025-09-18T01:33:41.709987Z", "level": "info"}
{"task": "derivatives_lsr", "event": "task_ok", "timestamp": "2025-09-18T01:33:41.711983Z", "level": "info"}
{"task": "derivatives_lsr", "duration": 0.686775, "event": "task_end", "timestamp": "2025-09-18T01:33:41.711983Z", "level": "info"}
Job "task_wrapper (trigger: interval[0:05:03.285188], next run at: 2025-09-18 03:38:44 CEST)" executed successfully
{"alive": true, "rss_mb": 46.3, "cpu_percent": 0.0, "event": "heartbeat", "timestamp": "2025-09-18T01:33:47.834186Z", "level": "info"}
{"alive": true, "rss_mb": 46.3, "cpu_percent": 0.0, "event": "heartbeat", "timestamp": "2025-09-18T01:34:17.850052Z", "level": "info"}
Running job "task_wrapper (trigger: interval[0:28:33.563456], next run at: 2025-09-18 04:03:15 CEST)" (scheduled at 2025-09-18 03:34:41.689850+02:00)
{"task": "onchain_hashrate", "ts": "2025-09-18T01:34:41.691927Z", "event": "task_start", "timestamp": "2025-09-18T01:34:41.691927Z", "level": "info"}
HTTP Request: GET https://api.blockchain.info/q/hashrate "HTTP/1.1 200 OK"
{"symbol": "BTC", "source": "blockchain.info", "event": "onchain_success", "timestamp": "2025-09-18T01:34:42.258610Z", "level": "info"}
{"task": "onchain_hashrate", "event": "task_ok", "timestamp": "2025-09-18T01:34:42.259595Z", "level": "info"}
{"task": "onchain_hashrate", "duration": 0.568673, "event": "task_end", "timestamp": "2025-09-18T01:34:42.260600Z", "level": "info"}
Job "task_wrapper (trigger: interval[0:28:33.563456], next run at: 2025-09-18 04:03:15 CEST)" executed successfully
{"alive": true, "rss_mb": 46.6, "cpu_percent": 0.0, "event": "heartbeat", "timestamp": "2025-09-18T01:34:47.859843Z", "level": "info"}
{"alive": true, "rss_mb": 46.6, "cpu_percent": 0.0, "event": "heartbeat", "timestamp": "2025-09-18T01:35:17.859878Z", "level": "info"}
{"alive": true, "rss_mb": 46.6, "cpu_percent": 0.0, "event": "heartbeat", "timestamp": "2025-09-18T01:35:47.871761Z", "level": "info"}
{"alive": true, "rss_mb": 46.3, "cpu_percent": 0.0, "event": "heartbeat", "timestamp": "2025-09-18T01:36:17.886977Z", "level": "info"}
Running job "task_wrapper (trigger: interval[0:05:07.070337], next run at: 2025-09-18 03:41:38 CEST)" (scheduled at 2025-09-18 03:36:31.349360+02:00)
{"task": "derivatives_oi", "ts": "2025-09-18T01:36:31.368885Z", "event": "task_start", "timestamp": "2025-09-18T01:36:31.368885Z", "level": "info"}
{"symbol": "BTCUSDT", "event": "deriv_cache_hit", "timestamp": "2025-09-18T01:36:31.369886Z", "level": "info"}
{"task": "derivatives_oi", "event": "task_ok", "timestamp": "2025-09-18T01:36:31.370885Z", "level": "info"}
{"task": "derivatives_oi", "duration": 0.003007, "event": "task_end", "timestamp": "2025-09-18T01:36:31.371892Z", "level": "info"}
Job "task_wrapper (trigger: interval[0:05:07.070337], next run at: 2025-09-18 03:41:38 CEST)" executed successfully
{"alive": true, "rss_mb": 46.3, "cpu_percent": 0.0, "event": "heartbeat", "timestamp": "2025-09-18T01:36:47.893011Z", "level": "info"}
{"alive": true, "rss_mb": 46.3, "cpu_percent": 0.0, "event": "heartbeat", "timestamp": "2025-09-18T01:37:17.883114Z", "level": "info"}
{"alive": true, "rss_mb": 46.3, "cpu_percent": 0.0, "event": "heartbeat", "timestamp": "2025-09-18T01:37:47.892479Z", "level": "info"}
Running job "task_wrapper (trigger: interval[0:05:08.878330], next run at: 2025-09-18 03:43:01 CEST)" (scheduled at 2025-09-18 03:37:52.703054+02:00)
{"task": "macro", "ts": "2025-09-18T01:37:52.727075Z", "event": "task_start", "timestamp": "2025-09-18T01:37:52.727075Z", "level": "info"}
{"symbol": "bitcoin", "event": "macro_cache_hit", "timestamp": "2025-09-18T01:37:52.728072Z", "level": "info"}
{"task": "macro", "event": "task_ok", "timestamp": "2025-09-18T01:37:52.729073Z", "level": "info"}
{"task": "macro", "duration": 0.002998, "event": "task_end", "timestamp": "2025-09-18T01:37:52.730073Z", "level": "info"}
Job "task_wrapper (trigger: interval[0:05:08.878330], next run at: 2025-09-18 03:43:01 CEST)" executed successfully
{"alive": true, "rss_mb": 46.3, "cpu_percent": 0.0, "event": "heartbeat", "timestamp": "2025-09-18T01:38:17.901526Z", "level": "info"}
Running job "task_wrapper (trigger: interval[0:05:03.285188], next run at: 2025-09-18 03:43:47 CEST)" (scheduled at 2025-09-18 03:38:44.303845+02:00)
{"task": "derivatives_lsr", "ts": "2025-09-18T01:38:44.324613Z", "event": "task_start", "timestamp": "2025-09-18T01:38:44.324613Z", "level": "info"}
HTTP Request: GET https://api.bybit.com/v5/market/account-ratio?category=linear&symbol=BTCUSDT&period=5min "HTTP/1.1 200 OK"
{"symbol": "BTCUSDT", "metric": "long_short_ratio", "source": "bybit", "event": "deriv_success", "timestamp": "2025-09-18T01:38:45.082361Z", "level": "info"}
{"task": "derivatives_lsr", "event": "task_ok", "timestamp": "2025-09-18T01:38:45.084350Z", "level": "info"}
{"task": "derivatives_lsr", "duration": 0.760724, "event": "task_end", "timestamp": "2025-09-18T01:38:45.085337Z", "level": "info"}
Job "task_wrapper (trigger: interval[0:05:03.285188], next run at: 2025-09-18 03:43:47 CEST)" executed successfully
{"alive": true, "rss_mb": 47.0, "cpu_percent": 0.0, "event": "heartbeat", "timestamp": "2025-09-18T01:38:47.904145Z", "level": "info"}
{"alive": true, "rss_mb": 47.0, "cpu_percent": 0.0, "event": "heartbeat", "timestamp": "2025-09-18T01:39:17.907699Z", "level": "info"}
{"alive": true, "rss_mb": 47.0, "cpu_percent": 0.0, "event": "heartbeat", "timestamp": "2025-09-18T01:39:47.914443Z", "level": "info"}
{"alive": true, "rss_mb": 47.0, "cpu_percent": 0.0, "event": "heartbeat", "timestamp": "2025-09-18T01:40:17.928580Z", "level": "info"}
{"alive": true, "rss_mb": 47.0, "cpu_percent": 0.0, "event": "heartbeat", "timestamp": "2025-09-18T01:40:47.943124Z", "level": "info"}
Running job "task_wrapper (trigger: interval[0:15:38.604368], next run at: 2025-09-18 03:56:30 CEST)" (scheduled at 2025-09-18 03:40:52.245721+02:00)
{"task": "defillama", "ts": "2025-09-18T01:40:52.259053Z", "event": "task_start", "timestamp": "2025-09-18T01:40:52.259053Z", "level": "info"}
HTTP Request: GET https://api.llama.fi/v2/chains "HTTP/1.1 200 OK"
HTTP Request: GET https://api.llama.fi/v2/chains "HTTP/1.1 200 OK"
HTTP Request: GET https://api.llama.fi/v2/historicalChainTvl/Ethereum "HTTP/1.1 200 OK"
{"tvlPrevDay": 94919602622.0, "tvlPrevWeek": 91887804334.0, "tvlPrevMonth": 89978270415.0, "event": "defillama_historical_calculated", "timestamp": "2025-09-18T01:40:53.926261Z", "level": "info"}
{"chain": "ethereum", "has_valid_historical": true, "event": "defillama_success", "timestamp": "2025-09-18T01:40:53.928246Z", "level": "info"}
{"task": "defillama", "event": "task_ok", "timestamp": "2025-09-18T01:40:53.929234Z", "level": "info"}
{"task": "defillama", "duration": 1.671198, "event": "task_end", "timestamp": "2025-09-18T01:40:53.930251Z", "level": "info"}
Job "task_wrapper (trigger: interval[0:15:38.604368], next run at: 2025-09-18 03:56:30 CEST)" executed successfully
{"alive": true, "rss_mb": 47.1, "cpu_percent": 0.0, "event": "heartbeat", "timestamp": "2025-09-18T01:41:17.959505Z", "level": "info"}
Running job "task_wrapper (trigger: interval[0:05:07.070337], next run at: 2025-09-18 03:46:45 CEST)" (scheduled at 2025-09-18 03:41:38.419697+02:00)
{"task": "derivatives_oi", "ts": "2025-09-18T01:41:38.435233Z", "event": "task_start", "timestamp": "2025-09-18T01:41:38.435233Z", "level": "info"}
{"symbol": "BTCUSDT", "event": "deriv_cache_hit", "timestamp": "2025-09-18T01:41:38.437237Z", "level": "info"}
{"task": "derivatives_oi", "event": "task_ok", "timestamp": "2025-09-18T01:41:38.438245Z", "level": "info"}
{"task": "derivatives_oi", "duration": 0.003999, "event": "task_end", "timestamp": "2025-09-18T01:41:38.439232Z", "level": "info"}
Job "task_wrapper (trigger: interval[0:05:07.070337], next run at: 2025-09-18 03:46:45 CEST)" executed successfully
{"alive": true, "rss_mb": 47.2, "cpu_percent": 0.0, "event": "heartbeat", "timestamp": "2025-09-18T01:41:47.986119Z", "level": "info"}
{"alive": true, "rss_mb": 47.2, "cpu_percent": 0.0, "event": "heartbeat", "timestamp": "2025-09-18T01:42:17.995214Z", "level": "info"}
{"alive": true, "rss_mb": 47.2, "cpu_percent": 0.0, "event": "heartbeat", "timestamp": "2025-09-18T01:42:48.004117Z", "level": "info"}
Running job "task_wrapper (trigger: interval[0:05:08.878330], next run at: 2025-09-18 03:48:10 CEST)" (scheduled at 2025-09-18 03:43:01.581384+02:00)
{"task": "macro", "ts": "2025-09-18T01:43:01.618962Z", "event": "task_start", "timestamp": "2025-09-18T01:43:01.618962Z", "level": "info"}
{"symbol": "bitcoin", "event": "macro_cache_hit", "timestamp": "2025-09-18T01:43:01.638951Z", "level": "info"}
{"task": "macro", "event": "task_ok", "timestamp": "2025-09-18T01:43:01.659955Z", "level": "info"}
{"task": "macro", "duration": 0.042507, "event": "task_end", "timestamp": "2025-09-18T01:43:01.661469Z", "level": "info"}
Job "task_wrapper (trigger: interval[0:05:08.878330], next run at: 2025-09-18 03:48:10 CEST)" executed successfully
{"alive": true, "rss_mb": 47.1, "cpu_percent": 0.0, "event": "heartbeat", "timestamp": "2025-09-18T01:43:18.013069Z", "level": "info"}
Running job "task_wrapper (trigger: interval[0:05:03.285188], next run at: 2025-09-18 03:48:50 CEST)" (scheduled at 2025-09-18 03:43:47.589033+02:00)
{"task": "derivatives_lsr", "ts": "2025-09-18T01:43:47.596854Z", "event": "task_start", "timestamp": "2025-09-18T01:43:47.596854Z", "level": "info"}
{"alive": true, "rss_mb": 47.1, "cpu_percent": 0.0, "event": "heartbeat", "timestamp": "2025-09-18T01:43:48.050762Z", "level": "info"}
HTTP Request: GET https://api.bybit.com/v5/market/account-ratio?category=linear&symbol=BTCUSDT&period=5min "HTTP/1.1 200 OK"
{"symbol": "BTCUSDT", "metric": "long_short_ratio", "source": "bybit", "event": "deriv_success", "timestamp": "2025-09-18T01:43:48.326246Z", "level": "info"}
{"task": "derivatives_lsr", "event": "task_ok", "timestamp": "2025-09-18T01:43:48.327578Z", "level": "info"}
{"task": "derivatives_lsr", "duration": 0.730724, "event": "task_end", "timestamp": "2025-09-18T01:43:48.327578Z", "level": "info"}
Job "task_wrapper (trigger: interval[0:05:03.285188], next run at: 2025-09-18 03:48:50 CEST)" executed successfully
Running job "task_wrapper (trigger: interval[0:29:42.286402], next run at: 2025-09-18 04:13:33 CEST)" (scheduled at 2025-09-18 03:43:51.474413+02:00)
{"task": "onchain_sopr", "ts": "2025-09-18T01:43:51.483642Z", "event": "task_start", "timestamp": "2025-09-18T01:43:51.483642Z", "level": "info"}
HTTP Request: GET https://bitcoin-data.com/v1/sopr/csv "HTTP/1.1 200 "
{"symbol": "BTC", "source": "bitcoin-data.com", "event": "onchain_success", "timestamp": "2025-09-18T01:43:52.700301Z", "level": "info"}
{"task": "onchain_sopr", "event": "task_ok", "timestamp": "2025-09-18T01:43:52.702304Z", "level": "info"}
{"task": "onchain_sopr", "duration": 1.219658, "event": "task_end", "timestamp": "2025-09-18T01:43:52.703300Z", "level": "info"}
Job "task_wrapper (trigger: interval[0:29:42.286402], next run at: 2025-09-18 04:13:33 CEST)" executed successfully
{"alive": true, "rss_mb": 49.6, "cpu_percent": 0.0, "event": "heartbeat", "timestamp": "2025-09-18T01:44:18.061216Z", "level": "info"}
Running job "task_wrapper (trigger: interval[0:29:49.249948], next run at: 2025-09-18 04:14:36 CEST)" (scheduled at 2025-09-18 03:44:47.180779+02:00)
{"task": "onchain_tx", "ts": "2025-09-18T01:44:47.194173Z", "event": "task_start", "timestamp": "2025-09-18T01:44:47.194173Z", "level": "info"}
HTTP Request: GET https://api.blockchain.info/q/getblockcount "HTTP/1.1 200 OK"
{"symbol": "BTC", "source": "blockchain.info", "event": "onchain_success", "timestamp": "2025-09-18T01:44:47.763361Z", "level": "info"}
{"task": "onchain_tx", "event": "task_ok", "timestamp": "2025-09-18T01:44:47.764364Z", "level": "info"}
{"task": "onchain_tx", "duration": 0.571189, "event": "task_end", "timestamp": "2025-09-18T01:44:47.765362Z", "level": "info"}
Job "task_wrapper (trigger: interval[0:29:49.249948], next run at: 2025-09-18 04:14:36 CEST)" executed successfully
{"alive": true, "rss_mb": 50.0, "cpu_percent": 0.0, "event": "heartbeat", "timestamp": "2025-09-18T01:44:48.072396Z", "level": "info"}
{"alive": true, "rss_mb": 50.0, "cpu_percent": 0.0, "event": "heartbeat", "timestamp": "2025-09-18T01:45:18.079961Z", "level": "info"}
{"alive": true, "rss_mb": 50.0, "cpu_percent": 0.0, "event": "heartbeat", "timestamp": "2025-09-18T01:45:48.090557Z", "level": "info"}
Running job "task_wrapper (trigger: interval[0:59:55.343029], next run at: 2025-09-18 04:45:49 CEST)" (scheduled at 2025-09-18 03:45:54.558313+02:00)
{"task": "sentiment_fg", "ts": "2025-09-18T01:45:54.572830Z", "event": "task_start", "timestamp": "2025-09-18T01:45:54.572830Z", "level": "info"}
{"metric": "fear_greed", "event": "sentiment_cache_hit", "timestamp": "2025-09-18T01:45:54.573833Z", "level": "info"}
{"task": "sentiment_fg", "event": "task_ok", "timestamp": "2025-09-18T01:45:54.574837Z", "level": "info"}
{"task": "sentiment_fg", "duration": 0.002999, "event": "task_end", "timestamp": "2025-09-18T01:45:54.575829Z", "level": "info"}
Job "task_wrapper (trigger: interval[0:59:55.343029], next run at: 2025-09-18 04:45:49 CEST)" executed successfully
{"alive": true, "rss_mb": 50.0, "cpu_percent": 0.0, "event": "heartbeat", "timestamp": "2025-09-18T01:46:18.097979Z", "level": "info"}
Running job "task_wrapper (trigger: interval[0:05:07.070337], next run at: 2025-09-18 03:51:52 CEST)" (scheduled at 2025-09-18 03:46:45.490034+02:00)
{"task": "derivatives_oi", "ts": "2025-09-18T01:46:45.502814Z", "event": "task_start", "timestamp": "2025-09-18T01:46:45.502814Z", "level": "info"}
{"symbol": "BTCUSDT", "event": "deriv_cache_hit", "timestamp": "2025-09-18T01:46:45.503813Z", "level": "info"}
{"task": "derivatives_oi", "event": "task_ok", "timestamp": "2025-09-18T01:46:45.504815Z", "level": "info"}
{"task": "derivatives_oi", "duration": 0.003001, "event": "task_end", "timestamp": "2025-09-18T01:46:45.505815Z", "level": "info"}
Job "task_wrapper (trigger: interval[0:05:07.070337], next run at: 2025-09-18 03:51:52 CEST)" executed successfully
{"alive": true, "rss_mb": 50.0, "cpu_percent": 0.0, "event": "heartbeat", "timestamp": "2025-09-18T01:46:48.110828Z", "level": "info"}
{"alive": true, "rss_mb": 50.0, "cpu_percent": 0.0, "event": "heartbeat", "timestamp": "2025-09-18T01:47:18.119073Z", "level": "info"}
{"alive": true, "rss_mb": 50.0, "cpu_percent": 0.0, "event": "heartbeat", "timestamp": "2025-09-18T01:47:48.123801Z", "level": "info"}
Running job "task_wrapper (trigger: interval[0:05:08.878330], next run at: 2025-09-18 03:53:19 CEST)" (scheduled at 2025-09-18 03:48:10.459714+02:00)
{"task": "macro", "ts": "2025-09-18T01:48:10.464806Z", "event": "task_start", "timestamp": "2025-09-18T01:48:10.464806Z", "level": "info"}
{"symbol": "bitcoin", "event": "macro_cache_hit", "timestamp": "2025-09-18T01:48:10.465812Z", "level": "info"}
{"task": "macro", "event": "task_ok", "timestamp": "2025-09-18T01:48:10.467807Z", "level": "info"}
{"task": "macro", "duration": 0.003998, "event": "task_end", "timestamp": "2025-09-18T01:48:10.468804Z", "level": "info"}
Job "task_wrapper (trigger: interval[0:05:08.878330], next run at: 2025-09-18 03:53:19 CEST)" executed successfully
{"alive": true, "rss_mb": 50.0, "cpu_percent": 0.0, "event": "heartbeat", "timestamp": "2025-09-18T01:48:18.126388Z", "level": "info"}
{"alive": true, "rss_mb": 50.0, "cpu_percent": 0.0, "event": "heartbeat", "timestamp": "2025-09-18T01:48:48.129377Z", "level": "info"}
Running job "task_wrapper (trigger: interval[0:05:03.285188], next run at: 2025-09-18 03:53:54 CEST)" (scheduled at 2025-09-18 03:48:50.874221+02:00)
{"task": "derivatives_lsr", "ts": "2025-09-18T01:48:50.883163Z", "event": "task_start", "timestamp": "2025-09-18T01:48:50.883163Z", "level": "info"}
HTTP Request: GET https://api.bybit.com/v5/market/account-ratio?category=linear&symbol=BTCUSDT&period=5min "HTTP/1.1 200 OK"
{"symbol": "BTCUSDT", "metric": "long_short_ratio", "source": "bybit", "event": "deriv_success", "timestamp": "2025-09-18T01:48:51.600183Z", "level": "info"}
{"task": "derivatives_lsr", "event": "task_ok", "timestamp": "2025-09-18T01:48:51.601185Z", "level": "info"}
{"task": "derivatives_lsr", "duration": 0.719012, "event": "task_end", "timestamp": "2025-09-18T01:48:51.602175Z", "level": "info"}
Job "task_wrapper (trigger: interval[0:05:03.285188], next run at: 2025-09-18 03:53:54 CEST)" executed successfully
{"alive": true, "rss_mb": 50.1, "cpu_percent": 0.0, "event": "heartbeat", "timestamp": "2025-09-18T01:49:18.145752Z", "level": "info"}
{"alive": true, "rss_mb": 50.1, "cpu_percent": 0.0, "event": "heartbeat", "timestamp": "2025-09-18T01:49:48.151169Z", "level": "info"}
{"alive": true, "rss_mb": 50.1, "cpu_percent": 0.0, "event": "heartbeat", "timestamp": "2025-09-18T01:50:18.149732Z", "level": "info"}
{"alive": true, "rss_mb": 50.1, "cpu_percent": 0.0, "event": "heartbeat", "timestamp": "2025-09-18T01:50:48.166611Z", "level": "info"}
{"alive": true, "rss_mb": 50.1, "cpu_percent": 0.0, "event": "heartbeat", "timestamp": "2025-09-18T01:51:18.182464Z", "level": "info"}
{"alive": true, "rss_mb": 49.8, "cpu_percent": 0.0, "event": "heartbeat", "timestamp": "2025-09-18T01:51:48.192087Z", "level": "info"}
Running job "task_wrapper (trigger: interval[0:05:07.070337], next run at: 2025-09-18 03:56:59 CEST)" (scheduled at 2025-09-18 03:51:52.560371+02:00)
{"task": "derivatives_oi", "ts": "2025-09-18T01:51:52.569188Z", "event": "task_start", "timestamp": "2025-09-18T01:51:52.569188Z", "level": "info"}
{"symbol": "BTCUSDT", "event": "deriv_cache_hit", "timestamp": "2025-09-18T01:51:52.570172Z", "level": "info"}
{"task": "derivatives_oi", "event": "task_ok", "timestamp": "2025-09-18T01:51:52.571182Z", "level": "info"}
{"task": "derivatives_oi", "duration": 0.003006, "event": "task_end", "timestamp": "2025-09-18T01:51:52.572194Z", "level": "info"}
Job "task_wrapper (trigger: interval[0:05:07.070337], next run at: 2025-09-18 03:56:59 CEST)" executed successfully
{"alive": true, "rss_mb": 49.8, "cpu_percent": 0.0, "event": "heartbeat", "timestamp": "2025-09-18T01:52:18.213934Z", "level": "info"}
{"alive": true, "rss_mb": 49.8, "cpu_percent": 0.0, "event": "heartbeat", "timestamp": "2025-09-18T01:52:48.216942Z", "level": "info"}
{"alive": true, "rss_mb": 49.8, "cpu_percent": 0.0, "event": "heartbeat", "timestamp": "2025-09-18T01:53:18.235188Z", "level": "info"}
Running job "task_wrapper (trigger: interval[0:05:08.878330], next run at: 2025-09-18 03:58:28 CEST)" (scheduled at 2025-09-18 03:53:19.338044+02:00)
{"task": "macro", "ts": "2025-09-18T01:53:19.346040Z", "event": "task_start", "timestamp": "2025-09-18T01:53:19.346040Z", "level": "info"}
{"symbol": "bitcoin", "event": "macro_cache_hit", "timestamp": "2025-09-18T01:53:19.347044Z", "level": "info"}
{"task": "macro", "event": "task_ok", "timestamp": "2025-09-18T01:53:19.348064Z", "level": "info"}
{"task": "macro", "duration": 0.003036, "event": "task_end", "timestamp": "2025-09-18T01:53:19.350062Z", "level": "info"}
Job "task_wrapper (trigger: interval[0:05:08.878330], next run at: 2025-09-18 03:58:28 CEST)" executed successfully
{"alive": true, "rss_mb": 49.8, "cpu_percent": 0.0, "event": "heartbeat", "timestamp": "2025-09-18T01:53:48.257266Z", "level": "info"}
Running job "task_wrapper (trigger: interval[0:05:03.285188], next run at: 2025-09-18 03:58:57 CEST)" (scheduled at 2025-09-18 03:53:54.159409+02:00)
{"task": "derivatives_lsr", "ts": "2025-09-18T01:53:54.175777Z", "event": "task_start", "timestamp": "2025-09-18T01:53:54.175777Z", "level": "info"}
HTTP Request: GET https://api.bybit.com/v5/market/account-ratio?category=linear&symbol=BTCUSDT&period=5min "HTTP/1.1 200 OK"
{"symbol": "BTCUSDT", "metric": "long_short_ratio", "source": "bybit", "event": "deriv_success", "timestamp": "2025-09-18T01:53:54.962924Z", "level": "info"}
{"task": "derivatives_lsr", "event": "task_ok", "timestamp": "2025-09-18T01:53:54.965062Z", "level": "info"}
{"task": "derivatives_lsr", "duration": 0.789285, "event": "task_end", "timestamp": "2025-09-18T01:53:54.965062Z", "level": "info"}
Job "task_wrapper (trigger: interval[0:05:03.285188], next run at: 2025-09-18 03:58:57 CEST)" executed successfully
{"alive": true, "rss_mb": 45.4, "cpu_percent": 0.0, "event": "heartbeat", "timestamp": "2025-09-18T01:54:18.266356Z", "level": "info"}
{"alive": true, "rss_mb": 45.4, "cpu_percent": 0.0, "event": "heartbeat", "timestamp": "2025-09-18T01:54:48.281770Z", "level": "info"}
{"alive": true, "rss_mb": 45.4, "cpu_percent": 0.0, "event": "heartbeat", "timestamp": "2025-09-18T01:55:18.285944Z", "level": "info"}
{"alive": true, "rss_mb": 45.4, "cpu_percent": 0.0, "event": "heartbeat", "timestamp": "2025-09-18T01:55:48.291754Z", "level": "info"}
{"alive": true, "rss_mb": 45.4, "cpu_percent": 0.0, "event": "heartbeat", "timestamp": "2025-09-18T01:56:18.295553Z", "level": "info"}
Running job "task_wrapper (trigger: interval[0:15:38.604368], next run at: 2025-09-18 04:12:09 CEST)" (scheduled at 2025-09-18 03:56:30.850089+02:00)
{"task": "defillama", "ts": "2025-09-18T01:56:30.878443Z", "event": "task_start", "timestamp": "2025-09-18T01:56:30.878443Z", "level": "info"}
HTTP Request: GET https://api.llama.fi/v2/chains "HTTP/1.1 200 OK"
HTTP Request: GET https://api.llama.fi/v2/chains "HTTP/1.1 200 OK"
HTTP Request: GET https://api.llama.fi/v2/historicalChainTvl/Ethereum "HTTP/1.1 200 OK"
{"tvlPrevDay": 93787635229.0, "tvlPrevWeek": 91887804334.0, "tvlPrevMonth": 89978270415.0, "event": "defillama_historical_calculated", "timestamp": "2025-09-18T01:56:32.891683Z", "level": "info"}
{"chain": "ethereum", "has_valid_historical": true, "event": "defillama_success", "timestamp": "2025-09-18T01:56:32.894692Z", "level": "info"}
{"task": "defillama", "event": "task_ok", "timestamp": "2025-09-18T01:56:32.895678Z", "level": "info"}
{"task": "defillama", "duration": 2.018256, "event": "task_end", "timestamp": "2025-09-18T01:56:32.896699Z", "level": "info"}
Job "task_wrapper (trigger: interval[0:15:38.604368], next run at: 2025-09-18 04:12:09 CEST)" executed successfully
{"alive": true, "rss_mb": 55.6, "cpu_percent": 0.0, "event": "heartbeat", "timestamp": "2025-09-18T01:56:48.298187Z", "level": "info"}
Running job "task_wrapper (trigger: interval[0:05:07.070337], next run at: 2025-09-18 04:02:06 CEST)" (scheduled at 2025-09-18 03:56:59.630708+02:00)
{"task": "derivatives_oi", "ts": "2025-09-18T01:56:59.647459Z", "event": "task_start", "timestamp": "2025-09-18T01:56:59.647459Z", "level": "info"}
{"symbol": "BTCUSDT", "event": "deriv_cache_hit", "timestamp": "2025-09-18T01:56:59.648460Z", "level": "info"}
{"task": "derivatives_oi", "event": "task_ok", "timestamp": "2025-09-18T01:56:59.649493Z", "level": "info"}
{"task": "derivatives_oi", "duration": 0.002991, "event": "task_end", "timestamp": "2025-09-18T01:56:59.650450Z", "level": "info"}
Job "task_wrapper (trigger: interval[0:05:07.070337], next run at: 2025-09-18 04:02:06 CEST)" executed successfully
{"alive": true, "rss_mb": 55.6, "cpu_percent": 0.0, "event": "heartbeat", "timestamp": "2025-09-18T01:57:18.315333Z", "level": "info"}
{"alive": true, "rss_mb": 55.6, "cpu_percent": 0.0, "event": "heartbeat", "timestamp": "2025-09-18T01:57:48.326563Z", "level": "info"}
{"alive": true, "rss_mb": 55.6, "cpu_percent": 0.0, "event": "heartbeat", "timestamp": "2025-09-18T01:58:18.320312Z", "level": "info"}
Running job "task_wrapper (trigger: interval[0:05:08.878330], next run at: 2025-09-18 04:03:37 CEST)" (scheduled at 2025-09-18 03:58:28.216374+02:00)
{"task": "macro", "ts": "2025-09-18T01:58:28.224309Z", "event": "task_start", "timestamp": "2025-09-18T01:58:28.224309Z", "level": "info"}
{"symbol": "bitcoin", "event": "macro_cache_hit", "timestamp": "2025-09-18T01:58:28.225308Z", "level": "info"}
{"task": "macro", "event": "task_ok", "timestamp": "2025-09-18T01:58:28.226309Z", "level": "info"}
{"task": "macro", "duration": 0.003, "event": "task_end", "timestamp": "2025-09-18T01:58:28.227309Z", "level": "info"}
Job "task_wrapper (trigger: interval[0:05:08.878330], next run at: 2025-09-18 04:03:37 CEST)" executed successfully
{"alive": true, "rss_mb": 55.6, "cpu_percent": 0.0, "event": "heartbeat", "timestamp": "2025-09-18T01:58:48.334628Z", "level": "info"}
Running job "task_wrapper (trigger: interval[0:05:03.285188], next run at: 2025-09-18 04:04:00 CEST)" (scheduled at 2025-09-18 03:58:57.444597+02:00)
{"task": "derivatives_lsr", "ts": "2025-09-18T01:58:57.451236Z", "event": "task_start", "timestamp": "2025-09-18T01:58:57.451236Z", "level": "info"}
{"symbol": "BTCUSDT", "metric": "long_short_ratio", "event": "deriv_cache_hit", "timestamp": "2025-09-18T01:58:57.452231Z", "level": "info"}
{"task": "derivatives_lsr", "event": "task_ok", "timestamp": "2025-09-18T01:58:57.453231Z", "level": "info"}
{"task": "derivatives_lsr", "duration": 0.002993, "event": "task_end", "timestamp": "2025-09-18T01:58:57.454229Z", "level": "info"}
Job "task_wrapper (trigger: interval[0:05:03.285188], next run at: 2025-09-18 04:04:00 CEST)" executed successfully
{"alive": true, "rss_mb": 55.6, "cpu_percent": 0.0, "event": "heartbeat", "timestamp": "2025-09-18T01:59:18.335731Z", "level": "info"}
{"alive": true, "rss_mb": 55.6, "cpu_percent": 0.0, "event": "heartbeat", "timestamp": "2025-09-18T01:59:48.343374Z", "level": "info"}
{"alive": true, "rss_mb": 55.6, "cpu_percent": 0.0, "event": "heartbeat", "timestamp": "2025-09-18T02:00:18.346524Z", "level": "info"}
{"alive": true, "rss_mb": 55.6, "cpu_percent": 0.0, "event": "heartbeat", "timestamp": "2025-09-18T02:00:48.356586Z", "level": "info"}
{"alive": true, "rss_mb": 55.6, "cpu_percent": 0.0, "event": "heartbeat", "timestamp": "2025-09-18T02:01:18.360250Z", "level": "info"}
{"alive": true, "rss_mb": 55.6, "cpu_percent": 0.0, "event": "heartbeat", "timestamp": "2025-09-18T02:01:48.371596Z", "level": "info"}
Running job "task_wrapper (trigger: interval[0:05:07.070337], next run at: 2025-09-18 04:07:13 CEST)" (scheduled at 2025-09-18 04:02:06.701045+02:00)
{"task": "derivatives_oi", "ts": "2025-09-18T02:02:06.710835Z", "event": "task_start", "timestamp": "2025-09-18T02:02:06.710835Z", "level": "info"}
{"symbol": "BTCUSDT", "event": "deriv_cache_hit", "timestamp": "2025-09-18T02:02:06.711833Z", "level": "info"}
{"task": "derivatives_oi", "event": "task_ok", "timestamp": "2025-09-18T02:02:06.712833Z", "level": "info"}
{"task": "derivatives_oi", "duration": 0.001998, "event": "task_end", "timestamp": "2025-09-18T02:02:06.712833Z", "level": "info"}
Job "task_wrapper (trigger: interval[0:05:07.070337], next run at: 2025-09-18 04:07:13 CEST)" executed successfully
{"alive": true, "rss_mb": 55.6, "cpu_percent": 0.0, "event": "heartbeat", "timestamp": "2025-09-18T02:02:18.377807Z", "level": "info"}
{"alive": true, "rss_mb": 55.6, "cpu_percent": 0.0, "event": "heartbeat", "timestamp": "2025-09-18T02:02:48.375298Z", "level": "info"}
Running job "task_wrapper (trigger: interval[0:28:33.563456], next run at: 2025-09-18 04:31:48 CEST)" (scheduled at 2025-09-18 04:03:15.253306+02:00)
{"task": "onchain_hashrate", "ts": "2025-09-18T02:03:15.272346Z", "event": "task_start", "timestamp": "2025-09-18T02:03:15.272346Z", "level": "info"}
HTTP Request: GET https://api.blockchain.info/q/hashrate "HTTP/1.1 200 OK"
{"symbol": "BTC", "source": "blockchain.info", "event": "onchain_success", "timestamp": "2025-09-18T02:03:15.838008Z", "level": "info"}
{"task": "onchain_hashrate", "event": "task_ok", "timestamp": "2025-09-18T02:03:15.839997Z", "level": "info"}
{"task": "onchain_hashrate", "duration": 0.567651, "event": "task_end", "timestamp": "2025-09-18T02:03:15.839997Z", "level": "info"}
Job "task_wrapper (trigger: interval[0:28:33.563456], next run at: 2025-09-18 04:31:48 CEST)" executed successfully
{"alive": true, "rss_mb": 55.7, "cpu_percent": 0.0, "event": "heartbeat", "timestamp": "2025-09-18T02:03:18.387888Z", "level": "info"}
Running job "task_wrapper (trigger: interval[0:05:08.878330], next run at: 2025-09-18 04:08:45 CEST)" (scheduled at 2025-09-18 04:03:37.094704+02:00)
{"task": "macro", "ts": "2025-09-18T02:03:37.106607Z", "event": "task_start", "timestamp": "2025-09-18T02:03:37.106607Z", "level": "info"}
{"symbol": "bitcoin", "event": "macro_cache_hit", "timestamp": "2025-09-18T02:03:37.107611Z", "level": "info"}
{"task": "macro", "event": "task_ok", "timestamp": "2025-09-18T02:03:37.107611Z", "level": "info"}
{"task": "macro", "duration": 0.002007, "event": "task_end", "timestamp": "2025-09-18T02:03:37.108614Z", "level": "info"}
Job "task_wrapper (trigger: interval[0:05:08.878330], next run at: 2025-09-18 04:08:45 CEST)" executed successfully
{"alive": true, "rss_mb": 55.7, "cpu_percent": 0.0, "event": "heartbeat", "timestamp": "2025-09-18T02:03:48.400393Z", "level": "info"}
Running job "task_wrapper (trigger: interval[0:05:03.285188], next run at: 2025-09-18 04:09:04 CEST)" (scheduled at 2025-09-18 04:04:00.729785+02:00)
{"task": "derivatives_lsr", "ts": "2025-09-18T02:04:00.744104Z", "event": "task_start", "timestamp": "2025-09-18T02:04:00.744104Z", "level": "info"}
HTTP Request: GET https://api.bybit.com/v5/market/account-ratio?category=linear&symbol=BTCUSDT&period=5min "HTTP/1.1 200 OK"
{"symbol": "BTCUSDT", "metric": "long_short_ratio", "source": "bybit", "event": "deriv_success", "timestamp": "2025-09-18T02:04:01.455212Z", "level": "info"}
{"task": "derivatives_lsr", "event": "task_ok", "timestamp": "2025-09-18T02:04:01.457210Z", "level": "info"}
{"task": "derivatives_lsr", "duration": 0.714102, "event": "task_end", "timestamp": "2025-09-18T02:04:01.458206Z", "level": "info"}
Job "task_wrapper (trigger: interval[0:05:03.285188], next run at: 2025-09-18 04:09:04 CEST)" executed successfully
{"alive": true, "rss_mb": 55.9, "cpu_percent": 0.0, "event": "heartbeat", "timestamp": "2025-09-18T02:04:18.408782Z", "level": "info"}
{"alive": true, "rss_mb": 55.9, "cpu_percent": 0.0, "event": "heartbeat", "timestamp": "2025-09-18T02:04:48.415203Z", "level": "info"}
{"alive": true, "rss_mb": 55.9, "cpu_percent": 0.0, "event": "heartbeat", "timestamp": "2025-09-18T02:05:18.422046Z", "level": "info"}
{"alive": true, "rss_mb": 55.9, "cpu_percent": 0.0, "event": "heartbeat", "timestamp": "2025-09-18T02:05:48.425041Z", "level": "info"}
{"alive": true, "rss_mb": 55.9, "cpu_percent": 0.0, "event": "heartbeat", "timestamp": "2025-09-18T02:06:18.418461Z", "level": "info"}
{"alive": true, "rss_mb": 55.7, "cpu_percent": 0.0, "event": "heartbeat", "timestamp": "2025-09-18T02:06:48.427682Z", "level": "info"}
Running job "task_wrapper (trigger: interval[0:05:07.070337], next run at: 2025-09-18 04:12:20 CEST)" (scheduled at 2025-09-18 04:07:13.771382+02:00)
{"task": "derivatives_oi", "ts": "2025-09-18T02:07:13.791487Z", "event": "task_start", "timestamp": "2025-09-18T02:07:13.791487Z", "level": "info"}
{"symbol": "BTCUSDT", "event": "deriv_cache_hit", "timestamp": "2025-09-18T02:07:13.792490Z", "level": "info"}
{"task": "derivatives_oi", "event": "task_ok", "timestamp": "2025-09-18T02:07:13.793482Z", "level": "info"}
{"task": "derivatives_oi", "duration": 0.001995, "event": "task_end", "timestamp": "2025-09-18T02:07:13.793482Z", "level": "info"}
Job "task_wrapper (trigger: interval[0:05:07.070337], next run at: 2025-09-18 04:12:20 CEST)" executed successfully
{"alive": true, "rss_mb": 55.7, "cpu_percent": 0.0, "event": "heartbeat", "timestamp": "2025-09-18T02:07:18.416343Z", "level": "info"}
{"alive": true, "rss_mb": 55.7, "cpu_percent": 0.0, "event": "heartbeat", "timestamp": "2025-09-18T02:07:48.431510Z", "level": "info"}
{"alive": true, "rss_mb": 55.7, "cpu_percent": 0.0, "event": "heartbeat", "timestamp": "2025-09-18T02:08:18.456878Z", "level": "info"}
Running job "task_wrapper (trigger: interval[0:05:08.878330], next run at: 2025-09-18 04:13:54 CEST)" (scheduled at 2025-09-18 04:08:45.973034+02:00)
{"task": "macro", "ts": "2025-09-18T02:08:46.001619Z", "event": "task_start", "timestamp": "2025-09-18T02:08:46.001619Z", "level": "info"}
{"symbol": "bitcoin", "event": "macro_cache_hit", "timestamp": "2025-09-18T02:08:46.001619Z", "level": "info"}
{"task": "macro", "event": "task_ok", "timestamp": "2025-09-18T02:08:46.002612Z", "level": "info"}
{"task": "macro", "duration": 0.001996, "event": "task_end", "timestamp": "2025-09-18T02:08:46.003615Z", "level": "info"}
Job "task_wrapper (trigger: interval[0:05:08.878330], next run at: 2025-09-18 04:13:54 CEST)" executed successfully
{"alive": true, "rss_mb": 55.7, "cpu_percent": 0.0, "event": "heartbeat", "timestamp": "2025-09-18T02:08:48.465626Z", "level": "info"}
Running job "task_wrapper (trigger: interval[0:05:03.285188], next run at: 2025-09-18 04:14:07 CEST)" (scheduled at 2025-09-18 04:09:04.014973+02:00)
{"task": "derivatives_lsr", "ts": "2025-09-18T02:09:04.019407Z", "event": "task_start", "timestamp": "2025-09-18T02:09:04.019407Z", "level": "info"}
HTTP Request: GET https://api.bybit.com/v5/market/account-ratio?category=linear&symbol=BTCUSDT&period=5min "HTTP/1.1 200 OK"
{"symbol": "BTCUSDT", "metric": "long_short_ratio", "source": "bybit", "event": "deriv_success", "timestamp": "2025-09-18T02:09:04.767068Z", "level": "info"}
{"task": "derivatives_lsr", "event": "task_ok", "timestamp": "2025-09-18T02:09:04.768074Z", "level": "info"}
{"task": "derivatives_lsr", "duration": 0.749664, "event": "task_end", "timestamp": "2025-09-18T02:09:04.769071Z", "level": "info"}
Job "task_wrapper (trigger: interval[0:05:03.285188], next run at: 2025-09-18 04:14:07 CEST)" executed successfully
{"alive": true, "rss_mb": 56.3, "cpu_percent": 0.0, "event": "heartbeat", "timestamp": "2025-09-18T02:09:18.485288Z", "level": "info"}
{"alive": true, "rss_mb": 56.3, "cpu_percent": 0.0, "event": "heartbeat", "timestamp": "2025-09-18T02:09:48.491549Z", "level": "info"}
{"alive": true, "rss_mb": 56.3, "cpu_percent": 0.0, "event": "heartbeat", "timestamp": "2025-09-18T02:10:18.489522Z", "level": "info"}
{"alive": true, "rss_mb": 56.3, "cpu_percent": 0.0, "event": "heartbeat", "timestamp": "2025-09-18T02:10:48.495936Z", "level": "info"}
{"alive": true, "rss_mb": 56.3, "cpu_percent": 0.0, "event": "heartbeat", "timestamp": "2025-09-18T02:11:18.504412Z", "level": "info"}
{"alive": true, "rss_mb": 56.3, "cpu_percent": 0.0, "event": "heartbeat", "timestamp": "2025-09-18T02:11:48.519779Z", "level": "info"}
Running job "task_wrapper (trigger: interval[0:15:38.604368], next run at: 2025-09-18 04:27:48 CEST)" (scheduled at 2025-09-18 04:12:09.454457+02:00)
{"task": "defillama", "ts": "2025-09-18T02:12:09.470575Z", "event": "task_start", "timestamp": "2025-09-18T02:12:09.470575Z", "level": "info"}
HTTP Request: GET https://api.llama.fi/v2/chains "HTTP/1.1 200 OK"
HTTP Request: GET https://api.llama.fi/v2/chains "HTTP/1.1 200 OK"
HTTP Request: GET https://api.llama.fi/v2/historicalChainTvl/Ethereum "HTTP/1.1 200 OK"
{"tvlPrevDay": 93787635229.0, "tvlPrevWeek": 91887804334.0, "tvlPrevMonth": 89978270415.0, "event": "defillama_historical_calculated", "timestamp": "2025-09-18T02:12:11.177004Z", "level": "info"}
{"chain": "ethereum", "has_valid_historical": true, "event": "defillama_success", "timestamp": "2025-09-18T02:12:11.177985Z", "level": "info"}
{"task": "defillama", "event": "task_ok", "timestamp": "2025-09-18T02:12:11.180013Z", "level": "info"}
{"task": "defillama", "duration": 1.709438, "event": "task_end", "timestamp": "2025-09-18T02:12:11.180013Z", "level": "info"}
Job "task_wrapper (trigger: interval[0:15:38.604368], next run at: 2025-09-18 04:27:48 CEST)" executed successfully
{"alive": true, "rss_mb": 56.7, "cpu_percent": 0.0, "event": "heartbeat", "timestamp": "2025-09-18T02:12:18.531162Z", "level": "info"}
Running job "task_wrapper (trigger: interval[0:05:07.070337], next run at: 2025-09-18 04:17:27 CEST)" (scheduled at 2025-09-18 04:12:20.841719+02:00)
{"task": "derivatives_oi", "ts": "2025-09-18T02:12:20.850001Z", "event": "task_start", "timestamp": "2025-09-18T02:12:20.850001Z", "level": "info"}
{"symbol": "BTCUSDT", "event": "deriv_cache_hit", "timestamp": "2025-09-18T02:12:20.851003Z", "level": "info"}
{"task": "derivatives_oi", "event": "task_ok", "timestamp": "2025-09-18T02:12:20.852003Z", "level": "info"}
{"task": "derivatives_oi", "duration": 0.002002, "event": "task_end", "timestamp": "2025-09-18T02:12:20.852003Z", "level": "info"}
Job "task_wrapper (trigger: interval[0:05:07.070337], next run at: 2025-09-18 04:17:27 CEST)" executed successfully
{"alive": true, "rss_mb": 56.7, "cpu_percent": 0.0, "event": "heartbeat", "timestamp": "2025-09-18T02:12:48.543439Z", "level": "info"}
{"alive": true, "rss_mb": 56.7, "cpu_percent": 0.0, "event": "heartbeat", "timestamp": "2025-09-18T02:13:18.562353Z", "level": "info"}
Running job "task_wrapper (trigger: interval[0:29:42.286402], next run at: 2025-09-18 04:43:16 CEST)" (scheduled at 2025-09-18 04:13:33.760815+02:00)
{"task": "onchain_sopr", "ts": "2025-09-18T02:13:33.768051Z", "event": "task_start", "timestamp": "2025-09-18T02:13:33.768051Z", "level": "info"}
{"symbol": "BTC", "event": "onchain_cache_hit", "timestamp": "2025-09-18T02:13:33.769059Z", "level": "info"}
{"task": "onchain_sopr", "event": "task_ok", "timestamp": "2025-09-18T02:13:33.770048Z", "level": "info"}
{"task": "onchain_sopr", "duration": 0.00301, "event": "task_end", "timestamp": "2025-09-18T02:13:33.771061Z", "level": "info"}
Job "task_wrapper (trigger: interval[0:29:42.286402], next run at: 2025-09-18 04:43:16 CEST)" executed successfully
{"alive": true, "rss_mb": 56.7, "cpu_percent": 0.0, "event": "heartbeat", "timestamp": "2025-09-18T02:13:48.584158Z", "level": "info"}
Running job "task_wrapper (trigger: interval[0:05:08.878330], next run at: 2025-09-18 04:19:03 CEST)" (scheduled at 2025-09-18 04:13:54.851364+02:00)
{"task": "macro", "ts": "2025-09-18T02:13:54.862196Z", "event": "task_start", "timestamp": "2025-09-18T02:13:54.862196Z", "level": "info"}
{"symbol": "bitcoin", "event": "macro_cache_hit", "timestamp": "2025-09-18T02:13:54.863194Z", "level": "info"}
{"task": "macro", "event": "task_ok", "timestamp": "2025-09-18T02:13:54.864196Z", "level": "info"}
{"task": "macro", "duration": 0.002997, "event": "task_end", "timestamp": "2025-09-18T02:13:54.865193Z", "level": "info"}
Job "task_wrapper (trigger: interval[0:05:08.878330], next run at: 2025-09-18 04:19:03 CEST)" executed successfully
Running job "task_wrapper (trigger: interval[0:05:03.285188], next run at: 2025-09-18 04:19:10 CEST)" (scheduled at 2025-09-18 04:14:07.300161+02:00)
{"task": "derivatives_lsr", "ts": "2025-09-18T02:14:07.307486Z", "event": "task_start", "timestamp": "2025-09-18T02:14:07.307486Z", "level": "info"}
HTTP Request: GET https://api.bybit.com/v5/market/account-ratio?category=linear&symbol=BTCUSDT&period=5min "HTTP/1.1 200 OK"
{"symbol": "BTCUSDT", "metric": "long_short_ratio", "source": "bybit", "event": "deriv_success", "timestamp": "2025-09-18T02:14:08.013000Z", "level": "info"}
{"task": "derivatives_lsr", "event": "task_ok", "timestamp": "2025-09-18T02:14:08.014987Z", "level": "info"}
{"task": "derivatives_lsr", "duration": 0.707501, "event": "task_end", "timestamp": "2025-09-18T02:14:08.014987Z", "level": "info"}
Job "task_wrapper (trigger: interval[0:05:03.285188], next run at: 2025-09-18 04:19:10 CEST)" executed successfully
{"alive": true, "rss_mb": 56.8, "cpu_percent": 0.0, "event": "heartbeat", "timestamp": "2025-09-18T02:14:18.582813Z", "level": "info"}
Running job "task_wrapper (trigger: interval[0:29:49.249948], next run at: 2025-09-18 04:44:25 CEST)" (scheduled at 2025-09-18 04:14:36.430727+02:00)
{"task": "onchain_tx", "ts": "2025-09-18T02:14:36.436828Z", "event": "task_start", "timestamp": "2025-09-18T02:14:36.436828Z", "level": "info"}
HTTP Request: GET https://api.blockchain.info/q/getblockcount "HTTP/1.1 200 OK"
{"symbol": "BTC", "source": "blockchain.info", "event": "onchain_success", "timestamp": "2025-09-18T02:14:36.998145Z", "level": "info"}
{"task": "onchain_tx", "event": "task_ok", "timestamp": "2025-09-18T02:14:37.000149Z", "level": "info"}
{"task": "onchain_tx", "duration": 0.564318, "event": "task_end", "timestamp": "2025-09-18T02:14:37.001146Z", "level": "info"}
Job "task_wrapper (trigger: interval[0:29:49.249948], next run at: 2025-09-18 04:44:25 CEST)" executed successfully
{"alive": true, "rss_mb": 57.0, "cpu_percent": 0.0, "event": "heartbeat", "timestamp": "2025-09-18T02:14:48.595877Z", "level": "info"}
{"alive": true, "rss_mb": 57.0, "cpu_percent": 0.0, "event": "heartbeat", "timestamp": "2025-09-18T02:15:18.608322Z", "level": "info"}
{"alive": true, "rss_mb": 57.0, "cpu_percent": 0.0, "event": "heartbeat", "timestamp": "2025-09-18T02:15:48.610544Z", "level": "info"}
{"alive": true, "rss_mb": 57.0, "cpu_percent": 0.0, "event": "heartbeat", "timestamp": "2025-09-18T02:16:18.631284Z", "level": "info"}
{"alive": true, "rss_mb": 57.0, "cpu_percent": 0.0, "event": "heartbeat", "timestamp": "2025-09-18T02:16:48.645041Z", "level": "info"}
{"alive": true, "rss_mb": 57.0, "cpu_percent": 0.0, "event": "heartbeat", "timestamp": "2025-09-18T02:17:18.668064Z", "level": "info"}
Running job "task_wrapper (trigger: interval[0:05:07.070337], next run at: 2025-09-18 04:22:34 CEST)" (scheduled at 2025-09-18 04:17:27.912056+02:00)
{"task": "derivatives_oi", "ts": "2025-09-18T02:17:27.935301Z", "event": "task_start", "timestamp": "2025-09-18T02:17:27.935301Z", "level": "info"}
{"symbol": "BTCUSDT", "event": "deriv_cache_hit", "timestamp": "2025-09-18T02:17:27.936302Z", "level": "info"}
{"task": "derivatives_oi", "event": "task_ok", "timestamp": "2025-09-18T02:17:27.937302Z", "level": "info"}
{"task": "derivatives_oi", "duration": 0.003, "event": "task_end", "timestamp": "2025-09-18T02:17:27.938301Z", "level": "info"}
Job "task_wrapper (trigger: interval[0:05:07.070337], next run at: 2025-09-18 04:22:34 CEST)" executed successfully
{"alive": true, "rss_mb": 57.0, "cpu_percent": 0.0, "event": "heartbeat", "timestamp": "2025-09-18T02:17:48.666803Z", "level": "info"}
{"alive": true, "rss_mb": 57.0, "cpu_percent": 0.0, "event": "heartbeat", "timestamp": "2025-09-18T02:18:18.670221Z", "level": "info"}
{"alive": true, "rss_mb": 57.0, "cpu_percent": 0.0, "event": "heartbeat", "timestamp": "2025-09-18T02:18:48.676731Z", "level": "info"}
Running job "task_wrapper (trigger: interval[0:05:08.878330], next run at: 2025-09-18 04:24:12 CEST)" (scheduled at 2025-09-18 04:19:03.729694+02:00)
{"task": "macro", "ts": "2025-09-18T02:19:03.738344Z", "event": "task_start", "timestamp": "2025-09-18T02:19:03.738344Z", "level": "info"}
{"symbol": "bitcoin", "event": "macro_cache_hit", "timestamp": "2025-09-18T02:19:03.739344Z", "level": "info"}
{"task": "macro", "event": "task_ok", "timestamp": "2025-09-18T02:19:03.740342Z", "level": "info"}
{"task": "macro", "duration": 0.00301, "event": "task_end", "timestamp": "2025-09-18T02:19:03.741354Z", "level": "info"}
Job "task_wrapper (trigger: interval[0:05:08.878330], next run at: 2025-09-18 04:24:12 CEST)" executed successfully
Running job "task_wrapper (trigger: interval[0:05:03.285188], next run at: 2025-09-18 04:24:13 CEST)" (scheduled at 2025-09-18 04:19:10.585349+02:00)
{"task": "derivatives_lsr", "ts": "2025-09-18T02:19:10.596571Z", "event": "task_start", "timestamp": "2025-09-18T02:19:10.597577Z", "level": "info"}
HTTP Request: GET https://api.bybit.com/v5/market/account-ratio?category=linear&symbol=BTCUSDT&period=5min "HTTP/1.1 200 OK"
{"symbol": "BTCUSDT", "metric": "long_short_ratio", "source": "bybit", "event": "deriv_success", "timestamp": "2025-09-18T02:19:11.311364Z", "level": "info"}
{"task": "derivatives_lsr", "event": "task_ok", "timestamp": "2025-09-18T02:19:11.313349Z", "level": "info"}
{"task": "derivatives_lsr", "duration": 0.717775, "event": "task_end", "timestamp": "2025-09-18T02:19:11.314346Z", "level": "info"}
Job "task_wrapper (trigger: interval[0:05:03.285188], next run at: 2025-09-18 04:24:13 CEST)" executed successfully
{"alive": true, "rss_mb": 57.4, "cpu_percent": 0.0, "event": "heartbeat", "timestamp": "2025-09-18T02:19:18.691441Z", "level": "info"}
{"alive": true, "rss_mb": 57.4, "cpu_percent": 0.0, "event": "heartbeat", "timestamp": "2025-09-18T02:19:48.699983Z", "level": "info"}
{"alive": true, "rss_mb": 57.4, "cpu_percent": 0.0, "event": "heartbeat", "timestamp": "2025-09-18T02:20:18.704702Z", "level": "info"}
{"alive": true, "rss_mb": 57.4, "cpu_percent": 0.0, "event": "heartbeat", "timestamp": "2025-09-18T02:20:48.709037Z", "level": "info"}
{"alive": true, "rss_mb": 57.4, "cpu_percent": 0.0, "event": "heartbeat", "timestamp": "2025-09-18T02:21:18.716793Z", "level": "info"}
{"alive": true, "rss_mb": 57.2, "cpu_percent": 0.0, "event": "heartbeat", "timestamp": "2025-09-18T02:21:48.721412Z", "level": "info"}
{"alive": true, "rss_mb": 57.2, "cpu_percent": 0.0, "event": "heartbeat", "timestamp": "2025-09-18T02:22:18.735583Z", "level": "info"}
Running job "task_wrapper (trigger: interval[0:05:07.070337], next run at: 2025-09-18 04:27:42 CEST)" (scheduled at 2025-09-18 04:22:34.982393+02:00)
{"task": "derivatives_oi", "ts": "2025-09-18T02:22:34.997200Z", "event": "task_start", "timestamp": "2025-09-18T02:22:34.997200Z", "level": "info"}
{"symbol": "BTCUSDT", "event": "deriv_cache_hit", "timestamp": "2025-09-18T02:22:34.998202Z", "level": "info"}
{"task": "derivatives_oi", "event": "task_ok", "timestamp": "2025-09-18T02:22:34.998548Z", "level": "info"}
{"task": "derivatives_oi", "duration": 0.002358, "event": "task_end", "timestamp": "2025-09-18T02:22:34.999558Z", "level": "info"}
Job "task_wrapper (trigger: interval[0:05:07.070337], next run at: 2025-09-18 04:27:42 CEST)" executed successfully
{"alive": true, "rss_mb": 57.2, "cpu_percent": 0.0, "event": "heartbeat", "timestamp": "2025-09-18T02:22:48.760737Z", "level": "info"}
{"alive": true, "rss_mb": 57.2, "cpu_percent": 0.0, "event": "heartbeat", "timestamp": "2025-09-18T02:23:18.768853Z", "level": "info"}
{"alive": true, "rss_mb": 57.2, "cpu_percent": 0.0, "event": "heartbeat", "timestamp": "2025-09-18T02:23:48.778097Z", "level": "info"}
Running job "task_wrapper (trigger: interval[0:05:08.878330], next run at: 2025-09-18 04:29:21 CEST)" (scheduled at 2025-09-18 04:24:12.608024+02:00)
{"task": "macro", "ts": "2025-09-18T02:24:12.615388Z", "event": "task_start", "timestamp": "2025-09-18T02:24:12.615388Z", "level": "info"}
{"symbol": "bitcoin", "event": "macro_cache_hit", "timestamp": "2025-09-18T02:24:12.616393Z", "level": "info"}
{"task": "macro", "event": "task_ok", "timestamp": "2025-09-18T02:24:12.617394Z", "level": "info"}
{"task": "macro", "duration": 0.003003, "event": "task_end", "timestamp": "2025-09-18T02:24:12.618391Z", "level": "info"}
Job "task_wrapper (trigger: interval[0:05:08.878330], next run at: 2025-09-18 04:29:21 CEST)" executed successfully
Running job "task_wrapper (trigger: interval[0:05:03.285188], next run at: 2025-09-18 04:29:17 CEST)" (scheduled at 2025-09-18 04:24:13.870537+02:00)
{"task": "derivatives_lsr", "ts": "2025-09-18T02:24:13.881903Z", "event": "task_start", "timestamp": "2025-09-18T02:24:13.881903Z", "level": "info"}
{"symbol": "BTCUSDT", "metric": "long_short_ratio", "event": "deriv_cache_hit", "timestamp": "2025-09-18T02:24:13.882902Z", "level": "info"}
{"task": "derivatives_lsr", "event": "task_ok", "timestamp": "2025-09-18T02:24:13.883907Z", "level": "info"}
{"task": "derivatives_lsr", "duration": 0.002999, "event": "task_end", "timestamp": "2025-09-18T02:24:13.884902Z", "level": "info"}
Job "task_wrapper (trigger: interval[0:05:03.285188], next run at: 2025-09-18 04:29:17 CEST)" executed successfully
{"alive": true, "rss_mb": 57.2, "cpu_percent": 0.0, "event": "heartbeat", "timestamp": "2025-09-18T02:24:18.777909Z", "level": "info"}
{"alive": true, "rss_mb": 57.2, "cpu_percent": 0.0, "event": "heartbeat", "timestamp": "2025-09-18T02:24:48.789613Z", "level": "info"}
{"alive": true, "rss_mb": 57.2, "cpu_percent": 0.0, "event": "heartbeat", "timestamp": "2025-09-18T02:25:18.792445Z", "level": "info"}
{"alive": true, "rss_mb": 57.2, "cpu_percent": 0.0, "event": "heartbeat", "timestamp": "2025-09-18T02:25:48.794835Z", "level": "info"}
{"alive": true, "rss_mb": 57.2, "cpu_percent": 0.0, "event": "heartbeat", "timestamp": "2025-09-18T02:26:18.806290Z", "level": "info"}
{"alive": true, "rss_mb": 57.2, "cpu_percent": 0.0, "event": "heartbeat", "timestamp": "2025-09-18T02:26:48.820955Z", "level": "info"}
{"alive": true, "rss_mb": 57.2, "cpu_percent": 0.0, "event": "heartbeat", "timestamp": "2025-09-18T02:27:18.828891Z", "level": "info"}
Running job "task_wrapper (trigger: interval[0:05:07.070337], next run at: 2025-09-18 04:32:49 CEST)" (scheduled at 2025-09-18 04:27:42.052730+02:00)
{"task": "derivatives_oi", "ts": "2025-09-18T02:27:42.082108Z", "event": "task_start", "timestamp": "2025-09-18T02:27:42.082108Z", "level": "info"}
{"symbol": "BTCUSDT", "event": "deriv_cache_hit", "timestamp": "2025-09-18T02:27:42.083111Z", "level": "info"}
{"task": "derivatives_oi", "event": "task_ok", "timestamp": "2025-09-18T02:27:42.083984Z", "level": "info"}
{"task": "derivatives_oi", "duration": 0.002887, "event": "task_end", "timestamp": "2025-09-18T02:27:42.084995Z", "level": "info"}
Job "task_wrapper (trigger: interval[0:05:07.070337], next run at: 2025-09-18 04:32:49 CEST)" executed successfully
Running job "task_wrapper (trigger: interval[0:15:38.604368], next run at: 2025-09-18 04:43:26 CEST)" (scheduled at 2025-09-18 04:27:48.058825+02:00)
{"task": "defillama", "ts": "2025-09-18T02:27:48.075947Z", "event": "task_start", "timestamp": "2025-09-18T02:27:48.075947Z", "level": "info"}
HTTP Request: GET https://api.llama.fi/v2/chains "HTTP/1.1 200 OK"
{"alive": true, "rss_mb": 57.9, "cpu_percent": 0.0, "event": "heartbeat", "timestamp": "2025-09-18T02:27:49.091832Z", "level": "info"}
HTTP Request: GET https://api.llama.fi/v2/chains "HTTP/1.1 200 OK"
HTTP Request: GET https://api.llama.fi/v2/historicalChainTvl/Ethereum "HTTP/1.1 200 OK"
{"tvlPrevDay": 93787635229.0, "tvlPrevWeek": 91887804334.0, "tvlPrevMonth": 89978270415.0, "event": "defillama_historical_calculated", "timestamp": "2025-09-18T02:27:49.797988Z", "level": "info"}
{"chain": "ethereum", "has_valid_historical": true, "event": "defillama_success", "timestamp": "2025-09-18T02:27:49.800999Z", "level": "info"}
{"task": "defillama", "event": "task_ok", "timestamp": "2025-09-18T02:27:49.801981Z", "level": "info"}
{"task": "defillama", "duration": 1.727046, "event": "task_end", "timestamp": "2025-09-18T02:27:49.802993Z", "level": "info"}
Job "task_wrapper (trigger: interval[0:15:38.604368], next run at: 2025-09-18 04:43:26 CEST)" executed successfully
{"alive": true, "rss_mb": 58.3, "cpu_percent": 0.0, "event": "heartbeat", "timestamp": "2025-09-18T02:28:19.092174Z", "level": "info"}
{"alive": true, "rss_mb": 58.3, "cpu_percent": 0.0, "event": "heartbeat", "timestamp": "2025-09-18T02:28:49.108125Z", "level": "info"}
Running job "task_wrapper (trigger: interval[0:05:03.285188], next run at: 2025-09-18 04:34:20 CEST)" (scheduled at 2025-09-18 04:29:17.155725+02:00)
{"task": "derivatives_lsr", "ts": "2025-09-18T02:29:17.178121Z", "event": "task_start", "timestamp": "2025-09-18T02:29:17.178121Z", "level": "info"}
{"symbol": "BTCUSDT", "metric": "long_short_ratio", "event": "deriv_cache_hit", "timestamp": "2025-09-18T02:29:17.179131Z", "level": "info"}
{"task": "derivatives_lsr", "event": "task_ok", "timestamp": "2025-09-18T02:29:17.180121Z", "level": "info"}
{"task": "derivatives_lsr", "duration": 0.002, "event": "task_end", "timestamp": "2025-09-18T02:29:17.180121Z", "level": "info"}
Job "task_wrapper (trigger: interval[0:05:03.285188], next run at: 2025-09-18 04:34:20 CEST)" executed successfully
{"alive": true, "rss_mb": 58.3, "cpu_percent": 0.0, "event": "heartbeat", "timestamp": "2025-09-18T02:29:19.116735Z", "level": "info"}
Running job "task_wrapper (trigger: interval[0:05:08.878330], next run at: 2025-09-18 04:34:30 CEST)" (scheduled at 2025-09-18 04:29:21.486354+02:00)
{"task": "macro", "ts": "2025-09-18T02:29:21.496807Z", "event": "task_start", "timestamp": "2025-09-18T02:29:21.496807Z", "level": "info"}
{"symbol": "bitcoin", "event": "macro_cache_hit", "timestamp": "2025-09-18T02:29:21.498807Z", "level": "info"}
{"task": "macro", "event": "task_ok", "timestamp": "2025-09-18T02:29:21.498807Z", "level": "info"}
{"task": "macro", "duration": 0.002998, "event": "task_end", "timestamp": "2025-09-18T02:29:21.499805Z", "level": "info"}
Job "task_wrapper (trigger: interval[0:05:08.878330], next run at: 2025-09-18 04:34:30 CEST)" executed successfully
{"alive": true, "rss_mb": 58.3, "cpu_percent": 0.0, "event": "heartbeat", "timestamp": "2025-09-18T02:29:49.135508Z", "level": "info"}
{"alive": true, "rss_mb": 58.3, "cpu_percent": 0.0, "event": "heartbeat", "timestamp": "2025-09-18T02:30:19.152109Z", "level": "info"}
{"alive": true, "rss_mb": 58.3, "cpu_percent": 0.0, "event": "heartbeat", "timestamp": "2025-09-18T02:30:49.168018Z", "level": "info"}
{"alive": true, "rss_mb": 58.3, "cpu_percent": 0.0, "event": "heartbeat", "timestamp": "2025-09-18T02:31:19.170470Z", "level": "info"}
Running job "task_wrapper (trigger: interval[0:28:33.563456], next run at: 2025-09-18 05:00:22 CEST)" (scheduled at 2025-09-18 04:31:48.816762+02:00)
{"task": "onchain_hashrate", "ts": "2025-09-18T02:31:48.832345Z", "event": "task_start", "timestamp": "2025-09-18T02:31:48.832345Z", "level": "info"}
{"alive": true, "rss_mb": 58.3, "cpu_percent": 0.0, "event": "heartbeat", "timestamp": "2025-09-18T02:31:49.265606Z", "level": "info"}
HTTP Request: GET https://api.blockchain.info/q/hashrate "HTTP/1.1 200 OK"
{"symbol": "BTC", "source": "blockchain.info", "event": "onchain_success", "timestamp": "2025-09-18T02:31:49.389027Z", "level": "info"}
{"task": "onchain_hashrate", "event": "task_ok", "timestamp": "2025-09-18T02:31:49.390024Z", "level": "info"}
{"task": "onchain_hashrate", "duration": 0.558684, "event": "task_end", "timestamp": "2025-09-18T02:31:49.391029Z", "level": "info"}
Job "task_wrapper (trigger: interval[0:28:33.563456], next run at: 2025-09-18 05:00:22 CEST)" executed successfully
{"alive": true, "rss_mb": 58.4, "cpu_percent": 0.0, "event": "heartbeat", "timestamp": "2025-09-18T02:32:19.272526Z", "level": "info"}
Running job "task_wrapper (trigger: interval[0:05:07.070337], next run at: 2025-09-18 04:37:56 CEST)" (scheduled at 2025-09-18 04:32:49.123067+02:00)
{"task": "derivatives_oi", "ts": "2025-09-18T02:32:49.136924Z", "event": "task_start", "timestamp": "2025-09-18T02:32:49.136924Z", "level": "info"}
{"symbol": "BTCUSDT", "event": "deriv_cache_hit", "timestamp": "2025-09-18T02:32:49.137915Z", "level": "info"}
{"task": "derivatives_oi", "event": "task_ok", "timestamp": "2025-09-18T02:32:49.138928Z", "level": "info"}
{"task": "derivatives_oi", "duration": 0.003005, "event": "task_end", "timestamp": "2025-09-18T02:32:49.139929Z", "level": "info"}
Job "task_wrapper (trigger: interval[0:05:07.070337], next run at: 2025-09-18 04:37:56 CEST)" executed successfully
{"alive": true, "rss_mb": 58.4, "cpu_percent": 0.0, "event": "heartbeat", "timestamp": "2025-09-18T02:32:49.276266Z", "level": "info"}
{"alive": true, "rss_mb": 58.4, "cpu_percent": 0.0, "event": "heartbeat", "timestamp": "2025-09-18T02:33:19.283433Z", "level": "info"}
{"alive": true, "rss_mb": 58.4, "cpu_percent": 0.0, "event": "heartbeat", "timestamp": "2025-09-18T02:33:49.299503Z", "level": "info"}
{"alive": true, "rss_mb": 58.4, "cpu_percent": 0.0, "event": "heartbeat", "timestamp": "2025-09-18T02:34:19.304761Z", "level": "info"}
Running job "task_wrapper (trigger: interval[0:05:03.285188], next run at: 2025-09-18 04:39:23 CEST)" (scheduled at 2025-09-18 04:34:20.440913+02:00)
{"task": "derivatives_lsr", "ts": "2025-09-18T02:34:20.445893Z", "event": "task_start", "timestamp": "2025-09-18T02:34:20.445893Z", "level": "info"}
{"symbol": "BTCUSDT", "metric": "long_short_ratio", "event": "deriv_cache_hit", "timestamp": "2025-09-18T02:34:20.446890Z", "level": "info"}
{"task": "derivatives_lsr", "event": "task_ok", "timestamp": "2025-09-18T02:34:20.447889Z", "level": "info"}
{"task": "derivatives_lsr", "duration": 0.003013, "event": "task_end", "timestamp": "2025-09-18T02:34:20.448906Z", "level": "info"}
Job "task_wrapper (trigger: interval[0:05:03.285188], next run at: 2025-09-18 04:39:23 CEST)" executed successfully
Running job "task_wrapper (trigger: interval[0:05:08.878330], next run at: 2025-09-18 04:39:39 CEST)" (scheduled at 2025-09-18 04:34:30.364684+02:00)
{"task": "macro", "ts": "2025-09-18T02:34:30.371817Z", "event": "task_start", "timestamp": "2025-09-18T02:34:30.371817Z", "level": "info"}
{"symbol": "bitcoin", "event": "macro_cache_hit", "timestamp": "2025-09-18T02:34:30.373819Z", "level": "info"}
{"task": "macro", "event": "task_ok", "timestamp": "2025-09-18T02:34:30.374818Z", "level": "info"}
{"task": "macro", "duration": 0.003999, "event": "task_end", "timestamp": "2025-09-18T02:34:30.375816Z", "level": "info"}
Job "task_wrapper (trigger: interval[0:05:08.878330], next run at: 2025-09-18 04:39:39 CEST)" executed successfully
{"alive": true, "rss_mb": 58.4, "cpu_percent": 0.0, "event": "heartbeat", "timestamp": "2025-09-18T02:34:49.321645Z", "level": "info"}
{"alive": true, "rss_mb": 58.4, "cpu_percent": 0.0, "event": "heartbeat", "timestamp": "2025-09-18T02:35:19.336684Z", "level": "info"}
{"alive": true, "rss_mb": 58.4, "cpu_percent": 0.0, "event": "heartbeat", "timestamp": "2025-09-18T02:35:49.345520Z", "level": "info"}
{"alive": true, "rss_mb": 58.4, "cpu_percent": 0.0, "event": "heartbeat", "timestamp": "2025-09-18T02:36:19.363788Z", "level": "info"}
{"alive": true, "rss_mb": 58.2, "cpu_percent": 0.0, "event": "heartbeat", "timestamp": "2025-09-18T02:36:49.376313Z", "level": "info"}
{"alive": true, "rss_mb": 58.2, "cpu_percent": 0.0, "event": "heartbeat", "timestamp": "2025-09-18T02:37:19.377733Z", "level": "info"}
{"alive": true, "rss_mb": 58.2, "cpu_percent": 0.0, "event": "heartbeat", "timestamp": "2025-09-18T02:37:49.391601Z", "level": "info"}
Running job "task_wrapper (trigger: interval[0:05:07.070337], next run at: 2025-09-18 04:43:03 CEST)" (scheduled at 2025-09-18 04:37:56.193404+02:00)
{"task": "derivatives_oi", "ts": "2025-09-18T02:37:56.209849Z", "event": "task_start", "timestamp": "2025-09-18T02:37:56.209849Z", "level": "info"}
{"symbol": "BTCUSDT", "event": "deriv_cache_hit", "timestamp": "2025-09-18T02:37:56.210864Z", "level": "info"}
{"task": "derivatives_oi", "event": "task_ok", "timestamp": "2025-09-18T02:37:56.211888Z", "level": "info"}
{"task": "derivatives_oi", "duration": 0.003231, "event": "task_end", "timestamp": "2025-09-18T02:37:56.213080Z", "level": "info"}
Job "task_wrapper (trigger: interval[0:05:07.070337], next run at: 2025-09-18 04:43:03 CEST)" executed successfully
{"alive": true, "rss_mb": 58.2, "cpu_percent": 0.0, "event": "heartbeat", "timestamp": "2025-09-18T02:38:19.401582Z", "level": "info"}
{"alive": true, "rss_mb": 58.2, "cpu_percent": 0.0, "event": "heartbeat", "timestamp": "2025-09-18T02:38:49.405642Z", "level": "info"}
{"alive": true, "rss_mb": 58.2, "cpu_percent": 0.0, "event": "heartbeat", "timestamp": "2025-09-18T02:39:19.418928Z", "level": "info"}
Running job "task_wrapper (trigger: interval[0:05:03.285188], next run at: 2025-09-18 04:44:27 CEST)" (scheduled at 2025-09-18 04:39:23.726101+02:00)
{"task": "derivatives_lsr", "ts": "2025-09-18T02:39:23.737531Z", "event": "task_start", "timestamp": "2025-09-18T02:39:23.737531Z", "level": "info"}
{"symbol": "BTCUSDT", "metric": "long_short_ratio", "event": "deriv_cache_hit", "timestamp": "2025-09-18T02:39:23.738531Z", "level": "info"}
{"task": "derivatives_lsr", "event": "task_ok", "timestamp": "2025-09-18T02:39:23.739532Z", "level": "info"}
{"task": "derivatives_lsr", "duration": 0.002001, "event": "task_end", "timestamp": "2025-09-18T02:39:23.739532Z", "level": "info"}
Job "task_wrapper (trigger: interval[0:05:03.285188], next run at: 2025-09-18 04:44:27 CEST)" executed successfully
Running job "task_wrapper (trigger: interval[0:05:08.878330], next run at: 2025-09-18 04:44:48 CEST)" (scheduled at 2025-09-18 04:39:39.243014+02:00)
{"task": "macro", "ts": "2025-09-18T02:39:39.258543Z", "event": "task_start", "timestamp": "2025-09-18T02:39:39.258543Z", "level": "info"}
{"symbol": "bitcoin", "event": "macro_cache_hit", "timestamp": "2025-09-18T02:39:39.259544Z", "level": "info"}
{"task": "macro", "event": "task_ok", "timestamp": "2025-09-18T02:39:39.260544Z", "level": "info"}
{"task": "macro", "duration": 0.002999, "event": "task_end", "timestamp": "2025-09-18T02:39:39.261542Z", "level": "info"}
Job "task_wrapper (trigger: interval[0:05:08.878330], next run at: 2025-09-18 04:44:48 CEST)" executed successfully
{"alive": true, "rss_mb": 58.2, "cpu_percent": 0.0, "event": "heartbeat", "timestamp": "2025-09-18T02:39:49.423544Z", "level": "info"}
{"alive": true, "rss_mb": 58.2, "cpu_percent": 0.0, "event": "heartbeat", "timestamp": "2025-09-18T02:40:19.435894Z", "level": "info"}
{"alive": true, "rss_mb": 58.2, "cpu_percent": 0.0, "event": "heartbeat", "timestamp": "2025-09-18T02:40:49.446218Z", "level": "info"}
{"alive": true, "rss_mb": 58.2, "cpu_percent": 0.0, "event": "heartbeat", "timestamp": "2025-09-18T02:41:19.446625Z", "level": "info"}
{"alive": true, "rss_mb": 58.2, "cpu_percent": 0.0, "event": "heartbeat", "timestamp": "2025-09-18T02:41:49.448130Z", "level": "info"}
{"alive": true, "rss_mb": 58.2, "cpu_percent": 0.0, "event": "heartbeat", "timestamp": "2025-09-18T02:42:19.444329Z", "level": "info"}
{"alive": true, "rss_mb": 58.2, "cpu_percent": 0.0, "event": "heartbeat", "timestamp": "2025-09-18T02:42:49.449842Z", "level": "info"}
Running job "task_wrapper (trigger: interval[0:05:07.070337], next run at: 2025-09-18 04:48:10 CEST)" (scheduled at 2025-09-18 04:43:03.263741+02:00)
{"task": "derivatives_oi", "ts": "2025-09-18T02:43:03.357160Z", "event": "task_start", "timestamp": "2025-09-18T02:43:03.357160Z", "level": "info"}
{"symbol": "BTCUSDT", "event": "deriv_cache_hit", "timestamp": "2025-09-18T02:43:03.359165Z", "level": "info"}
{"task": "derivatives_oi", "event": "task_ok", "timestamp": "2025-09-18T02:43:03.361159Z", "level": "info"}
{"task": "derivatives_oi", "duration": 0.004993, "event": "task_end", "timestamp": "2025-09-18T02:43:03.362153Z", "level": "info"}
Job "task_wrapper (trigger: interval[0:05:07.070337], next run at: 2025-09-18 04:48:10 CEST)" executed successfully
Running job "task_wrapper (trigger: interval[0:29:42.286402], next run at: 2025-09-18 05:12:58 CEST)" (scheduled at 2025-09-18 04:43:16.047217+02:00)
{"task": "onchain_sopr", "ts": "2025-09-18T02:43:16.057487Z", "event": "task_start", "timestamp": "2025-09-18T02:43:16.057487Z", "level": "info"}
{"symbol": "BTC", "event": "onchain_cache_hit", "timestamp": "2025-09-18T02:43:16.058481Z", "level": "info"}
{"task": "onchain_sopr", "event": "task_ok", "timestamp": "2025-09-18T02:43:16.059552Z", "level": "info"}
{"task": "onchain_sopr", "duration": 0.003084, "event": "task_end", "timestamp": "2025-09-18T02:43:16.060571Z", "level": "info"}
Job "task_wrapper (trigger: interval[0:29:42.286402], next run at: 2025-09-18 05:12:58 CEST)" executed successfully
{"alive": true, "rss_mb": 58.2, "cpu_percent": 0.0, "event": "heartbeat", "timestamp": "2025-09-18T02:43:19.446562Z", "level": "info"}
Running job "task_wrapper (trigger: interval[0:15:38.604368], next run at: 2025-09-18 04:59:05 CEST)" (scheduled at 2025-09-18 04:43:26.663193+02:00)
{"task": "defillama", "ts": "2025-09-18T02:43:26.682173Z", "event": "task_start", "timestamp": "2025-09-18T02:43:26.682173Z", "level": "info"}
HTTP Request: GET https://api.llama.fi/v2/chains "HTTP/1.1 200 OK"
HTTP Request: GET https://api.llama.fi/v2/chains "HTTP/1.1 200 OK"
HTTP Request: GET https://api.llama.fi/v2/historicalChainTvl/Ethereum "HTTP/1.1 200 OK"
{"tvlPrevDay": 93787635229.0, "tvlPrevWeek": 91887804334.0, "tvlPrevMonth": 89978270415.0, "event": "defillama_historical_calculated", "timestamp": "2025-09-18T02:43:28.332079Z", "level": "info"}
{"chain": "ethereum", "has_valid_historical": true, "event": "defillama_success", "timestamp": "2025-09-18T02:43:28.333842Z", "level": "info"}
{"task": "defillama", "event": "task_ok", "timestamp": "2025-09-18T02:43:28.334845Z", "level": "info"}
{"task": "defillama", "duration": 1.652672, "event": "task_end", "timestamp": "2025-09-18T02:43:28.334845Z", "level": "info"}
Job "task_wrapper (trigger: interval[0:15:38.604368], next run at: 2025-09-18 04:59:05 CEST)" executed successfully
{"alive": true, "rss_mb": 58.6, "cpu_percent": 0.0, "event": "heartbeat", "timestamp": "2025-09-18T02:43:49.454315Z", "level": "info"}
{"alive": true, "rss_mb": 58.6, "cpu_percent": 0.0, "event": "heartbeat", "timestamp": "2025-09-18T02:44:19.477261Z", "level": "info"}
Running job "task_wrapper (trigger: interval[0:29:49.249948], next run at: 2025-09-18 05:14:14 CEST)" (scheduled at 2025-09-18 04:44:25.680675+02:00)
{"task": "onchain_tx", "ts": "2025-09-18T02:44:25.689019Z", "event": "task_start", "timestamp": "2025-09-18T02:44:25.689019Z", "level": "info"}
HTTP Request: GET https://api.blockchain.info/q/getblockcount "HTTP/1.1 200 OK"
{"symbol": "BTC", "source": "blockchain.info", "event": "onchain_success", "timestamp": "2025-09-18T02:44:26.239318Z", "level": "info"}
{"task": "onchain_tx", "event": "task_ok", "timestamp": "2025-09-18T02:44:26.241336Z", "level": "info"}
{"task": "onchain_tx", "duration": 0.553307, "event": "task_end", "timestamp": "2025-09-18T02:44:26.242326Z", "level": "info"}
Job "task_wrapper (trigger: interval[0:29:49.249948], next run at: 2025-09-18 05:14:14 CEST)" executed successfully
Running job "task_wrapper (trigger: interval[0:05:03.285188], next run at: 2025-09-18 04:49:30 CEST)" (scheduled at 2025-09-18 04:44:27.011289+02:00)
{"task": "derivatives_lsr", "ts": "2025-09-18T02:44:27.035949Z", "event": "task_start", "timestamp": "2025-09-18T02:44:27.035949Z", "level": "info"}
{"symbol": "BTCUSDT", "metric": "long_short_ratio", "event": "deriv_cache_hit", "timestamp": "2025-09-18T02:44:27.036932Z", "level": "info"}
{"task": "derivatives_lsr", "event": "task_ok", "timestamp": "2025-09-18T02:44:27.037933Z", "level": "info"}
{"task": "derivatives_lsr", "duration": 0.001984, "event": "task_end", "timestamp": "2025-09-18T02:44:27.037933Z", "level": "info"}
Job "task_wrapper (trigger: interval[0:05:03.285188], next run at: 2025-09-18 04:49:30 CEST)" executed successfully
Running job "task_wrapper (trigger: interval[0:05:08.878330], next run at: 2025-09-18 04:49:56 CEST)" (scheduled at 2025-09-18 04:44:48.121344+02:00)
{"task": "macro", "ts": "2025-09-18T02:44:48.139564Z", "event": "task_start", "timestamp": "2025-09-18T02:44:48.139564Z", "level": "info"}
{"symbol": "bitcoin", "event": "macro_cache_hit", "timestamp": "2025-09-18T02:44:48.140565Z", "level": "info"}
{"task": "macro", "event": "task_ok", "timestamp": "2025-09-18T02:44:48.141637Z", "level": "info"}
{"task": "macro", "duration": 0.002073, "event": "task_end", "timestamp": "2025-09-18T02:44:48.141637Z", "level": "info"}
Job "task_wrapper (trigger: interval[0:05:08.878330], next run at: 2025-09-18 04:49:56 CEST)" executed successfully
{"alive": true, "rss_mb": 58.6, "cpu_percent": 0.0, "event": "heartbeat", "timestamp": "2025-09-18T02:44:49.481400Z", "level": "info"}
{"alive": true, "rss_mb": 58.6, "cpu_percent": 0.0, "event": "heartbeat", "timestamp": "2025-09-18T02:45:19.489505Z", "level": "info"}
{"alive": true, "rss_mb": 58.6, "cpu_percent": 0.0, "event": "heartbeat", "timestamp": "2025-09-18T02:45:49.501653Z", "level": "info"}
Running job "task_wrapper (trigger: interval[0:59:55.343029], next run at: 2025-09-18 05:45:45 CEST)" (scheduled at 2025-09-18 04:45:49.901342+02:00)
{"task": "sentiment_fg", "ts": "2025-09-18T02:45:49.910127Z", "event": "task_start", "timestamp": "2025-09-18T02:45:49.910127Z", "level": "info"}
{"metric": "fear_greed", "event": "sentiment_cache_hit", "timestamp": "2025-09-18T02:45:49.912129Z", "level": "info"}
{"task": "sentiment_fg", "event": "task_ok", "timestamp": "2025-09-18T02:45:49.913129Z", "level": "info"}
{"task": "sentiment_fg", "duration": 0.004001, "event": "task_end", "timestamp": "2025-09-18T02:45:49.914128Z", "level": "info"}
Job "task_wrapper (trigger: interval[0:59:55.343029], next run at: 2025-09-18 05:45:45 CEST)" executed successfully
{"alive": true, "rss_mb": 58.6, "cpu_percent": 0.0, "event": "heartbeat", "timestamp": "2025-09-18T02:46:19.524100Z", "level": "info"}
{"alive": true, "rss_mb": 58.6, "cpu_percent": 0.0, "event": "heartbeat", "timestamp": "2025-09-18T02:46:49.533411Z", "level": "info"}
{"alive": true, "rss_mb": 58.6, "cpu_percent": 0.0, "event": "heartbeat", "timestamp": "2025-09-18T02:47:19.555246Z", "level": "info"}
{"alive": true, "rss_mb": 58.6, "cpu_percent": 0.0, "event": "heartbeat", "timestamp": "2025-09-18T02:47:49.566727Z", "level": "info"}
Running job "task_wrapper (trigger: interval[0:05:07.070337], next run at: 2025-09-18 04:53:17 CEST)" (scheduled at 2025-09-18 04:48:10.334078+02:00)
{"task": "derivatives_oi", "ts": "2025-09-18T02:48:10.344088Z", "event": "task_start", "timestamp": "2025-09-18T02:48:10.344088Z", "level": "info"}
{"symbol": "BTCUSDT", "event": "deriv_cache_hit", "timestamp": "2025-09-18T02:48:10.346101Z", "level": "info"}
{"task": "derivatives_oi", "event": "task_ok", "timestamp": "2025-09-18T02:48:10.347090Z", "level": "info"}
{"task": "derivatives_oi", "duration": 0.004001, "event": "task_end", "timestamp": "2025-09-18T02:48:10.348089Z", "level": "info"}
Job "task_wrapper (trigger: interval[0:05:07.070337], next run at: 2025-09-18 04:53:17 CEST)" executed successfully
{"alive": true, "rss_mb": 58.6, "cpu_percent": 0.0, "event": "heartbeat", "timestamp": "2025-09-18T02:48:19.578665Z", "level": "info"}
{"alive": true, "rss_mb": 58.6, "cpu_percent": 0.0, "event": "heartbeat", "timestamp": "2025-09-18T02:48:49.587249Z", "level": "info"}
{"alive": true, "rss_mb": 58.6, "cpu_percent": 0.0, "event": "heartbeat", "timestamp": "2025-09-18T02:49:19.599686Z", "level": "info"}
Running job "task_wrapper (trigger: interval[0:05:03.285188], next run at: 2025-09-18 04:54:33 CEST)" (scheduled at 2025-09-18 04:49:30.296477+02:00)
{"task": "derivatives_lsr", "ts": "2025-09-18T02:49:30.310490Z", "event": "task_start", "timestamp": "2025-09-18T02:49:30.310490Z", "level": "info"}
{"symbol": "BTCUSDT", "metric": "long_short_ratio", "event": "deriv_cache_hit", "timestamp": "2025-09-18T02:49:30.311494Z", "level": "info"}
{"task": "derivatives_lsr", "event": "task_ok", "timestamp": "2025-09-18T02:49:30.312494Z", "level": "info"}
{"task": "derivatives_lsr", "duration": 0.002004, "event": "task_end", "timestamp": "2025-09-18T02:49:30.312494Z", "level": "info"}
Job "task_wrapper (trigger: interval[0:05:03.285188], next run at: 2025-09-18 04:54:33 CEST)" executed successfully
{"alive": true, "rss_mb": 58.6, "cpu_percent": 0.0, "event": "heartbeat", "timestamp": "2025-09-18T02:49:49.618942Z", "level": "info"}
Running job "task_wrapper (trigger: interval[0:05:08.878330], next run at: 2025-09-18 04:55:05 CEST)" (scheduled at 2025-09-18 04:49:56.999674+02:00)
{"task": "macro", "ts": "2025-09-18T02:49:57.001908Z", "event": "task_start", "timestamp": "2025-09-18T02:49:57.001908Z", "level": "info"}
{"symbol": "bitcoin", "event": "macro_cache_hit", "timestamp": "2025-09-18T02:49:57.002908Z", "level": "info"}
{"task": "macro", "event": "task_ok", "timestamp": "2025-09-18T02:49:57.003908Z", "level": "info"}
{"task": "macro", "duration": 0.002996, "event": "task_end", "timestamp": "2025-09-18T02:49:57.004904Z", "level": "info"}
Job "task_wrapper (trigger: interval[0:05:08.878330], next run at: 2025-09-18 04:55:05 CEST)" executed successfully
{"alive": true, "rss_mb": 58.6, "cpu_percent": 0.0, "event": "heartbeat", "timestamp": "2025-09-18T02:50:19.627987Z", "level": "info"}
{"alive": true, "rss_mb": 58.6, "cpu_percent": 0.0, "event": "heartbeat", "timestamp": "2025-09-18T02:50:49.637202Z", "level": "info"}
{"alive": true, "rss_mb": 58.6, "cpu_percent": 0.0, "event": "heartbeat", "timestamp": "2025-09-18T02:51:19.656345Z", "level": "info"}
{"alive": true, "rss_mb": 58.5, "cpu_percent": 0.0, "event": "heartbeat", "timestamp": "2025-09-18T02:51:49.670535Z", "level": "info"}
{"alive": true, "rss_mb": 58.5, "cpu_percent": 0.0, "event": "heartbeat", "timestamp": "2025-09-18T02:52:19.675226Z", "level": "info"}
{"alive": true, "rss_mb": 58.5, "cpu_percent": 0.0, "event": "heartbeat", "timestamp": "2025-09-18T02:52:49.678516Z", "level": "info"}
Running job "task_wrapper (trigger: interval[0:05:07.070337], next run at: 2025-09-18 04:58:24 CEST)" (scheduled at 2025-09-18 04:53:17.404415+02:00)
{"task": "derivatives_oi", "ts": "2025-09-18T02:53:17.420378Z", "event": "task_start", "timestamp": "2025-09-18T02:53:17.420378Z", "level": "info"}
{"symbol": "BTCUSDT", "event": "deriv_cache_hit", "timestamp": "2025-09-18T02:53:17.421386Z", "level": "info"}
{"task": "derivatives_oi", "event": "task_ok", "timestamp": "2025-09-18T02:53:17.422384Z", "level": "info"}
{"task": "derivatives_oi", "duration": 0.002999, "event": "task_end", "timestamp": "2025-09-18T02:53:17.423377Z", "level": "info"}
Job "task_wrapper (trigger: interval[0:05:07.070337], next run at: 2025-09-18 04:58:24 CEST)" executed successfully
{"alive": true, "rss_mb": 58.5, "cpu_percent": 0.0, "event": "heartbeat", "timestamp": "2025-09-18T02:53:19.705703Z", "level": "info"}
{"alive": true, "rss_mb": 58.5, "cpu_percent": 0.0, "event": "heartbeat", "timestamp": "2025-09-18T02:53:49.717325Z", "level": "info"}
{"alive": true, "rss_mb": 58.5, "cpu_percent": 0.0, "event": "heartbeat", "timestamp": "2025-09-18T02:54:19.714434Z", "level": "info"}
Running job "task_wrapper (trigger: interval[0:05:03.285188], next run at: 2025-09-18 04:59:36 CEST)" (scheduled at 2025-09-18 04:54:33.581665+02:00)
{"task": "derivatives_lsr", "ts": "2025-09-18T02:54:33.586858Z", "event": "task_start", "timestamp": "2025-09-18T02:54:33.586858Z", "level": "info"}
{"symbol": "BTCUSDT", "metric": "long_short_ratio", "event": "deriv_cache_hit", "timestamp": "2025-09-18T02:54:33.587860Z", "level": "info"}
{"task": "derivatives_lsr", "event": "task_ok", "timestamp": "2025-09-18T02:54:33.588865Z", "level": "info"}
{"task": "derivatives_lsr", "duration": 0.003005, "event": "task_end", "timestamp": "2025-09-18T02:54:33.589863Z", "level": "info"}
Job "task_wrapper (trigger: interval[0:05:03.285188], next run at: 2025-09-18 04:59:36 CEST)" executed successfully
{"alive": true, "rss_mb": 58.5, "cpu_percent": 0.0, "event": "heartbeat", "timestamp": "2025-09-18T02:54:49.724363Z", "level": "info"}
Running job "task_wrapper (trigger: interval[0:05:08.878330], next run at: 2025-09-18 05:00:14 CEST)" (scheduled at 2025-09-18 04:55:05.878004+02:00)
{"task": "macro", "ts": "2025-09-18T02:55:05.898311Z", "event": "task_start", "timestamp": "2025-09-18T02:55:05.898311Z", "level": "info"}
{"symbol": "bitcoin", "event": "macro_cache_hit", "timestamp": "2025-09-18T02:55:05.899314Z", "level": "info"}
{"task": "macro", "event": "task_ok", "timestamp": "2025-09-18T02:55:05.900314Z", "level": "info"}
{"task": "macro", "duration": 0.00301, "event": "task_end", "timestamp": "2025-09-18T02:55:05.901321Z", "level": "info"}
Job "task_wrapper (trigger: interval[0:05:08.878330], next run at: 2025-09-18 05:00:14 CEST)" executed successfully
{"alive": true, "rss_mb": 58.5, "cpu_percent": 0.0, "event": "heartbeat", "timestamp": "2025-09-18T02:55:19.729314Z", "level": "info"}
{"alive": true, "rss_mb": 58.5, "cpu_percent": 0.0, "event": "heartbeat", "timestamp": "2025-09-18T02:55:49.744691Z", "level": "info"}
{"alive": true, "rss_mb": 58.5, "cpu_percent": 0.0, "event": "heartbeat", "timestamp": "2025-09-18T02:56:19.749338Z", "level": "info"}
{"alive": true, "rss_mb": 58.5, "cpu_percent": 0.0, "event": "heartbeat", "timestamp": "2025-09-18T02:56:49.754069Z", "level": "info"}
{"alive": true, "rss_mb": 58.5, "cpu_percent": 0.0, "event": "heartbeat", "timestamp": "2025-09-18T02:57:19.761462Z", "level": "info"}
{"alive": true, "rss_mb": 58.5, "cpu_percent": 0.0, "event": "heartbeat", "timestamp": "2025-09-18T02:57:49.768882Z", "level": "info"}
{"alive": true, "rss_mb": 58.5, "cpu_percent": 0.0, "event": "heartbeat", "timestamp": "2025-09-18T02:58:19.769498Z", "level": "info"}
Running job "task_wrapper (trigger: interval[0:05:07.070337], next run at: 2025-09-18 05:03:31 CEST)" (scheduled at 2025-09-18 04:58:24.474752+02:00)
{"task": "derivatives_oi", "ts": "2025-09-18T02:58:24.478083Z", "event": "task_start", "timestamp": "2025-09-18T02:58:24.478083Z", "level": "info"}
{"symbol": "BTCUSDT", "event": "deriv_cache_hit", "timestamp": "2025-09-18T02:58:24.479089Z", "level": "info"}
{"task": "derivatives_oi", "event": "task_ok", "timestamp": "2025-09-18T02:58:24.481083Z", "level": "info"}
{"task": "derivatives_oi", "duration": 0.003, "event": "task_end", "timestamp": "2025-09-18T02:58:24.481083Z", "level": "info"}
Job "task_wrapper (trigger: interval[0:05:07.070337], next run at: 2025-09-18 05:03:31 CEST)" executed successfully
{"alive": true, "rss_mb": 58.5, "cpu_percent": 0.0, "event": "heartbeat", "timestamp": "2025-09-18T02:58:49.770049Z", "level": "info"}
Running job "task_wrapper (trigger: interval[0:15:38.604368], next run at: 2025-09-18 05:14:43 CEST)" (scheduled at 2025-09-18 04:59:05.267561+02:00)
{"task": "defillama", "ts": "2025-09-18T02:59:05.277752Z", "event": "task_start", "timestamp": "2025-09-18T02:59:05.277752Z", "level": "info"}
{"chain": "ethereum", "event": "defillama_cache_hit", "timestamp": "2025-09-18T02:59:05.278757Z", "level": "info"}
{"task": "defillama", "event": "task_ok", "timestamp": "2025-09-18T02:59:05.278757Z", "level": "info"}
{"task": "defillama", "duration": 0.002003, "event": "task_end", "timestamp": "2025-09-18T02:59:05.279755Z", "level": "info"}
Job "task_wrapper (trigger: interval[0:15:38.604368], next run at: 2025-09-18 05:14:43 CEST)" executed successfully
{"alive": true, "rss_mb": 58.5, "cpu_percent": 0.0, "event": "heartbeat", "timestamp": "2025-09-18T02:59:19.777458Z", "level": "info"}
Running job "task_wrapper (trigger: interval[0:05:03.285188], next run at: 2025-09-18 05:04:40 CEST)" (scheduled at 2025-09-18 04:59:36.866853+02:00)
{"task": "derivatives_lsr", "ts": "2025-09-18T02:59:36.877198Z", "event": "task_start", "timestamp": "2025-09-18T02:59:36.877198Z", "level": "info"}
{"symbol": "BTCUSDT", "metric": "long_short_ratio", "event": "deriv_cache_hit", "timestamp": "2025-09-18T02:59:36.878199Z", "level": "info"}
{"task": "derivatives_lsr", "event": "task_ok", "timestamp": "2025-09-18T02:59:36.879199Z", "level": "info"}
{"task": "derivatives_lsr", "duration": 0.002001, "event": "task_end", "timestamp": "2025-09-18T02:59:36.879199Z", "level": "info"}
Job "task_wrapper (trigger: interval[0:05:03.285188], next run at: 2025-09-18 05:04:40 CEST)" executed successfully
{"alive": true, "rss_mb": 58.5, "cpu_percent": 0.0, "event": "heartbeat", "timestamp": "2025-09-18T02:59:49.793027Z", "level": "info"}
Running job "task_wrapper (trigger: interval[0:05:08.878330], next run at: 2025-09-18 05:05:23 CEST)" (scheduled at 2025-09-18 05:00:14.756334+02:00)
{"task": "macro", "ts": "2025-09-18T03:00:14.771915Z", "event": "task_start", "timestamp": "2025-09-18T03:00:14.771915Z", "level": "info"}
{"symbol": "bitcoin", "event": "macro_cache_hit", "timestamp": "2025-09-18T03:00:14.772921Z", "level": "info"}
{"task": "macro", "event": "task_ok", "timestamp": "2025-09-18T03:00:14.773924Z", "level": "info"}
{"task": "macro", "duration": 0.002009, "event": "task_end", "timestamp": "2025-09-18T03:00:14.773924Z", "level": "info"}
Job "task_wrapper (trigger: interval[0:05:08.878330], next run at: 2025-09-18 05:05:23 CEST)" executed successfully
{"alive": true, "rss_mb": 58.5, "cpu_percent": 0.0, "event": "heartbeat", "timestamp": "2025-09-18T03:00:19.809837Z", "level": "info"}
Running job "task_wrapper (trigger: interval[0:28:33.563456], next run at: 2025-09-18 05:28:55 CEST)" (scheduled at 2025-09-18 05:00:22.380218+02:00)
{"task": "onchain_hashrate", "ts": "2025-09-18T03:00:22.395910Z", "event": "task_start", "timestamp": "2025-09-18T03:00:22.395910Z", "level": "info"}
{"symbol": "BTC", "event": "onchain_cache_hit", "timestamp": "2025-09-18T03:00:22.396926Z", "level": "info"}
{"task": "onchain_hashrate", "event": "task_ok", "timestamp": "2025-09-18T03:00:22.397908Z", "level": "info"}
{"task": "onchain_hashrate", "duration": 0.003006, "event": "task_end", "timestamp": "2025-09-18T03:00:22.398916Z", "level": "info"}
Job "task_wrapper (trigger: interval[0:28:33.563456], next run at: 2025-09-18 05:28:55 CEST)" executed successfully
{"alive": true, "rss_mb": 58.5, "cpu_percent": 0.0, "event": "heartbeat", "timestamp": "2025-09-18T03:00:49.810920Z", "level": "info"}
{"alive": true, "rss_mb": 58.5, "cpu_percent": 0.0, "event": "heartbeat", "timestamp": "2025-09-18T03:01:19.817452Z", "level": "info"}
{"alive": true, "rss_mb": 58.5, "cpu_percent": 0.0, "event": "heartbeat", "timestamp": "2025-09-18T03:01:49.829647Z", "level": "info"}
{"alive": true, "rss_mb": 58.5, "cpu_percent": 0.0, "event": "heartbeat", "timestamp": "2025-09-18T03:02:19.829561Z", "level": "info"}
{"alive": true, "rss_mb": 58.5, "cpu_percent": 0.0, "event": "heartbeat", "timestamp": "2025-09-18T03:02:49.843917Z", "level": "info"}
{"alive": true, "rss_mb": 58.5, "cpu_percent": 0.0, "event": "heartbeat", "timestamp": "2025-09-18T03:03:19.854064Z", "level": "info"}
Running job "task_wrapper (trigger: interval[0:05:07.070337], next run at: 2025-09-18 05:08:38 CEST)" (scheduled at 2025-09-18 05:03:31.545089+02:00)
{"task": "derivatives_oi", "ts": "2025-09-18T03:03:31.552470Z", "event": "task_start", "timestamp": "2025-09-18T03:03:31.552470Z", "level": "info"}
{"symbol": "BTCUSDT", "event": "deriv_cache_hit", "timestamp": "2025-09-18T03:03:31.553476Z", "level": "info"}
{"task": "derivatives_oi", "event": "task_ok", "timestamp": "2025-09-18T03:03:31.554469Z", "level": "info"}
{"task": "derivatives_oi", "duration": 0.001999, "event": "task_end", "timestamp": "2025-09-18T03:03:31.554469Z", "level": "info"}
Job "task_wrapper (trigger: interval[0:05:07.070337], next run at: 2025-09-18 05:08:38 CEST)" executed successfully
{"alive": true, "rss_mb": 58.5, "cpu_percent": 0.0, "event": "heartbeat", "timestamp": "2025-09-18T03:03:49.878093Z", "level": "info"}
{"alive": true, "rss_mb": 58.5, "cpu_percent": 0.0, "event": "heartbeat", "timestamp": "2025-09-18T03:04:19.900342Z", "level": "info"}
Running job "task_wrapper (trigger: interval[0:05:03.285188], next run at: 2025-09-18 05:09:43 CEST)" (scheduled at 2025-09-18 05:04:40.152041+02:00)
{"task": "derivatives_lsr", "ts": "2025-09-18T03:04:40.165447Z", "event": "task_start", "timestamp": "2025-09-18T03:04:40.165447Z", "level": "info"}
{"symbol": "BTCUSDT", "metric": "long_short_ratio", "event": "deriv_cache_hit", "timestamp": "2025-09-18T03:04:40.166450Z", "level": "info"}
{"task": "derivatives_lsr", "event": "task_ok", "timestamp": "2025-09-18T03:04:40.167446Z", "level": "info"}
{"task": "derivatives_lsr", "duration": 0.002998, "event": "task_end", "timestamp": "2025-09-18T03:04:40.168445Z", "level": "info"}
Job "task_wrapper (trigger: interval[0:05:03.285188], next run at: 2025-09-18 05:09:43 CEST)" executed successfully
{"alive": true, "rss_mb": 58.5, "cpu_percent": 0.0, "event": "heartbeat", "timestamp": "2025-09-18T03:04:49.900692Z", "level": "info"}
{"alive": true, "rss_mb": 58.5, "cpu_percent": 0.0, "event": "heartbeat", "timestamp": "2025-09-18T03:05:19.892620Z", "level": "info"}
Running job "task_wrapper (trigger: interval[0:05:08.878330], next run at: 2025-09-18 05:10:32 CEST)" (scheduled at 2025-09-18 05:05:23.634664+02:00)
{"task": "macro", "ts": "2025-09-18T03:05:23.648090Z", "event": "task_start", "timestamp": "2025-09-18T03:05:23.648090Z", "level": "info"}
{"symbol": "bitcoin", "event": "macro_cache_hit", "timestamp": "2025-09-18T03:05:23.650095Z", "level": "info"}
{"task": "macro", "event": "task_ok", "timestamp": "2025-09-18T03:05:23.651094Z", "level": "info"}
{"task": "macro", "duration": 0.004004, "event": "task_end", "timestamp": "2025-09-18T03:05:23.652094Z", "level": "info"}
Job "task_wrapper (trigger: interval[0:05:08.878330], next run at: 2025-09-18 05:10:32 CEST)" executed successfully
{"alive": true, "rss_mb": 58.5, "cpu_percent": 0.0, "event": "heartbeat", "timestamp": "2025-09-18T03:05:49.912574Z", "level": "info"}
{"alive": true, "rss_mb": 58.5, "cpu_percent": 0.0, "event": "heartbeat", "timestamp": "2025-09-18T03:06:19.916966Z", "level": "info"}
{"alive": true, "rss_mb": 58.5, "cpu_percent": 0.0, "event": "heartbeat", "timestamp": "2025-09-18T03:06:49.921681Z", "level": "info"}
{"alive": true, "rss_mb": 58.5, "cpu_percent": 0.0, "event": "heartbeat", "timestamp": "2025-09-18T03:07:19.934274Z", "level": "info"}
{"alive": true, "rss_mb": 58.5, "cpu_percent": 0.0, "event": "heartbeat", "timestamp": "2025-09-18T03:07:49.939532Z", "level": "info"}
{"alive": true, "rss_mb": 58.5, "cpu_percent": 0.0, "event": "heartbeat", "timestamp": "2025-09-18T03:08:19.965595Z", "level": "info"}
Running job "task_wrapper (trigger: interval[0:05:07.070337], next run at: 2025-09-18 05:13:45 CEST)" (scheduled at 2025-09-18 05:08:38.615426+02:00)
{"task": "derivatives_oi", "ts": "2025-09-18T03:08:38.631029Z", "event": "task_start", "timestamp": "2025-09-18T03:08:38.631029Z", "level": "info"}
{"symbol": "BTCUSDT", "event": "deriv_cache_hit", "timestamp": "2025-09-18T03:08:38.632036Z", "level": "info"}
{"task": "derivatives_oi", "event": "task_ok", "timestamp": "2025-09-18T03:08:38.633028Z", "level": "info"}
{"task": "derivatives_oi", "duration": 0.003014, "event": "task_end", "timestamp": "2025-09-18T03:08:38.634043Z", "level": "info"}
Job "task_wrapper (trigger: interval[0:05:07.070337], next run at: 2025-09-18 05:13:45 CEST)" executed successfully
{"alive": true, "rss_mb": 58.5, "cpu_percent": 0.0, "event": "heartbeat", "timestamp": "2025-09-18T03:08:49.973529Z", "level": "info"}
{"alive": true, "rss_mb": 58.5, "cpu_percent": 0.0, "event": "heartbeat", "timestamp": "2025-09-18T03:09:19.990278Z", "level": "info"}
Running job "task_wrapper (trigger: interval[0:05:03.285188], next run at: 2025-09-18 05:14:46 CEST)" (scheduled at 2025-09-18 05:09:43.437229+02:00)
{"task": "derivatives_lsr", "ts": "2025-09-18T03:09:43.456762Z", "event": "task_start", "timestamp": "2025-09-18T03:09:43.456762Z", "level": "info"}
{"symbol": "BTCUSDT", "metric": "long_short_ratio", "event": "deriv_cache_hit", "timestamp": "2025-09-18T03:09:43.457761Z", "level": "info"}
{"task": "derivatives_lsr", "event": "task_ok", "timestamp": "2025-09-18T03:09:43.459759Z", "level": "info"}
{"task": "derivatives_lsr", "duration": 0.004002, "event": "task_end", "timestamp": "2025-09-18T03:09:43.460764Z", "level": "info"}
Job "task_wrapper (trigger: interval[0:05:03.285188], next run at: 2025-09-18 05:14:46 CEST)" executed successfully
{"alive": true, "rss_mb": 58.5, "cpu_percent": 0.0, "event": "heartbeat", "timestamp": "2025-09-18T03:09:50.006450Z", "level": "info"}
{"alive": true, "rss_mb": 58.5, "cpu_percent": 0.0, "event": "heartbeat", "timestamp": "2025-09-18T03:10:20.013941Z", "level": "info"}
Running job "task_wrapper (trigger: interval[0:05:08.878330], next run at: 2025-09-18 05:15:41 CEST)" (scheduled at 2025-09-18 05:10:32.512994+02:00)
{"task": "macro", "ts": "2025-09-18T03:10:32.541108Z", "event": "task_start", "timestamp": "2025-09-18T03:10:32.541108Z", "level": "info"}
{"symbol": "bitcoin", "event": "macro_cache_hit", "timestamp": "2025-09-18T03:10:32.542108Z", "level": "info"}
{"task": "macro", "event": "task_ok", "timestamp": "2025-09-18T03:10:32.543106Z", "level": "info"}
{"task": "macro", "duration": 0.002998, "event": "task_end", "timestamp": "2025-09-18T03:10:32.544106Z", "level": "info"}
Job "task_wrapper (trigger: interval[0:05:08.878330], next run at: 2025-09-18 05:15:41 CEST)" executed successfully
{"alive": true, "rss_mb": 58.5, "cpu_percent": 0.0, "event": "heartbeat", "timestamp": "2025-09-18T03:10:50.031672Z", "level": "info"}
{"alive": true, "rss_mb": 58.5, "cpu_percent": 0.0, "event": "heartbeat", "timestamp": "2025-09-18T03:11:20.018977Z", "level": "info"}
{"alive": true, "rss_mb": 58.5, "cpu_percent": 0.0, "event": "heartbeat", "timestamp": "2025-09-18T03:11:50.031426Z", "level": "info"}
{"alive": true, "rss_mb": 58.5, "cpu_percent": 0.0, "event": "heartbeat", "timestamp": "2025-09-18T03:12:20.041240Z", "level": "info"}
{"alive": true, "rss_mb": 58.5, "cpu_percent": 0.0, "event": "heartbeat", "timestamp": "2025-09-18T03:12:50.055161Z", "level": "info"}
Running job "task_wrapper (trigger: interval[0:29:42.286402], next run at: 2025-09-18 05:42:40 CEST)" (scheduled at 2025-09-18 05:12:58.333619+02:00)
{"task": "onchain_sopr", "ts": "2025-09-18T03:12:58.350432Z", "event": "task_start", "timestamp": "2025-09-18T03:12:58.350432Z", "level": "info"}
{"symbol": "BTC", "event": "onchain_cache_hit", "timestamp": "2025-09-18T03:12:58.351440Z", "level": "info"}
{"task": "onchain_sopr", "event": "task_ok", "timestamp": "2025-09-18T03:12:58.352438Z", "level": "info"}
{"task": "onchain_sopr", "duration": 0.002991, "event": "task_end", "timestamp": "2025-09-18T03:12:58.353423Z", "level": "info"}
Job "task_wrapper (trigger: interval[0:29:42.286402], next run at: 2025-09-18 05:42:40 CEST)" executed successfully
{"alive": true, "rss_mb": 58.5, "cpu_percent": 0.0, "event": "heartbeat", "timestamp": "2025-09-18T03:13:20.062254Z", "level": "info"}
Running job "task_wrapper (trigger: interval[0:05:07.070337], next run at: 2025-09-18 05:18:52 CEST)" (scheduled at 2025-09-18 05:13:45.685763+02:00)
{"task": "derivatives_oi", "ts": "2025-09-18T03:13:45.702777Z", "event": "task_start", "timestamp": "2025-09-18T03:13:45.702777Z", "level": "info"}
{"symbol": "BTCUSDT", "event": "deriv_cache_hit", "timestamp": "2025-09-18T03:13:45.703781Z", "level": "info"}
{"task": "derivatives_oi", "event": "task_ok", "timestamp": "2025-09-18T03:13:45.704795Z", "level": "info"}
{"task": "derivatives_oi", "duration": 0.003003, "event": "task_end", "timestamp": "2025-09-18T03:13:45.705780Z", "level": "info"}
Job "task_wrapper (trigger: interval[0:05:07.070337], next run at: 2025-09-18 05:18:52 CEST)" executed successfully
{"alive": true, "rss_mb": 58.5, "cpu_percent": 0.0, "event": "heartbeat", "timestamp": "2025-09-18T03:13:50.055955Z", "level": "info"}
Running job "task_wrapper (trigger: interval[0:29:49.249948], next run at: 2025-09-18 05:44:04 CEST)" (scheduled at 2025-09-18 05:14:14.930623+02:00)
{"task": "onchain_tx", "ts": "2025-09-18T03:14:14.944138Z", "event": "task_start", "timestamp": "2025-09-18T03:14:14.944138Z", "level": "info"}
HTTP Request: GET https://api.blockchain.info/q/getblockcount "HTTP/1.1 200 OK"
{"symbol": "BTC", "source": "blockchain.info", "event": "onchain_success", "timestamp": "2025-09-18T03:14:15.493120Z", "level": "info"}
{"task": "onchain_tx", "event": "task_ok", "timestamp": "2025-09-18T03:14:15.495138Z", "level": "info"}
{"task": "onchain_tx", "duration": 0.551984, "event": "task_end", "timestamp": "2025-09-18T03:14:15.496122Z", "level": "info"}
Job "task_wrapper (trigger: interval[0:29:49.249948], next run at: 2025-09-18 05:44:04 CEST)" executed successfully
{"alive": true, "rss_mb": 58.6, "cpu_percent": 0.0, "event": "heartbeat", "timestamp": "2025-09-18T03:14:20.066990Z", "level": "info"}
Running job "task_wrapper (trigger: interval[0:15:38.604368], next run at: 2025-09-18 05:30:22 CEST)" (scheduled at 2025-09-18 05:14:43.871929+02:00)
{"task": "defillama", "ts": "2025-09-18T03:14:43.889241Z", "event": "task_start", "timestamp": "2025-09-18T03:14:43.889241Z", "level": "info"}
{"chain": "ethereum", "event": "defillama_cache_hit", "timestamp": "2025-09-18T03:14:43.890241Z", "level": "info"}
{"task": "defillama", "event": "task_ok", "timestamp": "2025-09-18T03:14:43.891242Z", "level": "info"}
{"task": "defillama", "duration": 0.002001, "event": "task_end", "timestamp": "2025-09-18T03:14:43.891242Z", "level": "info"}
Job "task_wrapper (trigger: interval[0:15:38.604368], next run at: 2025-09-18 05:30:22 CEST)" executed successfully
Running job "task_wrapper (trigger: interval[0:05:03.285188], next run at: 2025-09-18 05:19:50 CEST)" (scheduled at 2025-09-18 05:14:46.722417+02:00)
{"task": "derivatives_lsr", "ts": "2025-09-18T03:14:46.742746Z", "event": "task_start", "timestamp": "2025-09-18T03:14:46.742746Z", "level": "info"}
{"symbol": "BTCUSDT", "metric": "long_short_ratio", "event": "deriv_cache_hit", "timestamp": "2025-09-18T03:14:46.743748Z", "level": "info"}
{"task": "derivatives_lsr", "event": "task_ok", "timestamp": "2025-09-18T03:14:46.744748Z", "level": "info"}
{"task": "derivatives_lsr", "duration": 0.003003, "event": "task_end", "timestamp": "2025-09-18T03:14:46.745749Z", "level": "info"}
Job "task_wrapper (trigger: interval[0:05:03.285188], next run at: 2025-09-18 05:19:50 CEST)" executed successfully
{"alive": true, "rss_mb": 58.6, "cpu_percent": 0.0, "event": "heartbeat", "timestamp": "2025-09-18T03:14:50.086671Z", "level": "info"}
{"alive": true, "rss_mb": 58.6, "cpu_percent": 0.0, "event": "heartbeat", "timestamp": "2025-09-18T03:15:20.103874Z", "level": "info"}
Running job "task_wrapper (trigger: interval[0:05:08.878330], next run at: 2025-09-18 05:20:50 CEST)" (scheduled at 2025-09-18 05:15:41.391324+02:00)
{"task": "macro", "ts": "2025-09-18T03:15:41.403069Z", "event": "task_start", "timestamp": "2025-09-18T03:15:41.403069Z", "level": "info"}
{"symbol": "bitcoin", "event": "macro_cache_hit", "timestamp": "2025-09-18T03:15:41.404068Z", "level": "info"}
{"task": "macro", "event": "task_ok", "timestamp": "2025-09-18T03:15:41.405067Z", "level": "info"}
{"task": "macro", "duration": 0.002999, "event": "task_end", "timestamp": "2025-09-18T03:15:41.406068Z", "level": "info"}
Job "task_wrapper (trigger: interval[0:05:08.878330], next run at: 2025-09-18 05:20:50 CEST)" executed successfully
{"alive": true, "rss_mb": 58.6, "cpu_percent": 0.0, "event": "heartbeat", "timestamp": "2025-09-18T03:15:50.120262Z", "level": "info"}
{"alive": true, "rss_mb": 58.6, "cpu_percent": 0.0, "event": "heartbeat", "timestamp": "2025-09-18T03:16:20.124918Z", "level": "info"}
{"alive": true, "rss_mb": 58.6, "cpu_percent": 0.0, "event": "heartbeat", "timestamp": "2025-09-18T03:16:50.133499Z", "level": "info"}
{"alive": true, "rss_mb": 58.6, "cpu_percent": 0.0, "event": "heartbeat", "timestamp": "2025-09-18T03:17:20.151827Z", "level": "info"}
{"alive": true, "rss_mb": 58.6, "cpu_percent": 0.0, "event": "heartbeat", "timestamp": "2025-09-18T03:17:50.165448Z", "level": "info"}
{"alive": true, "rss_mb": 58.6, "cpu_percent": 0.0, "event": "heartbeat", "timestamp": "2025-09-18T03:18:20.179664Z", "level": "info"}
{"alive": true, "rss_mb": 58.6, "cpu_percent": 0.0, "event": "heartbeat", "timestamp": "2025-09-18T03:18:50.181641Z", "level": "info"}
Running job "task_wrapper (trigger: interval[0:05:07.070337], next run at: 2025-09-18 05:23:59 CEST)" (scheduled at 2025-09-18 05:18:52.756100+02:00)
{"task": "derivatives_oi", "ts": "2025-09-18T03:18:52.767131Z", "event": "task_start", "timestamp": "2025-09-18T03:18:52.767131Z", "level": "info"}
{"symbol": "BTCUSDT", "event": "deriv_cache_hit", "timestamp": "2025-09-18T03:18:52.768131Z", "level": "info"}
{"task": "derivatives_oi", "event": "task_ok", "timestamp": "2025-09-18T03:18:52.769132Z", "level": "info"}
{"task": "derivatives_oi", "duration": 0.003003, "event": "task_end", "timestamp": "2025-09-18T03:18:52.770134Z", "level": "info"}
Job "task_wrapper (trigger: interval[0:05:07.070337], next run at: 2025-09-18 05:23:59 CEST)" executed successfully
{"alive": true, "rss_mb": 58.6, "cpu_percent": 0.0, "event": "heartbeat", "timestamp": "2025-09-18T03:19:20.181541Z", "level": "info"}
Running job "task_wrapper (trigger: interval[0:05:03.285188], next run at: 2025-09-18 05:24:53 CEST)" (scheduled at 2025-09-18 05:19:50.007605+02:00)
{"task": "derivatives_lsr", "ts": "2025-09-18T03:19:50.020847Z", "event": "task_start", "timestamp": "2025-09-18T03:19:50.021848Z", "level": "info"}
{"symbol": "BTCUSDT", "metric": "long_short_ratio", "event": "deriv_cache_hit", "timestamp": "2025-09-18T03:19:50.022846Z", "level": "info"}
{"task": "derivatives_lsr", "event": "task_ok", "timestamp": "2025-09-18T03:19:50.023846Z", "level": "info"}
{"task": "derivatives_lsr", "duration": 0.002999, "event": "task_end", "timestamp": "2025-09-18T03:19:50.023846Z", "level": "info"}
Job "task_wrapper (trigger: interval[0:05:03.285188], next run at: 2025-09-18 05:24:53 CEST)" executed successfully
{"alive": true, "rss_mb": 58.6, "cpu_percent": 0.0, "event": "heartbeat", "timestamp": "2025-09-18T03:19:50.189787Z", "level": "info"}
{"alive": true, "rss_mb": 58.6, "cpu_percent": 0.0, "event": "heartbeat", "timestamp": "2025-09-18T03:20:20.197184Z", "level": "info"}
{"alive": true, "rss_mb": 58.6, "cpu_percent": 0.0, "event": "heartbeat", "timestamp": "2025-09-18T03:20:50.205378Z", "level": "info"}
Running job "task_wrapper (trigger: interval[0:05:08.878330], next run at: 2025-09-18 05:25:59 CEST)" (scheduled at 2025-09-18 05:20:50.269654+02:00)
{"task": "macro", "ts": "2025-09-18T03:20:50.285859Z", "event": "task_start", "timestamp": "2025-09-18T03:20:50.285859Z", "level": "info"}
{"symbol": "bitcoin", "event": "macro_cache_hit", "timestamp": "2025-09-18T03:20:50.286860Z", "level": "info"}
{"task": "macro", "event": "task_ok", "timestamp": "2025-09-18T03:20:50.291856Z", "level": "info"}
{"task": "macro", "duration": 0.006999, "event": "task_end", "timestamp": "2025-09-18T03:20:50.292858Z", "level": "info"}
Job "task_wrapper (trigger: interval[0:05:08.878330], next run at: 2025-09-18 05:25:59 CEST)" executed successfully
{"alive": true, "rss_mb": 58.6, "cpu_percent": 0.0, "event": "heartbeat", "timestamp": "2025-09-18T03:21:20.210180Z", "level": "info"}
{"alive": true, "rss_mb": 58.5, "cpu_percent": 0.0, "event": "heartbeat", "timestamp": "2025-09-18T03:21:50.225092Z", "level": "info"}
{"alive": true, "rss_mb": 58.5, "cpu_percent": 0.0, "event": "heartbeat", "timestamp": "2025-09-18T03:22:20.226157Z", "level": "info"}
{"alive": true, "rss_mb": 58.5, "cpu_percent": 0.0, "event": "heartbeat", "timestamp": "2025-09-18T03:22:50.242743Z", "level": "info"}
{"alive": true, "rss_mb": 58.5, "cpu_percent": 0.0, "event": "heartbeat", "timestamp": "2025-09-18T03:23:20.257850Z", "level": "info"}
{"alive": true, "rss_mb": 58.5, "cpu_percent": 0.0, "event": "heartbeat", "timestamp": "2025-09-18T03:23:50.266818Z", "level": "info"}
Running job "task_wrapper (trigger: interval[0:05:07.070337], next run at: 2025-09-18 05:29:06 CEST)" (scheduled at 2025-09-18 05:23:59.826437+02:00)
{"task": "derivatives_oi", "ts": "2025-09-18T03:23:59.838866Z", "event": "task_start", "timestamp": "2025-09-18T03:23:59.838866Z", "level": "info"}
{"symbol": "BTCUSDT", "event": "deriv_cache_hit", "timestamp": "2025-09-18T03:23:59.840874Z", "level": "info"}
{"task": "derivatives_oi", "event": "task_ok", "timestamp": "2025-09-18T03:23:59.841875Z", "level": "info"}
{"task": "derivatives_oi", "duration": 0.004009, "event": "task_end", "timestamp": "2025-09-18T03:23:59.842875Z", "level": "info"}
Job "task_wrapper (trigger: interval[0:05:07.070337], next run at: 2025-09-18 05:29:06 CEST)" executed successfully
{"alive": true, "rss_mb": 58.5, "cpu_percent": 0.0, "event": "heartbeat", "timestamp": "2025-09-18T03:24:20.273997Z", "level": "info"}
{"alive": true, "rss_mb": 58.5, "cpu_percent": 0.0, "event": "heartbeat", "timestamp": "2025-09-18T03:24:50.278838Z", "level": "info"}
Running job "task_wrapper (trigger: interval[0:05:03.285188], next run at: 2025-09-18 05:29:56 CEST)" (scheduled at 2025-09-18 05:24:53.292793+02:00)
{"task": "derivatives_lsr", "ts": "2025-09-18T03:24:53.309176Z", "event": "task_start", "timestamp": "2025-09-18T03:24:53.309176Z", "level": "info"}
{"symbol": "BTCUSDT", "metric": "long_short_ratio", "event": "deriv_cache_hit", "timestamp": "2025-09-18T03:24:53.310180Z", "level": "info"}
{"task": "derivatives_lsr", "event": "task_ok", "timestamp": "2025-09-18T03:24:53.311178Z", "level": "info"}
{"task": "derivatives_lsr", "duration": 0.003005, "event": "task_end", "timestamp": "2025-09-18T03:24:53.312181Z", "level": "info"}
Job "task_wrapper (trigger: interval[0:05:03.285188], next run at: 2025-09-18 05:29:56 CEST)" executed successfully
{"alive": true, "rss_mb": 58.5, "cpu_percent": 0.0, "event": "heartbeat", "timestamp": "2025-09-18T03:25:20.296979Z", "level": "info"}
{"alive": true, "rss_mb": 58.5, "cpu_percent": 0.0, "event": "heartbeat", "timestamp": "2025-09-18T03:25:50.301228Z", "level": "info"}
Running job "task_wrapper (trigger: interval[0:05:08.878330], next run at: 2025-09-18 05:31:08 CEST)" (scheduled at 2025-09-18 05:25:59.147984+02:00)
{"task": "macro", "ts": "2025-09-18T03:25:59.165565Z", "event": "task_start", "timestamp": "2025-09-18T03:25:59.165565Z", "level": "info"}
{"symbol": "bitcoin", "event": "macro_cache_hit", "timestamp": "2025-09-18T03:25:59.167559Z", "level": "info"}
{"task": "macro", "event": "task_ok", "timestamp": "2025-09-18T03:25:59.168569Z", "level": "info"}
{"task": "macro", "duration": 0.003004, "event": "task_end", "timestamp": "2025-09-18T03:25:59.168569Z", "level": "info"}
Job "task_wrapper (trigger: interval[0:05:08.878330], next run at: 2025-09-18 05:31:08 CEST)" executed successfully
{"alive": true, "rss_mb": 58.5, "cpu_percent": 0.0, "event": "heartbeat", "timestamp": "2025-09-18T03:26:20.315941Z", "level": "info"}
{"alive": true, "rss_mb": 58.5, "cpu_percent": 0.0, "event": "heartbeat", "timestamp": "2025-09-18T03:26:50.331216Z", "level": "info"}
{"alive": true, "rss_mb": 58.5, "cpu_percent": 0.0, "event": "heartbeat", "timestamp": "2025-09-18T03:27:20.345287Z", "level": "info"}
{"alive": true, "rss_mb": 58.5, "cpu_percent": 0.0, "event": "heartbeat", "timestamp": "2025-09-18T03:27:50.356125Z", "level": "info"}
{"alive": true, "rss_mb": 58.5, "cpu_percent": 0.0, "event": "heartbeat", "timestamp": "2025-09-18T03:28:20.371820Z", "level": "info"}
{"alive": true, "rss_mb": 58.5, "cpu_percent": 0.0, "event": "heartbeat", "timestamp": "2025-09-18T03:28:50.382074Z", "level": "info"}
Running job "task_wrapper (trigger: interval[0:28:33.563456], next run at: 2025-09-18 05:57:29 CEST)" (scheduled at 2025-09-18 05:28:55.943674+02:00)
{"task": "onchain_hashrate", "ts": "2025-09-18T03:28:55.957482Z", "event": "task_start", "timestamp": "2025-09-18T03:28:55.957482Z", "level": "info"}
HTTP Request: GET https://api.blockchain.info/q/hashrate "HTTP/1.1 200 OK"
{"symbol": "BTC", "source": "blockchain.info", "event": "onchain_success", "timestamp": "2025-09-18T03:28:56.498396Z", "level": "info"}
{"task": "onchain_hashrate", "event": "task_ok", "timestamp": "2025-09-18T03:28:56.500373Z", "level": "info"}
{"task": "onchain_hashrate", "duration": 0.542891, "event": "task_end", "timestamp": "2025-09-18T03:28:56.500373Z", "level": "info"}
Job "task_wrapper (trigger: interval[0:28:33.563456], next run at: 2025-09-18 05:57:29 CEST)" executed successfully
Running job "task_wrapper (trigger: interval[0:05:07.070337], next run at: 2025-09-18 05:34:13 CEST)" (scheduled at 2025-09-18 05:29:06.896774+02:00)
{"task": "derivatives_oi", "ts": "2025-09-18T03:29:06.899238Z", "event": "task_start", "timestamp": "2025-09-18T03:29:06.899238Z", "level": "info"}
{"symbol": "BTCUSDT", "event": "deriv_cache_hit", "timestamp": "2025-09-18T03:29:06.900237Z", "level": "info"}
{"task": "derivatives_oi", "event": "task_ok", "timestamp": "2025-09-18T03:29:06.901241Z", "level": "info"}
{"task": "derivatives_oi", "duration": 0.002998, "event": "task_end", "timestamp": "2025-09-18T03:29:06.902236Z", "level": "info"}
Job "task_wrapper (trigger: interval[0:05:07.070337], next run at: 2025-09-18 05:34:13 CEST)" executed successfully
{"alive": true, "rss_mb": 58.6, "cpu_percent": 0.0, "event": "heartbeat", "timestamp": "2025-09-18T03:29:20.390563Z", "level": "info"}
{"alive": true, "rss_mb": 58.6, "cpu_percent": 0.0, "event": "heartbeat", "timestamp": "2025-09-18T03:29:50.404579Z", "level": "info"}
Running job "task_wrapper (trigger: interval[0:05:03.285188], next run at: 2025-09-18 05:34:59 CEST)" (scheduled at 2025-09-18 05:29:56.577981+02:00)
{"task": "derivatives_lsr", "ts": "2025-09-18T03:29:56.584277Z", "event": "task_start", "timestamp": "2025-09-18T03:29:56.584277Z", "level": "info"}
{"symbol": "BTCUSDT", "metric": "long_short_ratio", "event": "deriv_cache_hit", "timestamp": "2025-09-18T03:29:56.585262Z", "level": "info"}
{"task": "derivatives_lsr", "event": "task_ok", "timestamp": "2025-09-18T03:29:56.586274Z", "level": "info"}
{"task": "derivatives_lsr", "duration": 0.001997, "event": "task_end", "timestamp": "2025-09-18T03:29:56.586274Z", "level": "info"}
Job "task_wrapper (trigger: interval[0:05:03.285188], next run at: 2025-09-18 05:34:59 CEST)" executed successfully
{"alive": true, "rss_mb": 58.6, "cpu_percent": 0.0, "event": "heartbeat", "timestamp": "2025-09-18T03:30:20.425282Z", "level": "info"}
Running job "task_wrapper (trigger: interval[0:15:38.604368], next run at: 2025-09-18 05:46:01 CEST)" (scheduled at 2025-09-18 05:30:22.476297+02:00)
{"task": "defillama", "ts": "2025-09-18T03:30:22.494828Z", "event": "task_start", "timestamp": "2025-09-18T03:30:22.494828Z", "level": "info"}
{"chain": "ethereum", "event": "defillama_cache_hit", "timestamp": "2025-09-18T03:30:22.495825Z", "level": "info"}
{"task": "defillama", "event": "task_ok", "timestamp": "2025-09-18T03:30:22.496830Z", "level": "info"}
{"task": "defillama", "duration": 0.003001, "event": "task_end", "timestamp": "2025-09-18T03:30:22.497829Z", "level": "info"}
Job "task_wrapper (trigger: interval[0:15:38.604368], next run at: 2025-09-18 05:46:01 CEST)" executed successfully
{"alive": true, "rss_mb": 58.6, "cpu_percent": 0.0, "event": "heartbeat", "timestamp": "2025-09-18T03:30:50.431713Z", "level": "info"}
Running job "task_wrapper (trigger: interval[0:05:08.878330], next run at: 2025-09-18 05:36:16 CEST)" (scheduled at 2025-09-18 05:31:08.026314+02:00)
{"task": "macro", "ts": "2025-09-18T03:31:08.045308Z", "event": "task_start", "timestamp": "2025-09-18T03:31:08.045308Z", "level": "info"}
{"symbol": "bitcoin", "event": "macro_cache_hit", "timestamp": "2025-09-18T03:31:08.046307Z", "level": "info"}
{"task": "macro", "event": "task_ok", "timestamp": "2025-09-18T03:31:08.047313Z", "level": "info"}
{"task": "macro", "duration": 0.003003, "event": "task_end", "timestamp": "2025-09-18T03:31:08.048311Z", "level": "info"}
Job "task_wrapper (trigger: interval[0:05:08.878330], next run at: 2025-09-18 05:36:16 CEST)" executed successfully
{"alive": true, "rss_mb": 58.6, "cpu_percent": 0.0, "event": "heartbeat", "timestamp": "2025-09-18T03:31:20.426113Z", "level": "info"}
{"alive": true, "rss_mb": 58.6, "cpu_percent": 0.0, "event": "heartbeat", "timestamp": "2025-09-18T03:31:50.430611Z", "level": "info"}
{"alive": true, "rss_mb": 58.6, "cpu_percent": 0.0, "event": "heartbeat", "timestamp": "2025-09-18T03:32:20.424815Z", "level": "info"}
{"alive": true, "rss_mb": 58.6, "cpu_percent": 0.0, "event": "heartbeat", "timestamp": "2025-09-18T03:32:50.432427Z", "level": "info"}
{"alive": true, "rss_mb": 58.6, "cpu_percent": 0.0, "event": "heartbeat", "timestamp": "2025-09-18T03:33:20.443814Z", "level": "info"}
{"alive": true, "rss_mb": 58.6, "cpu_percent": 0.0, "event": "heartbeat", "timestamp": "2025-09-18T03:33:50.445259Z", "level": "info"}
Running job "task_wrapper (trigger: interval[0:05:07.070337], next run at: 2025-09-18 05:39:21 CEST)" (scheduled at 2025-09-18 05:34:13.967111+02:00)
{"task": "derivatives_oi", "ts": "2025-09-18T03:34:13.977730Z", "event": "task_start", "timestamp": "2025-09-18T03:34:13.977730Z", "level": "info"}
{"symbol": "BTCUSDT", "event": "deriv_cache_hit", "timestamp": "2025-09-18T03:34:13.978732Z", "level": "info"}
{"task": "derivatives_oi", "event": "task_ok", "timestamp": "2025-09-18T03:34:13.979729Z", "level": "info"}
{"task": "derivatives_oi", "duration": 0.001999, "event": "task_end", "timestamp": "2025-09-18T03:34:13.979729Z", "level": "info"}
Job "task_wrapper (trigger: interval[0:05:07.070337], next run at: 2025-09-18 05:39:21 CEST)" executed successfully
{"alive": true, "rss_mb": 58.6, "cpu_percent": 0.0, "event": "heartbeat", "timestamp": "2025-09-18T03:34:20.451941Z", "level": "info"}
{"alive": true, "rss_mb": 58.6, "cpu_percent": 0.0, "event": "heartbeat", "timestamp": "2025-09-18T03:34:50.464942Z", "level": "info"}
Running job "task_wrapper (trigger: interval[0:05:03.285188], next run at: 2025-09-18 05:40:03 CEST)" (scheduled at 2025-09-18 05:34:59.863169+02:00)
{"task": "derivatives_lsr", "ts": "2025-09-18T03:34:59.875872Z", "event": "task_start", "timestamp": "2025-09-18T03:34:59.875872Z", "level": "info"}
{"symbol": "BTCUSDT", "metric": "long_short_ratio", "event": "deriv_cache_hit", "timestamp": "2025-09-18T03:34:59.876870Z", "level": "info"}
{"task": "derivatives_lsr", "event": "task_ok", "timestamp": "2025-09-18T03:34:59.877869Z", "level": "info"}
{"task": "derivatives_lsr", "duration": 0.001997, "event": "task_end", "timestamp": "2025-09-18T03:34:59.877869Z", "level": "info"}
Job "task_wrapper (trigger: interval[0:05:03.285188], next run at: 2025-09-18 05:40:03 CEST)" executed successfully
{"alive": true, "rss_mb": 58.6, "cpu_percent": 0.0, "event": "heartbeat", "timestamp": "2025-09-18T03:35:20.468600Z", "level": "info"}
{"alive": true, "rss_mb": 58.6, "cpu_percent": 0.0, "event": "heartbeat", "timestamp": "2025-09-18T03:35:50.474942Z", "level": "info"}
Running job "task_wrapper (trigger: interval[0:05:08.878330], next run at: 2025-09-18 05:41:25 CEST)" (scheduled at 2025-09-18 05:36:16.904644+02:00)
{"task": "macro", "ts": "2025-09-18T03:36:16.915398Z", "event": "task_start", "timestamp": "2025-09-18T03:36:16.915398Z", "level": "info"}
{"symbol": "bitcoin", "event": "macro_cache_hit", "timestamp": "2025-09-18T03:36:16.916404Z", "level": "info"}
{"task": "macro", "event": "task_ok", "timestamp": "2025-09-18T03:36:16.917401Z", "level": "info"}
{"task": "macro", "duration": 0.003, "event": "task_end", "timestamp": "2025-09-18T03:36:16.918398Z", "level": "info"}
Job "task_wrapper (trigger: interval[0:05:08.878330], next run at: 2025-09-18 05:41:25 CEST)" executed successfully
{"alive": true, "rss_mb": 58.6, "cpu_percent": 0.0, "event": "heartbeat", "timestamp": "2025-09-18T03:36:20.491411Z", "level": "info"}
{"alive": true, "rss_mb": 58.6, "cpu_percent": 0.0, "event": "heartbeat", "timestamp": "2025-09-18T03:36:50.505688Z", "level": "info"}
{"alive": true, "rss_mb": 58.6, "cpu_percent": 0.0, "event": "heartbeat", "timestamp": "2025-09-18T03:37:20.522037Z", "level": "info"}
{"alive": true, "rss_mb": 58.6, "cpu_percent": 0.0, "event": "heartbeat", "timestamp": "2025-09-18T03:37:50.531903Z", "level": "info"}
{"alive": true, "rss_mb": 58.6, "cpu_percent": 0.0, "event": "heartbeat", "timestamp": "2025-09-18T03:38:20.528747Z", "level": "info"}
{"alive": true, "rss_mb": 58.6, "cpu_percent": 0.0, "event": "heartbeat", "timestamp": "2025-09-18T03:38:50.543874Z", "level": "info"}
{"alive": true, "rss_mb": 58.6, "cpu_percent": 0.0, "event": "heartbeat", "timestamp": "2025-09-18T03:39:20.551191Z", "level": "info"}
Running job "task_wrapper (trigger: interval[0:05:07.070337], next run at: 2025-09-18 05:44:28 CEST)" (scheduled at 2025-09-18 05:39:21.037448+02:00)
{"task": "derivatives_oi", "ts": "2025-09-18T03:39:21.054081Z", "event": "task_start", "timestamp": "2025-09-18T03:39:21.054081Z", "level": "info"}
{"symbol": "BTCUSDT", "event": "deriv_cache_hit", "timestamp": "2025-09-18T03:39:21.055087Z", "level": "info"}
{"task": "derivatives_oi", "event": "task_ok", "timestamp": "2025-09-18T03:39:21.055087Z", "level": "info"}
{"task": "derivatives_oi", "duration": 0.001999, "event": "task_end", "timestamp": "2025-09-18T03:39:21.056080Z", "level": "info"}
Job "task_wrapper (trigger: interval[0:05:07.070337], next run at: 2025-09-18 05:44:28 CEST)" executed successfully
{"alive": true, "rss_mb": 58.6, "cpu_percent": 0.0, "event": "heartbeat", "timestamp": "2025-09-18T03:39:50.571035Z", "level": "info"}
Running job "task_wrapper (trigger: interval[0:05:03.285188], next run at: 2025-09-18 05:45:06 CEST)" (scheduled at 2025-09-18 05:40:03.148357+02:00)
{"task": "derivatives_lsr", "ts": "2025-09-18T03:40:03.168161Z", "event": "task_start", "timestamp": "2025-09-18T03:40:03.168161Z", "level": "info"}
{"symbol": "BTCUSDT", "metric": "long_short_ratio", "event": "deriv_cache_hit", "timestamp": "2025-09-18T03:40:03.169166Z", "level": "info"}
{"task": "derivatives_lsr", "event": "task_ok", "timestamp": "2025-09-18T03:40:03.170156Z", "level": "info"}
{"task": "derivatives_lsr", "duration": 0.003009, "event": "task_end", "timestamp": "2025-09-18T03:40:03.172156Z", "level": "info"}
Job "task_wrapper (trigger: interval[0:05:03.285188], next run at: 2025-09-18 05:45:06 CEST)" executed successfully
{"alive": true, "rss_mb": 58.6, "cpu_percent": 0.0, "event": "heartbeat", "timestamp": "2025-09-18T03:40:20.590301Z", "level": "info"}
{"alive": true, "rss_mb": 58.6, "cpu_percent": 0.0, "event": "heartbeat", "timestamp": "2025-09-18T03:40:50.603263Z", "level": "info"}
{"alive": true, "rss_mb": 58.6, "cpu_percent": 0.0, "event": "heartbeat", "timestamp": "2025-09-18T03:41:20.621184Z", "level": "info"}
Running job "task_wrapper (trigger: interval[0:05:08.878330], next run at: 2025-09-18 05:46:34 CEST)" (scheduled at 2025-09-18 05:41:25.782974+02:00)
{"task": "macro", "ts": "2025-09-18T03:41:25.791675Z", "event": "task_start", "timestamp": "2025-09-18T03:41:25.791675Z", "level": "info"}
{"symbol": "bitcoin", "event": "macro_cache_hit", "timestamp": "2025-09-18T03:41:25.792674Z", "level": "info"}
{"task": "macro", "event": "task_ok", "timestamp": "2025-09-18T03:41:25.792674Z", "level": "info"}
{"task": "macro", "duration": 0.002003, "event": "task_end", "timestamp": "2025-09-18T03:41:25.793678Z", "level": "info"}
Job "task_wrapper (trigger: interval[0:05:08.878330], next run at: 2025-09-18 05:46:34 CEST)" executed successfully
{"alive": true, "rss_mb": 58.6, "cpu_percent": 0.0, "event": "heartbeat", "timestamp": "2025-09-18T03:41:50.626698Z", "level": "info"}
{"alive": true, "rss_mb": 58.6, "cpu_percent": 0.0, "event": "heartbeat", "timestamp": "2025-09-18T03:42:20.632754Z", "level": "info"}
Running job "task_wrapper (trigger: interval[0:29:42.286402], next run at: 2025-09-18 06:12:22 CEST)" (scheduled at 2025-09-18 05:42:40.620021+02:00)
{"task": "onchain_sopr", "ts": "2025-09-18T03:42:40.636505Z", "event": "task_start", "timestamp": "2025-09-18T03:42:40.636505Z", "level": "info"}
{"symbol": "BTC", "event": "onchain_cache_hit", "timestamp": "2025-09-18T03:42:40.638506Z", "level": "info"}
{"task": "onchain_sopr", "event": "task_ok", "timestamp": "2025-09-18T03:42:40.639507Z", "level": "info"}
{"task": "onchain_sopr", "duration": 0.004009, "event": "task_end", "timestamp": "2025-09-18T03:42:40.640514Z", "level": "info"}
Job "task_wrapper (trigger: interval[0:29:42.286402], next run at: 2025-09-18 06:12:22 CEST)" executed successfully
{"alive": true, "rss_mb": 58.6, "cpu_percent": 0.0, "event": "heartbeat", "timestamp": "2025-09-18T03:42:50.649855Z", "level": "info"}
{"alive": true, "rss_mb": 58.6, "cpu_percent": 0.0, "event": "heartbeat", "timestamp": "2025-09-18T03:43:20.667712Z", "level": "info"}
{"alive": true, "rss_mb": 58.6, "cpu_percent": 0.0, "event": "heartbeat", "timestamp": "2025-09-18T03:43:50.673761Z", "level": "info"}
Running job "task_wrapper (trigger: interval[0:29:49.249948], next run at: 2025-09-18 06:13:53 CEST)" (scheduled at 2025-09-18 05:44:04.180571+02:00)
{"task": "onchain_tx", "ts": "2025-09-18T03:44:04.220221Z", "event": "task_start", "timestamp": "2025-09-18T03:44:04.220221Z", "level": "info"}
HTTP Request: GET https://api.blockchain.info/q/getblockcount "HTTP/1.1 200 OK"
{"symbol": "BTC", "source": "blockchain.info", "event": "onchain_success", "timestamp": "2025-09-18T03:44:05.246466Z", "level": "info"}
{"task": "onchain_tx", "event": "task_ok", "timestamp": "2025-09-18T03:44:05.248474Z", "level": "info"}
{"task": "onchain_tx", "duration": 1.028253, "event": "task_end", "timestamp": "2025-09-18T03:44:05.249476Z", "level": "info"}
Job "task_wrapper (trigger: interval[0:29:49.249948], next run at: 2025-09-18 06:13:53 CEST)" executed successfully
{"alive": true, "rss_mb": 58.6, "cpu_percent": 0.0, "event": "heartbeat", "timestamp": "2025-09-18T03:44:20.678076Z", "level": "info"}
Running job "task_wrapper (trigger: interval[0:05:07.070337], next run at: 2025-09-18 05:49:35 CEST)" (scheduled at 2025-09-18 05:44:28.107785+02:00)
{"task": "derivatives_oi", "ts": "2025-09-18T03:44:28.123745Z", "event": "task_start", "timestamp": "2025-09-18T03:44:28.123745Z", "level": "info"}
{"symbol": "BTCUSDT", "event": "deriv_cache_hit", "timestamp": "2025-09-18T03:44:28.124751Z", "level": "info"}
{"task": "derivatives_oi", "event": "task_ok", "timestamp": "2025-09-18T03:44:28.126746Z", "level": "info"}
{"task": "derivatives_oi", "duration": 0.003001, "event": "task_end", "timestamp": "2025-09-18T03:44:28.126746Z", "level": "info"}
Job "task_wrapper (trigger: interval[0:05:07.070337], next run at: 2025-09-18 05:49:35 CEST)" executed successfully
{"alive": true, "rss_mb": 58.6, "cpu_percent": 0.0, "event": "heartbeat", "timestamp": "2025-09-18T03:44:50.701074Z", "level": "info"}
Running job "task_wrapper (trigger: interval[0:05:03.285188], next run at: 2025-09-18 05:50:09 CEST)" (scheduled at 2025-09-18 05:45:06.433545+02:00)
{"task": "derivatives_lsr", "ts": "2025-09-18T03:45:06.441711Z", "event": "task_start", "timestamp": "2025-09-18T03:45:06.441711Z", "level": "info"}
{"symbol": "BTCUSDT", "metric": "long_short_ratio", "event": "deriv_cache_hit", "timestamp": "2025-09-18T03:45:06.442714Z", "level": "info"}
{"task": "derivatives_lsr", "event": "task_ok", "timestamp": "2025-09-18T03:45:06.443137Z", "level": "info"}
{"task": "derivatives_lsr", "duration": 0.002438, "event": "task_end", "timestamp": "2025-09-18T03:45:06.444149Z", "level": "info"}
Job "task_wrapper (trigger: interval[0:05:03.285188], next run at: 2025-09-18 05:50:09 CEST)" executed successfully
{"alive": true, "rss_mb": 58.6, "cpu_percent": 0.0, "event": "heartbeat", "timestamp": "2025-09-18T03:45:20.712498Z", "level": "info"}
Running job "task_wrapper (trigger: interval[0:59:55.343029], next run at: 2025-09-18 06:45:40 CEST)" (scheduled at 2025-09-18 05:45:45.244371+02:00)
{"task": "sentiment_fg", "ts": "2025-09-18T03:45:45.251725Z", "event": "task_start", "timestamp": "2025-09-18T03:45:45.251725Z", "level": "info"}
{"metric": "fear_greed", "event": "sentiment_cache_hit", "timestamp": "2025-09-18T03:45:45.252721Z", "level": "info"}
{"task": "sentiment_fg", "event": "task_ok", "timestamp": "2025-09-18T03:45:45.253722Z", "level": "info"}
{"task": "sentiment_fg", "duration": 0.002997, "event": "task_end", "timestamp": "2025-09-18T03:45:45.254722Z", "level": "info"}
Job "task_wrapper (trigger: interval[0:59:55.343029], next run at: 2025-09-18 06:45:40 CEST)" executed successfully
{"alive": true, "rss_mb": 58.6, "cpu_percent": 0.0, "event": "heartbeat", "timestamp": "2025-09-18T03:45:50.727874Z", "level": "info"}
Running job "task_wrapper (trigger: interval[0:15:38.604368], next run at: 2025-09-18 06:01:39 CEST)" (scheduled at 2025-09-18 05:46:01.080665+02:00)
{"task": "defillama", "ts": "2025-09-18T03:46:01.084063Z", "event": "task_start", "timestamp": "2025-09-18T03:46:01.084063Z", "level": "info"}
{"chain": "ethereum", "event": "defillama_cache_hit", "timestamp": "2025-09-18T03:46:01.085067Z", "level": "info"}
{"task": "defillama", "event": "task_ok", "timestamp": "2025-09-18T03:46:01.086063Z", "level": "info"}
{"task": "defillama", "duration": 0.003003, "event": "task_end", "timestamp": "2025-09-18T03:46:01.087066Z", "level": "info"}
Job "task_wrapper (trigger: interval[0:15:38.604368], next run at: 2025-09-18 06:01:39 CEST)" executed successfully
{"alive": true, "rss_mb": 58.6, "cpu_percent": 0.0, "event": "heartbeat", "timestamp": "2025-09-18T03:46:20.739905Z", "level": "info"}
Running job "task_wrapper (trigger: interval[0:05:08.878330], next run at: 2025-09-18 05:51:43 CEST)" (scheduled at 2025-09-18 05:46:34.661304+02:00)
{"task": "macro", "ts": "2025-09-18T03:46:34.668085Z", "event": "task_start", "timestamp": "2025-09-18T03:46:34.668085Z", "level": "info"}
{"symbol": "bitcoin", "event": "macro_cache_hit", "timestamp": "2025-09-18T03:46:34.669287Z", "level": "info"}
{"task": "macro", "event": "task_ok", "timestamp": "2025-09-18T03:46:34.670387Z", "level": "info"}
{"task": "macro", "duration": 0.002873, "event": "task_end", "timestamp": "2025-09-18T03:46:34.670958Z", "level": "info"}
Job "task_wrapper (trigger: interval[0:05:08.878330], next run at: 2025-09-18 05:51:43 CEST)" executed successfully
{"alive": true, "rss_mb": 58.6, "cpu_percent": 0.0, "event": "heartbeat", "timestamp": "2025-09-18T03:46:50.740761Z", "level": "info"}
{"alive": true, "rss_mb": 58.6, "cpu_percent": 0.0, "event": "heartbeat", "timestamp": "2025-09-18T03:47:20.739525Z", "level": "info"}
{"alive": true, "rss_mb": 58.6, "cpu_percent": 0.0, "event": "heartbeat", "timestamp": "2025-09-18T03:47:50.743919Z", "level": "info"}
{"alive": true, "rss_mb": 58.6, "cpu_percent": 0.0, "event": "heartbeat", "timestamp": "2025-09-18T03:48:20.769570Z", "level": "info"}
{"alive": true, "rss_mb": 58.6, "cpu_percent": 0.0, "event": "heartbeat", "timestamp": "2025-09-18T03:48:50.780751Z", "level": "info"}
{"alive": true, "rss_mb": 58.6, "cpu_percent": 0.0, "event": "heartbeat", "timestamp": "2025-09-18T03:49:20.796319Z", "level": "info"}
Running job "task_wrapper (trigger: interval[0:05:07.070337], next run at: 2025-09-18 05:54:42 CEST)" (scheduled at 2025-09-18 05:49:35.178122+02:00)
{"task": "derivatives_oi", "ts": "2025-09-18T03:49:35.194308Z", "event": "task_start", "timestamp": "2025-09-18T03:49:35.194308Z", "level": "info"}
{"symbol": "BTCUSDT", "event": "deriv_cache_hit", "timestamp": "2025-09-18T03:49:35.195303Z", "level": "info"}
{"task": "derivatives_oi", "event": "task_ok", "timestamp": "2025-09-18T03:49:35.196297Z", "level": "info"}
{"task": "derivatives_oi", "duration": 0.002989, "event": "task_end", "timestamp": "2025-09-18T03:49:35.197297Z", "level": "info"}
Job "task_wrapper (trigger: interval[0:05:07.070337], next run at: 2025-09-18 05:54:42 CEST)" executed successfully
{"alive": true, "rss_mb": 58.6, "cpu_percent": 0.0, "event": "heartbeat", "timestamp": "2025-09-18T03:49:50.792624Z", "level": "info"}
Running job "task_wrapper (trigger: interval[0:05:03.285188], next run at: 2025-09-18 05:55:13 CEST)" (scheduled at 2025-09-18 05:50:09.718733+02:00)
{"task": "derivatives_lsr", "ts": "2025-09-18T03:50:09.732182Z", "event": "task_start", "timestamp": "2025-09-18T03:50:09.732182Z", "level": "info"}
{"symbol": "BTCUSDT", "metric": "long_short_ratio", "event": "deriv_cache_hit", "timestamp": "2025-09-18T03:50:09.733183Z", "level": "info"}
{"task": "derivatives_lsr", "event": "task_ok", "timestamp": "2025-09-18T03:50:09.733183Z", "level": "info"}
{"task": "derivatives_lsr", "duration": 0.002002, "event": "task_end", "timestamp": "2025-09-18T03:50:09.734184Z", "level": "info"}
Job "task_wrapper (trigger: interval[0:05:03.285188], next run at: 2025-09-18 05:55:13 CEST)" executed successfully
{"alive": true, "rss_mb": 58.6, "cpu_percent": 0.0, "event": "heartbeat", "timestamp": "2025-09-18T03:50:20.797034Z", "level": "info"}
{"alive": true, "rss_mb": 58.6, "cpu_percent": 0.0, "event": "heartbeat", "timestamp": "2025-09-18T03:50:50.807728Z", "level": "info"}
{"alive": true, "rss_mb": 58.6, "cpu_percent": 0.0, "event": "heartbeat", "timestamp": "2025-09-18T03:51:20.819198Z", "level": "info"}
Running job "task_wrapper (trigger: interval[0:05:08.878330], next run at: 2025-09-18 05:56:52 CEST)" (scheduled at 2025-09-18 05:51:43.539634+02:00)
{"task": "macro", "ts": "2025-09-18T03:51:43.569580Z", "event": "task_start", "timestamp": "2025-09-18T03:51:43.569580Z", "level": "info"}
{"symbol": "bitcoin", "event": "macro_cache_hit", "timestamp": "2025-09-18T03:51:43.570579Z", "level": "info"}
{"task": "macro", "event": "task_ok", "timestamp": "2025-09-18T03:51:43.571577Z", "level": "info"}
{"task": "macro", "duration": 0.002994, "event": "task_end", "timestamp": "2025-09-18T03:51:43.572574Z", "level": "info"}
Job "task_wrapper (trigger: interval[0:05:08.878330], next run at: 2025-09-18 05:56:52 CEST)" executed successfully
{"alive": true, "rss_mb": 58.5, "cpu_percent": 0.0, "event": "heartbeat", "timestamp": "2025-09-18T03:51:50.821285Z", "level": "info"}
{"alive": true, "rss_mb": 58.5, "cpu_percent": 0.0, "event": "heartbeat", "timestamp": "2025-09-18T03:52:20.811912Z", "level": "info"}
{"alive": true, "rss_mb": 58.5, "cpu_percent": 0.0, "event": "heartbeat", "timestamp": "2025-09-18T03:52:50.827725Z", "level": "info"}
{"alive": true, "rss_mb": 58.5, "cpu_percent": 0.0, "event": "heartbeat", "timestamp": "2025-09-18T03:53:20.837575Z", "level": "info"}
{"alive": true, "rss_mb": 58.5, "cpu_percent": 0.0, "event": "heartbeat", "timestamp": "2025-09-18T03:53:50.847158Z", "level": "info"}
{"alive": true, "rss_mb": 58.5, "cpu_percent": 0.0, "event": "heartbeat", "timestamp": "2025-09-18T03:54:20.866929Z", "level": "info"}
Running job "task_wrapper (trigger: interval[0:05:07.070337], next run at: 2025-09-18 05:59:49 CEST)" (scheduled at 2025-09-18 05:54:42.248459+02:00)
{"task": "derivatives_oi", "ts": "2025-09-18T03:54:42.259430Z", "event": "task_start", "timestamp": "2025-09-18T03:54:42.259430Z", "level": "info"}
{"symbol": "BTCUSDT", "event": "deriv_cache_hit", "timestamp": "2025-09-18T03:54:42.261429Z", "level": "info"}
{"task": "derivatives_oi", "event": "task_ok", "timestamp": "2025-09-18T03:54:42.261429Z", "level": "info"}
{"task": "derivatives_oi", "duration": 0.003, "event": "task_end", "timestamp": "2025-09-18T03:54:42.262430Z", "level": "info"}
Job "task_wrapper (trigger: interval[0:05:07.070337], next run at: 2025-09-18 05:59:49 CEST)" executed successfully
{"alive": true, "rss_mb": 58.5, "cpu_percent": 0.0, "event": "heartbeat", "timestamp": "2025-09-18T03:54:50.860011Z", "level": "info"}
Running job "task_wrapper (trigger: interval[0:05:03.285188], next run at: 2025-09-18 06:00:16 CEST)" (scheduled at 2025-09-18 05:55:13.003921+02:00)
{"task": "derivatives_lsr", "ts": "2025-09-18T03:55:13.005918Z", "event": "task_start", "timestamp": "2025-09-18T03:55:13.005918Z", "level": "info"}
{"symbol": "BTCUSDT", "metric": "long_short_ratio", "event": "deriv_cache_hit", "timestamp": "2025-09-18T03:55:13.006908Z", "level": "info"}
{"task": "derivatives_lsr", "event": "task_ok", "timestamp": "2025-09-18T03:55:13.008927Z", "level": "info"}
{"task": "derivatives_lsr", "duration": 0.004, "event": "task_end", "timestamp": "2025-09-18T03:55:13.009918Z", "level": "info"}
Job "task_wrapper (trigger: interval[0:05:03.285188], next run at: 2025-09-18 06:00:16 CEST)" executed successfully
{"alive": true, "rss_mb": 58.5, "cpu_percent": 0.0, "event": "heartbeat", "timestamp": "2025-09-18T03:55:20.883602Z", "level": "info"}
{"alive": true, "rss_mb": 58.5, "cpu_percent": 0.0, "event": "heartbeat", "timestamp": "2025-09-18T03:55:50.891829Z", "level": "info"}
{"alive": true, "rss_mb": 58.5, "cpu_percent": 0.0, "event": "heartbeat", "timestamp": "2025-09-18T03:56:20.903238Z", "level": "info"}
{"alive": true, "rss_mb": 58.5, "cpu_percent": 0.0, "event": "heartbeat", "timestamp": "2025-09-18T03:56:50.911905Z", "level": "info"}
Running job "task_wrapper (trigger: interval[0:05:08.878330], next run at: 2025-09-18 06:02:01 CEST)" (scheduled at 2025-09-18 05:56:52.417964+02:00)
{"task": "macro", "ts": "2025-09-18T03:56:52.432863Z", "event": "task_start", "timestamp": "2025-09-18T03:56:52.433862Z", "level": "info"}
{"symbol": "bitcoin", "event": "macro_cache_hit", "timestamp": "2025-09-18T03:56:52.433862Z", "level": "info"}
{"task": "macro", "event": "task_ok", "timestamp": "2025-09-18T03:56:52.434859Z", "level": "info"}
{"task": "macro", "duration": 0.002999, "event": "task_end", "timestamp": "2025-09-18T03:56:52.435862Z", "level": "info"}
Job "task_wrapper (trigger: interval[0:05:08.878330], next run at: 2025-09-18 06:02:01 CEST)" executed successfully
{"alive": true, "rss_mb": 58.5, "cpu_percent": 0.0, "event": "heartbeat", "timestamp": "2025-09-18T03:57:20.930202Z", "level": "info"}
Running job "task_wrapper (trigger: interval[0:28:33.563456], next run at: 2025-09-18 06:26:03 CEST)" (scheduled at 2025-09-18 05:57:29.507130+02:00)
{"task": "onchain_hashrate", "ts": "2025-09-18T03:57:29.509716Z", "event": "task_start", "timestamp": "2025-09-18T03:57:29.509716Z", "level": "info"}
{"symbol": "BTC", "event": "onchain_cache_hit", "timestamp": "2025-09-18T03:57:29.510705Z", "level": "info"}
{"task": "onchain_hashrate", "event": "task_ok", "timestamp": "2025-09-18T03:57:29.512718Z", "level": "info"}
{"task": "onchain_hashrate", "duration": 0.003993, "event": "task_end", "timestamp": "2025-09-18T03:57:29.513709Z", "level": "info"}
Job "task_wrapper (trigger: interval[0:28:33.563456], next run at: 2025-09-18 06:26:03 CEST)" executed successfully
{"alive": true, "rss_mb": 58.5, "cpu_percent": 0.0, "event": "heartbeat", "timestamp": "2025-09-18T03:57:50.934283Z", "level": "info"}
{"alive": true, "rss_mb": 58.5, "cpu_percent": 0.0, "event": "heartbeat", "timestamp": "2025-09-18T03:58:20.948501Z", "level": "info"}
{"alive": true, "rss_mb": 58.5, "cpu_percent": 0.0, "event": "heartbeat", "timestamp": "2025-09-18T03:58:50.956217Z", "level": "info"}
{"alive": true, "rss_mb": 58.5, "cpu_percent": 0.0, "event": "heartbeat", "timestamp": "2025-09-18T03:59:20.977555Z", "level": "info"}
Running job "task_wrapper (trigger: interval[0:05:07.070337], next run at: 2025-09-18 06:04:56 CEST)" (scheduled at 2025-09-18 05:59:49.318796+02:00)
{"task": "derivatives_oi", "ts": "2025-09-18T03:59:49.323476Z", "event": "task_start", "timestamp": "2025-09-18T03:59:49.323476Z", "level": "info"}
{"symbol": "BTCUSDT", "event": "deriv_cache_hit", "timestamp": "2025-09-18T03:59:49.324480Z", "level": "info"}
{"task": "derivatives_oi", "event": "task_ok", "timestamp": "2025-09-18T03:59:49.326481Z", "level": "info"}
{"task": "derivatives_oi", "duration": 0.003005, "event": "task_end", "timestamp": "2025-09-18T03:59:49.326481Z", "level": "info"}
Job "task_wrapper (trigger: interval[0:05:07.070337], next run at: 2025-09-18 06:04:56 CEST)" executed successfully
{"alive": true, "rss_mb": 58.5, "cpu_percent": 0.0, "event": "heartbeat", "timestamp": "2025-09-18T03:59:50.978647Z", "level": "info"}
Running job "task_wrapper (trigger: interval[0:05:03.285188], next run at: 2025-09-18 06:05:19 CEST)" (scheduled at 2025-09-18 06:00:16.289109+02:00)
{"task": "derivatives_lsr", "ts": "2025-09-18T04:00:16.302293Z", "event": "task_start", "timestamp": "2025-09-18T04:00:16.302293Z", "level": "info"}
{"symbol": "BTCUSDT", "metric": "long_short_ratio", "event": "deriv_cache_hit", "timestamp": "2025-09-18T04:00:16.303288Z", "level": "info"}
{"task": "derivatives_lsr", "event": "task_ok", "timestamp": "2025-09-18T04:00:16.304286Z", "level": "info"}
{"task": "derivatives_lsr", "duration": 0.002994, "event": "task_end", "timestamp": "2025-09-18T04:00:16.305287Z", "level": "info"}
Job "task_wrapper (trigger: interval[0:05:03.285188], next run at: 2025-09-18 06:05:19 CEST)" executed successfully
{"alive": true, "rss_mb": 58.5, "cpu_percent": 0.0, "event": "heartbeat", "timestamp": "2025-09-18T04:00:20.986230Z", "level": "info"}
{"alive": true, "rss_mb": 58.5, "cpu_percent": 0.0, "event": "heartbeat", "timestamp": "2025-09-18T04:00:51.001214Z", "level": "info"}
{"alive": true, "rss_mb": 58.5, "cpu_percent": 0.0, "event": "heartbeat", "timestamp": "2025-09-18T04:01:21.009583Z", "level": "info"}
Running job "task_wrapper (trigger: interval[0:15:38.604368], next run at: 2025-09-18 06:17:18 CEST)" (scheduled at 2025-09-18 06:01:39.685033+02:00)
{"task": "defillama", "ts": "2025-09-18T04:01:39.694228Z", "event": "task_start", "timestamp": "2025-09-18T04:01:39.694228Z", "level": "info"}
{"chain": "ethereum", "event": "defillama_cache_hit", "timestamp": "2025-09-18T04:01:39.695222Z", "level": "info"}
{"task": "defillama", "event": "task_ok", "timestamp": "2025-09-18T04:01:39.697245Z", "level": "info"}
{"task": "defillama", "duration": 0.003017, "event": "task_end", "timestamp": "2025-09-18T04:01:39.697245Z", "level": "info"}
Job "task_wrapper (trigger: interval[0:15:38.604368], next run at: 2025-09-18 06:17:18 CEST)" executed successfully
{"alive": true, "rss_mb": 58.5, "cpu_percent": 0.0, "event": "heartbeat", "timestamp": "2025-09-18T04:01:51.024556Z", "level": "info"}
Running job "task_wrapper (trigger: interval[0:05:08.878330], next run at: 2025-09-18 06:07:10 CEST)" (scheduled at 2025-09-18 06:02:01.296294+02:00)
{"task": "macro", "ts": "2025-09-18T04:02:01.315418Z", "event": "task_start", "timestamp": "2025-09-18T04:02:01.315418Z", "level": "info"}
{"symbol": "bitcoin", "event": "macro_cache_hit", "timestamp": "2025-09-18T04:02:01.316438Z", "level": "info"}
{"task": "macro", "event": "task_ok", "timestamp": "2025-09-18T04:02:01.316438Z", "level": "info"}
{"task": "macro", "duration": 0.002025, "event": "task_end", "timestamp": "2025-09-18T04:02:01.317443Z", "level": "info"}
Job "task_wrapper (trigger: interval[0:05:08.878330], next run at: 2025-09-18 06:07:10 CEST)" executed successfully
{"alive": true, "rss_mb": 58.5, "cpu_percent": 0.0, "event": "heartbeat", "timestamp": "2025-09-18T04:02:21.035175Z", "level": "info"}
{"alive": true, "rss_mb": 58.5, "cpu_percent": 0.0, "event": "heartbeat", "timestamp": "2025-09-18T04:02:51.041495Z", "level": "info"}
{"alive": true, "rss_mb": 58.5, "cpu_percent": 0.0, "event": "heartbeat", "timestamp": "2025-09-18T04:03:21.051579Z", "level": "info"}
{"alive": true, "rss_mb": 58.5, "cpu_percent": 0.0, "event": "heartbeat", "timestamp": "2025-09-18T04:03:51.062938Z", "level": "info"}
{"alive": true, "rss_mb": 58.5, "cpu_percent": 0.0, "event": "heartbeat", "timestamp": "2025-09-18T04:04:21.067192Z", "level": "info"}
{"alive": true, "rss_mb": 58.5, "cpu_percent": 0.0, "event": "heartbeat", "timestamp": "2025-09-18T04:04:51.072218Z", "level": "info"}
Running job "task_wrapper (trigger: interval[0:05:07.070337], next run at: 2025-09-18 06:10:03 CEST)" (scheduled at 2025-09-18 06:04:56.389133+02:00)
{"task": "derivatives_oi", "ts": "2025-09-18T04:04:56.412134Z", "event": "task_start", "timestamp": "2025-09-18T04:04:56.412134Z", "level": "info"}
{"symbol": "BTCUSDT", "event": "deriv_cache_hit", "timestamp": "2025-09-18T04:04:56.413139Z", "level": "info"}
{"task": "derivatives_oi", "event": "task_ok", "timestamp": "2025-09-18T04:04:56.414133Z", "level": "info"}
{"task": "derivatives_oi", "duration": 0.002997, "event": "task_end", "timestamp": "2025-09-18T04:04:56.415131Z", "level": "info"}
Job "task_wrapper (trigger: interval[0:05:07.070337], next run at: 2025-09-18 06:10:03 CEST)" executed successfully
Running job "task_wrapper (trigger: interval[0:05:03.285188], next run at: 2025-09-18 06:10:22 CEST)" (scheduled at 2025-09-18 06:05:19.574297+02:00)
{"task": "derivatives_lsr", "ts": "2025-09-18T04:05:19.578084Z", "event": "task_start", "timestamp": "2025-09-18T04:05:19.578084Z", "level": "info"}
{"symbol": "BTCUSDT", "metric": "long_short_ratio", "event": "deriv_cache_hit", "timestamp": "2025-09-18T04:05:19.579083Z", "level": "info"}
{"task": "derivatives_lsr", "event": "task_ok", "timestamp": "2025-09-18T04:05:19.580082Z", "level": "info"}
{"task": "derivatives_lsr", "duration": 0.003002, "event": "task_end", "timestamp": "2025-09-18T04:05:19.581086Z", "level": "info"}
Job "task_wrapper (trigger: interval[0:05:03.285188], next run at: 2025-09-18 06:10:22 CEST)" executed successfully
{"alive": true, "rss_mb": 58.5, "cpu_percent": 0.0, "event": "heartbeat", "timestamp": "2025-09-18T04:05:21.079941Z", "level": "info"}
{"alive": true, "rss_mb": 58.5, "cpu_percent": 0.0, "event": "heartbeat", "timestamp": "2025-09-18T04:05:51.086000Z", "level": "info"}
{"alive": true, "rss_mb": 58.5, "cpu_percent": 0.0, "event": "heartbeat", "timestamp": "2025-09-18T04:06:21.098568Z", "level": "info"}
{"alive": true, "rss_mb": 58.5, "cpu_percent": 0.0, "event": "heartbeat", "timestamp": "2025-09-18T04:06:51.103395Z", "level": "info"}
Running job "task_wrapper (trigger: interval[0:05:08.878330], next run at: 2025-09-18 06:12:19 CEST)" (scheduled at 2025-09-18 06:07:10.174624+02:00)
{"task": "macro", "ts": "2025-09-18T04:07:10.179451Z", "event": "task_start", "timestamp": "2025-09-18T04:07:10.179451Z", "level": "info"}
{"symbol": "bitcoin", "event": "macro_cache_hit", "timestamp": "2025-09-18T04:07:10.179451Z", "level": "info"}
{"task": "macro", "event": "task_ok", "timestamp": "2025-09-18T04:07:10.180453Z", "level": "info"}
{"task": "macro", "duration": 0.002002, "event": "task_end", "timestamp": "2025-09-18T04:07:10.181453Z", "level": "info"}
Job "task_wrapper (trigger: interval[0:05:08.878330], next run at: 2025-09-18 06:12:19 CEST)" executed successfully
{"alive": true, "rss_mb": 58.5, "cpu_percent": 0.0, "event": "heartbeat", "timestamp": "2025-09-18T04:07:21.118381Z", "level": "info"}
{"alive": true, "rss_mb": 58.5, "cpu_percent": 0.0, "event": "heartbeat", "timestamp": "2025-09-18T04:07:51.130527Z", "level": "info"}
{"alive": true, "rss_mb": 58.5, "cpu_percent": 0.0, "event": "heartbeat", "timestamp": "2025-09-18T04:08:21.146620Z", "level": "info"}
{"alive": true, "rss_mb": 58.5, "cpu_percent": 0.0, "event": "heartbeat", "timestamp": "2025-09-18T04:08:51.149096Z", "level": "info"}
{"alive": true, "rss_mb": 58.5, "cpu_percent": 0.0, "event": "heartbeat", "timestamp": "2025-09-18T04:09:21.156718Z", "level": "info"}
{"alive": true, "rss_mb": 58.5, "cpu_percent": 0.0, "event": "heartbeat", "timestamp": "2025-09-18T04:09:51.165095Z", "level": "info"}
Running job "task_wrapper (trigger: interval[0:05:07.070337], next run at: 2025-09-18 06:15:10 CEST)" (scheduled at 2025-09-18 06:10:03.459470+02:00)
{"task": "derivatives_oi", "ts": "2025-09-18T04:10:03.478999Z", "event": "task_start", "timestamp": "2025-09-18T04:10:03.478999Z", "level": "info"}
{"symbol": "BTCUSDT", "event": "deriv_cache_hit", "timestamp": "2025-09-18T04:10:03.479998Z", "level": "info"}
{"task": "derivatives_oi", "event": "task_ok", "timestamp": "2025-09-18T04:10:03.480994Z", "level": "info"}
{"task": "derivatives_oi", "duration": 0.002989, "event": "task_end", "timestamp": "2025-09-18T04:10:03.481988Z", "level": "info"}
Job "task_wrapper (trigger: interval[0:05:07.070337], next run at: 2025-09-18 06:15:10 CEST)" executed successfully
{"alive": true, "rss_mb": 58.5, "cpu_percent": 0.0, "event": "heartbeat", "timestamp": "2025-09-18T04:10:21.183273Z", "level": "info"}
Running job "task_wrapper (trigger: interval[0:05:03.285188], next run at: 2025-09-18 06:15:26 CEST)" (scheduled at 2025-09-18 06:10:22.859485+02:00)
{"task": "derivatives_lsr", "ts": "2025-09-18T04:10:22.876934Z", "event": "task_start", "timestamp": "2025-09-18T04:10:22.876934Z", "level": "info"}
{"symbol": "BTCUSDT", "metric": "long_short_ratio", "event": "deriv_cache_hit", "timestamp": "2025-09-18T04:10:22.877937Z", "level": "info"}
{"task": "derivatives_lsr", "event": "task_ok", "timestamp": "2025-09-18T04:10:22.878932Z", "level": "info"}
{"task": "derivatives_lsr", "duration": 0.002999, "event": "task_end", "timestamp": "2025-09-18T04:10:22.879933Z", "level": "info"}
Job "task_wrapper (trigger: interval[0:05:03.285188], next run at: 2025-09-18 06:15:26 CEST)" executed successfully
{"alive": true, "rss_mb": 58.5, "cpu_percent": 0.0, "event": "heartbeat", "timestamp": "2025-09-18T04:10:51.201264Z", "level": "info"}
{"alive": true, "rss_mb": 58.5, "cpu_percent": 0.0, "event": "heartbeat", "timestamp": "2025-09-18T04:11:21.208323Z", "level": "info"}
{"alive": true, "rss_mb": 58.5, "cpu_percent": 0.0, "event": "heartbeat", "timestamp": "2025-09-18T04:11:51.212076Z", "level": "info"}
Running job "task_wrapper (trigger: interval[0:05:08.878330], next run at: 2025-09-18 06:17:27 CEST)" (scheduled at 2025-09-18 06:12:19.052954+02:00)
{"task": "macro", "ts": "2025-09-18T04:12:19.060799Z", "event": "task_start", "timestamp": "2025-09-18T04:12:19.060799Z", "level": "info"}
{"symbol": "bitcoin", "event": "macro_cache_hit", "timestamp": "2025-09-18T04:12:19.061803Z", "level": "info"}
{"task": "macro", "event": "task_ok", "timestamp": "2025-09-18T04:12:19.066799Z", "level": "info"}
{"task": "macro", "duration": 0.007009, "event": "task_end", "timestamp": "2025-09-18T04:12:19.067808Z", "level": "info"}
Job "task_wrapper (trigger: interval[0:05:08.878330], next run at: 2025-09-18 06:17:27 CEST)" executed successfully
{"alive": true, "rss_mb": 58.5, "cpu_percent": 0.0, "event": "heartbeat", "timestamp": "2025-09-18T04:12:21.229401Z", "level": "info"}
Running job "task_wrapper (trigger: interval[0:29:42.286402], next run at: 2025-09-18 06:42:05 CEST)" (scheduled at 2025-09-18 06:12:22.906423+02:00)
{"task": "onchain_sopr", "ts": "2025-09-18T04:12:22.920682Z", "event": "task_start", "timestamp": "2025-09-18T04:12:22.920682Z", "level": "info"}
{"symbol": "BTC", "event": "onchain_cache_hit", "timestamp": "2025-09-18T04:12:22.921682Z", "level": "info"}
{"task": "onchain_sopr", "event": "task_ok", "timestamp": "2025-09-18T04:12:22.922152Z", "level": "info"}
{"task": "onchain_sopr", "duration": 0.002481, "event": "task_end", "timestamp": "2025-09-18T04:12:22.923163Z", "level": "info"}
Job "task_wrapper (trigger: interval[0:29:42.286402], next run at: 2025-09-18 06:42:05 CEST)" executed successfully
{"alive": true, "rss_mb": 58.5, "cpu_percent": 0.0, "event": "heartbeat", "timestamp": "2025-09-18T04:12:51.241211Z", "level": "info"}
{"alive": true, "rss_mb": 58.5, "cpu_percent": 0.0, "event": "heartbeat", "timestamp": "2025-09-18T04:13:21.267925Z", "level": "info"}
{"alive": true, "rss_mb": 58.5, "cpu_percent": 0.0, "event": "heartbeat", "timestamp": "2025-09-18T04:13:51.279820Z", "level": "info"}
Running job "task_wrapper (trigger: interval[0:29:49.249948], next run at: 2025-09-18 06:43:42 CEST)" (scheduled at 2025-09-18 06:13:53.430519+02:00)
{"task": "onchain_tx", "ts": "2025-09-18T04:13:53.435952Z", "event": "task_start", "timestamp": "2025-09-18T04:13:53.435952Z", "level": "info"}
HTTP Request: GET https://api.blockchain.info/q/getblockcount "HTTP/1.1 200 OK"
{"symbol": "BTC", "source": "blockchain.info", "event": "onchain_success", "timestamp": "2025-09-18T04:13:54.008820Z", "level": "info"}
{"task": "onchain_tx", "event": "task_ok", "timestamp": "2025-09-18T04:13:54.010802Z", "level": "info"}
{"task": "onchain_tx", "duration": 0.575851, "event": "task_end", "timestamp": "2025-09-18T04:13:54.011803Z", "level": "info"}
Job "task_wrapper (trigger: interval[0:29:49.249948], next run at: 2025-09-18 06:43:42 CEST)" executed successfully
{"alive": true, "rss_mb": 58.6, "cpu_percent": 0.0, "event": "heartbeat", "timestamp": "2025-09-18T04:14:21.293834Z", "level": "info"}
{"alive": true, "rss_mb": 58.6, "cpu_percent": 0.0, "event": "heartbeat", "timestamp": "2025-09-18T04:14:51.296728Z", "level": "info"}
Running job "task_wrapper (trigger: interval[0:05:07.070337], next run at: 2025-09-18 06:20:17 CEST)" (scheduled at 2025-09-18 06:15:10.529807+02:00)
{"task": "derivatives_oi", "ts": "2025-09-18T04:15:10.537364Z", "event": "task_start", "timestamp": "2025-09-18T04:15:10.537364Z", "level": "info"}
{"symbol": "BTCUSDT", "event": "deriv_cache_hit", "timestamp": "2025-09-18T04:15:10.538350Z", "level": "info"}
{"task": "derivatives_oi", "event": "task_ok", "timestamp": "2025-09-18T04:15:10.540349Z", "level": "info"}
{"task": "derivatives_oi", "duration": 0.002985, "event": "task_end", "timestamp": "2025-09-18T04:15:10.540349Z", "level": "info"}
Job "task_wrapper (trigger: interval[0:05:07.070337], next run at: 2025-09-18 06:20:17 CEST)" executed successfully
{"alive": true, "rss_mb": 58.6, "cpu_percent": 0.0, "event": "heartbeat", "timestamp": "2025-09-18T04:15:21.302073Z", "level": "info"}
Running job "task_wrapper (trigger: interval[0:05:03.285188], next run at: 2025-09-18 06:20:29 CEST)" (scheduled at 2025-09-18 06:15:26.144673+02:00)
{"task": "derivatives_lsr", "ts": "2025-09-18T04:15:26.149565Z", "event": "task_start", "timestamp": "2025-09-18T04:15:26.149565Z", "level": "info"}
{"symbol": "BTCUSDT", "metric": "long_short_ratio", "event": "deriv_cache_hit", "timestamp": "2025-09-18T04:15:26.150560Z", "level": "info"}
{"task": "derivatives_lsr", "event": "task_ok", "timestamp": "2025-09-18T04:15:26.151565Z", "level": "info"}
{"task": "derivatives_lsr", "duration": 0.002996, "event": "task_end", "timestamp": "2025-09-18T04:15:26.152561Z", "level": "info"}
Job "task_wrapper (trigger: interval[0:05:03.285188], next run at: 2025-09-18 06:20:29 CEST)" executed successfully
{"alive": true, "rss_mb": 58.6, "cpu_percent": 0.0, "event": "heartbeat", "timestamp": "2025-09-18T04:15:51.310148Z", "level": "info"}
{"alive": true, "rss_mb": 58.6, "cpu_percent": 0.0, "event": "heartbeat", "timestamp": "2025-09-18T04:16:21.319880Z", "level": "info"}
{"alive": true, "rss_mb": 58.6, "cpu_percent": 0.0, "event": "heartbeat", "timestamp": "2025-09-18T04:16:51.323642Z", "level": "info"}
Running job "task_wrapper (trigger: interval[0:15:38.604368], next run at: 2025-09-18 06:32:56 CEST)" (scheduled at 2025-09-18 06:17:18.289401+02:00)
{"task": "defillama", "ts": "2025-09-18T04:17:18.305785Z", "event": "task_start", "timestamp": "2025-09-18T04:17:18.305785Z", "level": "info"}
{"chain": "ethereum", "event": "defillama_cache_hit", "timestamp": "2025-09-18T04:17:18.306787Z", "level": "info"}
{"task": "defillama", "event": "task_ok", "timestamp": "2025-09-18T04:17:18.307784Z", "level": "info"}
{"task": "defillama", "duration": 0.002997, "event": "task_end", "timestamp": "2025-09-18T04:17:18.308782Z", "level": "info"}
Job "task_wrapper (trigger: interval[0:15:38.604368], next run at: 2025-09-18 06:32:56 CEST)" executed successfully
{"alive": true, "rss_mb": 58.6, "cpu_percent": 0.0, "event": "heartbeat", "timestamp": "2025-09-18T04:17:21.339419Z", "level": "info"}
Running job "task_wrapper (trigger: interval[0:05:08.878330], next run at: 2025-09-18 06:22:36 CEST)" (scheduled at 2025-09-18 06:17:27.931284+02:00)
{"task": "macro", "ts": "2025-09-18T04:17:27.937683Z", "event": "task_start", "timestamp": "2025-09-18T04:17:27.937683Z", "level": "info"}
{"symbol": "bitcoin", "event": "macro_cache_hit", "timestamp": "2025-09-18T04:17:27.939668Z", "level": "info"}
{"task": "macro", "event": "task_ok", "timestamp": "2025-09-18T04:17:27.940666Z", "level": "info"}
{"task": "macro", "duration": 0.002983, "event": "task_end", "timestamp": "2025-09-18T04:17:27.940666Z", "level": "info"}
Job "task_wrapper (trigger: interval[0:05:08.878330], next run at: 2025-09-18 06:22:36 CEST)" executed successfully
{"alive": true, "rss_mb": 58.6, "cpu_percent": 0.0, "event": "heartbeat", "timestamp": "2025-09-18T04:17:51.355669Z", "level": "info"}
{"alive": true, "rss_mb": 58.6, "cpu_percent": 0.0, "event": "heartbeat", "timestamp": "2025-09-18T04:18:21.371063Z", "level": "info"}
{"alive": true, "rss_mb": 58.6, "cpu_percent": 0.0, "event": "heartbeat", "timestamp": "2025-09-18T04:18:51.387586Z", "level": "info"}
{"alive": true, "rss_mb": 58.6, "cpu_percent": 0.0, "event": "heartbeat", "timestamp": "2025-09-18T04:19:21.388898Z", "level": "info"}
{"alive": true, "rss_mb": 58.6, "cpu_percent": 0.0, "event": "heartbeat", "timestamp": "2025-09-18T04:19:51.393658Z", "level": "info"}
Running job "task_wrapper (trigger: interval[0:05:07.070337], next run at: 2025-09-18 06:25:24 CEST)" (scheduled at 2025-09-18 06:20:17.600144+02:00)
{"task": "derivatives_oi", "ts": "2025-09-18T04:20:17.614241Z", "event": "task_start", "timestamp": "2025-09-18T04:20:17.614241Z", "level": "info"}
{"symbol": "BTCUSDT", "event": "deriv_cache_hit", "timestamp": "2025-09-18T04:20:17.615241Z", "level": "info"}
{"task": "derivatives_oi", "event": "task_ok", "timestamp": "2025-09-18T04:20:17.616244Z", "level": "info"}
{"task": "derivatives_oi", "duration": 0.002997, "event": "task_end", "timestamp": "2025-09-18T04:20:17.617238Z", "level": "info"}
Job "task_wrapper (trigger: interval[0:05:07.070337], next run at: 2025-09-18 06:25:24 CEST)" executed successfully
{"alive": true, "rss_mb": 58.6, "cpu_percent": 0.0, "event": "heartbeat", "timestamp": "2025-09-18T04:20:21.401953Z", "level": "info"}
Running job "task_wrapper (trigger: interval[0:05:03.285188], next run at: 2025-09-18 06:25:32 CEST)" (scheduled at 2025-09-18 06:20:29.429861+02:00)
{"task": "derivatives_lsr", "ts": "2025-09-18T04:20:29.453858Z", "event": "task_start", "timestamp": "2025-09-18T04:20:29.454842Z", "level": "info"}
{"symbol": "BTCUSDT", "metric": "long_short_ratio", "event": "deriv_cache_hit", "timestamp": "2025-09-18T04:20:29.455844Z", "level": "info"}
{"task": "derivatives_lsr", "event": "task_ok", "timestamp": "2025-09-18T04:20:29.456842Z", "level": "info"}
{"task": "derivatives_lsr", "duration": 0.003994, "event": "task_end", "timestamp": "2025-09-18T04:20:29.457852Z", "level": "info"}
Job "task_wrapper (trigger: interval[0:05:03.285188], next run at: 2025-09-18 06:25:32 CEST)" executed successfully
{"alive": true, "rss_mb": 58.6, "cpu_percent": 0.0, "event": "heartbeat", "timestamp": "2025-09-18T04:20:51.400433Z", "level": "info"}
{"alive": true, "rss_mb": 58.6, "cpu_percent": 0.0, "event": "heartbeat", "timestamp": "2025-09-18T04:21:21.410315Z", "level": "info"}
{"alive": true, "rss_mb": 58.6, "cpu_percent": 0.0, "event": "heartbeat", "timestamp": "2025-09-18T04:21:51.424054Z", "level": "info"}
{"alive": true, "rss_mb": 58.5, "cpu_percent": 0.0, "event": "heartbeat", "timestamp": "2025-09-18T04:22:21.435327Z", "level": "info"}
Running job "task_wrapper (trigger: interval[0:05:08.878330], next run at: 2025-09-18 06:27:45 CEST)" (scheduled at 2025-09-18 06:22:36.809614+02:00)
{"task": "macro", "ts": "2025-09-18T04:22:36.818564Z", "event": "task_start", "timestamp": "2025-09-18T04:22:36.818564Z", "level": "info"}
{"symbol": "bitcoin", "event": "macro_cache_hit", "timestamp": "2025-09-18T04:22:36.819567Z", "level": "info"}
{"task": "macro", "event": "task_ok", "timestamp": "2025-09-18T04:22:36.820568Z", "level": "info"}
{"task": "macro", "duration": 0.003006, "event": "task_end", "timestamp": "2025-09-18T04:22:36.821570Z", "level": "info"}
Job "task_wrapper (trigger: interval[0:05:08.878330], next run at: 2025-09-18 06:27:45 CEST)" executed successfully
{"alive": true, "rss_mb": 58.5, "cpu_percent": 0.0, "event": "heartbeat", "timestamp": "2025-09-18T04:22:51.454101Z", "level": "info"}
{"alive": true, "rss_mb": 58.5, "cpu_percent": 0.0, "event": "heartbeat", "timestamp": "2025-09-18T04:23:21.472115Z", "level": "info"}
{"alive": true, "rss_mb": 58.5, "cpu_percent": 0.0, "event": "heartbeat", "timestamp": "2025-09-18T04:23:51.483054Z", "level": "info"}
{"alive": true, "rss_mb": 58.5, "cpu_percent": 0.0, "event": "heartbeat", "timestamp": "2025-09-18T04:24:21.504823Z", "level": "info"}
{"alive": true, "rss_mb": 58.5, "cpu_percent": 0.0, "event": "heartbeat", "timestamp": "2025-09-18T04:24:51.516197Z", "level": "info"}
{"alive": true, "rss_mb": 58.5, "cpu_percent": 0.0, "event": "heartbeat", "timestamp": "2025-09-18T04:25:21.531282Z", "level": "info"}
Running job "task_wrapper (trigger: interval[0:05:07.070337], next run at: 2025-09-18 06:30:31 CEST)" (scheduled at 2025-09-18 06:25:24.670481+02:00)
{"task": "derivatives_oi", "ts": "2025-09-18T04:25:24.679354Z", "event": "task_start", "timestamp": "2025-09-18T04:25:24.679354Z", "level": "info"}
{"symbol": "BTCUSDT", "event": "deriv_cache_hit", "timestamp": "2025-09-18T04:25:24.681347Z", "level": "info"}
{"task": "derivatives_oi", "event": "task_ok", "timestamp": "2025-09-18T04:25:24.682344Z", "level": "info"}
{"task": "derivatives_oi", "duration": 0.00299, "event": "task_end", "timestamp": "2025-09-18T04:25:24.682344Z", "level": "info"}
Job "task_wrapper (trigger: interval[0:05:07.070337], next run at: 2025-09-18 06:30:31 CEST)" executed successfully
Running job "task_wrapper (trigger: interval[0:05:03.285188], next run at: 2025-09-18 06:30:36 CEST)" (scheduled at 2025-09-18 06:25:32.715049+02:00)
{"task": "derivatives_lsr", "ts": "2025-09-18T04:25:32.723534Z", "event": "task_start", "timestamp": "2025-09-18T04:25:32.723534Z", "level": "info"}
{"symbol": "BTCUSDT", "metric": "long_short_ratio", "event": "deriv_cache_hit", "timestamp": "2025-09-18T04:25:32.724550Z", "level": "info"}
{"task": "derivatives_lsr", "event": "task_ok", "timestamp": "2025-09-18T04:25:32.725533Z", "level": "info"}
{"task": "derivatives_lsr", "duration": 0.002996, "event": "task_end", "timestamp": "2025-09-18T04:25:32.726530Z", "level": "info"}
Job "task_wrapper (trigger: interval[0:05:03.285188], next run at: 2025-09-18 06:30:36 CEST)" executed successfully
{"alive": true, "rss_mb": 58.5, "cpu_percent": 0.0, "event": "heartbeat", "timestamp": "2025-09-18T04:25:51.555037Z", "level": "info"}
Running job "task_wrapper (trigger: interval[0:28:33.563456], next run at: 2025-09-18 06:54:36 CEST)" (scheduled at 2025-09-18 06:26:03.070586+02:00)
{"task": "onchain_hashrate", "ts": "2025-09-18T04:26:03.092520Z", "event": "task_start", "timestamp": "2025-09-18T04:26:03.092520Z", "level": "info"}
HTTP Request: GET https://api.blockchain.info/q/hashrate "HTTP/1.1 200 OK"
{"symbol": "BTC", "source": "blockchain.info", "event": "onchain_success", "timestamp": "2025-09-18T04:26:03.653045Z", "level": "info"}
{"task": "onchain_hashrate", "event": "task_ok", "timestamp": "2025-09-18T04:26:03.654063Z", "level": "info"}
{"task": "onchain_hashrate", "duration": 0.563053, "event": "task_end", "timestamp": "2025-09-18T04:26:03.655573Z", "level": "info"}
Job "task_wrapper (trigger: interval[0:28:33.563456], next run at: 2025-09-18 06:54:36 CEST)" executed successfully
{"alive": true, "rss_mb": 58.6, "cpu_percent": 0.0, "event": "heartbeat", "timestamp": "2025-09-18T04:26:21.574083Z", "level": "info"}
{"alive": true, "rss_mb": 58.6, "cpu_percent": 0.0, "event": "heartbeat", "timestamp": "2025-09-18T04:26:51.583673Z", "level": "info"}
{"alive": true, "rss_mb": 58.6, "cpu_percent": 0.0, "event": "heartbeat", "timestamp": "2025-09-18T04:27:21.593219Z", "level": "info"}
Running job "task_wrapper (trigger: interval[0:05:08.878330], next run at: 2025-09-18 06:32:54 CEST)" (scheduled at 2025-09-18 06:27:45.687944+02:00)
{"task": "macro", "ts": "2025-09-18T04:27:45.708486Z", "event": "task_start", "timestamp": "2025-09-18T04:27:45.708486Z", "level": "info"}
{"symbol": "bitcoin", "event": "macro_cache_hit", "timestamp": "2025-09-18T04:27:45.709482Z", "level": "info"}
{"task": "macro", "event": "task_ok", "timestamp": "2025-09-18T04:27:45.710476Z", "level": "info"}
{"task": "macro", "duration": 0.003004, "event": "task_end", "timestamp": "2025-09-18T04:27:45.711490Z", "level": "info"}
Job "task_wrapper (trigger: interval[0:05:08.878330], next run at: 2025-09-18 06:32:54 CEST)" executed successfully
{"alive": true, "rss_mb": 58.6, "cpu_percent": 0.0, "event": "heartbeat", "timestamp": "2025-09-18T04:27:51.593741Z", "level": "info"}
{"alive": true, "rss_mb": 58.6, "cpu_percent": 0.0, "event": "heartbeat", "timestamp": "2025-09-18T04:28:21.588794Z", "level": "info"}
{"alive": true, "rss_mb": 58.6, "cpu_percent": 0.0, "event": "heartbeat", "timestamp": "2025-09-18T04:28:51.599273Z", "level": "info"}
{"alive": true, "rss_mb": 58.6, "cpu_percent": 0.0, "event": "heartbeat", "timestamp": "2025-09-18T04:29:21.613375Z", "level": "info"}
{"alive": true, "rss_mb": 58.6, "cpu_percent": 0.0, "event": "heartbeat", "timestamp": "2025-09-18T04:29:51.618188Z", "level": "info"}
{"alive": true, "rss_mb": 58.6, "cpu_percent": 0.0, "event": "heartbeat", "timestamp": "2025-09-18T04:30:21.638131Z", "level": "info"}
Running job "task_wrapper (trigger: interval[0:05:07.070337], next run at: 2025-09-18 06:35:38 CEST)" (scheduled at 2025-09-18 06:30:31.740818+02:00)
{"task": "derivatives_oi", "ts": "2025-09-18T04:30:31.754847Z", "event": "task_start", "timestamp": "2025-09-18T04:30:31.754847Z", "level": "info"}
{"symbol": "BTCUSDT", "event": "deriv_cache_hit", "timestamp": "2025-09-18T04:30:31.755848Z", "level": "info"}
{"task": "derivatives_oi", "event": "task_ok", "timestamp": "2025-09-18T04:30:31.756848Z", "level": "info"}
{"task": "derivatives_oi", "duration": 0.002001, "event": "task_end", "timestamp": "2025-09-18T04:30:31.756848Z", "level": "info"}
Job "task_wrapper (trigger: interval[0:05:07.070337], next run at: 2025-09-18 06:35:38 CEST)" executed successfully
Running job "task_wrapper (trigger: interval[0:05:03.285188], next run at: 2025-09-18 06:35:39 CEST)" (scheduled at 2025-09-18 06:30:36.000237+02:00)
{"task": "derivatives_lsr", "ts": "2025-09-18T04:30:36.021291Z", "event": "task_start", "timestamp": "2025-09-18T04:30:36.021291Z", "level": "info"}
{"symbol": "BTCUSDT", "metric": "long_short_ratio", "event": "deriv_cache_hit", "timestamp": "2025-09-18T04:30:36.022308Z", "level": "info"}
{"task": "derivatives_lsr", "event": "task_ok", "timestamp": "2025-09-18T04:30:36.023305Z", "level": "info"}
{"task": "derivatives_lsr", "duration": 0.003015, "event": "task_end", "timestamp": "2025-09-18T04:30:36.024306Z", "level": "info"}
Job "task_wrapper (trigger: interval[0:05:03.285188], next run at: 2025-09-18 06:35:39 CEST)" executed successfully
{"alive": true, "rss_mb": 58.6, "cpu_percent": 0.0, "event": "heartbeat", "timestamp": "2025-09-18T04:30:51.636218Z", "level": "info"}
{"alive": true, "rss_mb": 58.6, "cpu_percent": 0.0, "event": "heartbeat", "timestamp": "2025-09-18T04:31:21.631984Z", "level": "info"}
{"alive": true, "rss_mb": 58.6, "cpu_percent": 0.0, "event": "heartbeat", "timestamp": "2025-09-18T04:31:51.642397Z", "level": "info"}
{"alive": true, "rss_mb": 58.6, "cpu_percent": 0.0, "event": "heartbeat", "timestamp": "2025-09-18T04:32:21.644919Z", "level": "info"}
{"alive": true, "rss_mb": 58.6, "cpu_percent": 0.0, "event": "heartbeat", "timestamp": "2025-09-18T04:32:51.647576Z", "level": "info"}
Running job "task_wrapper (trigger: interval[0:05:08.878330], next run at: 2025-09-18 06:38:03 CEST)" (scheduled at 2025-09-18 06:32:54.566274+02:00)
{"task": "macro", "ts": "2025-09-18T04:32:54.588711Z", "event": "task_start", "timestamp": "2025-09-18T04:32:54.588711Z", "level": "info"}
{"symbol": "bitcoin", "event": "macro_cache_hit", "timestamp": "2025-09-18T04:32:54.589713Z", "level": "info"}
{"task": "macro", "event": "task_ok", "timestamp": "2025-09-18T04:32:54.590712Z", "level": "info"}
{"task": "macro", "duration": 0.003, "event": "task_end", "timestamp": "2025-09-18T04:32:54.591711Z", "level": "info"}
Job "task_wrapper (trigger: interval[0:05:08.878330], next run at: 2025-09-18 06:38:03 CEST)" executed successfully
Running job "task_wrapper (trigger: interval[0:15:38.604368], next run at: 2025-09-18 06:48:35 CEST)" (scheduled at 2025-09-18 06:32:56.893769+02:00)
{"task": "defillama", "ts": "2025-09-18T04:32:56.903434Z", "event": "task_start", "timestamp": "2025-09-18T04:32:56.903434Z", "level": "info"}
{"chain": "ethereum", "event": "defillama_cache_hit", "timestamp": "2025-09-18T04:32:56.904437Z", "level": "info"}
{"task": "defillama", "event": "task_ok", "timestamp": "2025-09-18T04:32:56.905417Z", "level": "info"}
{"task": "defillama", "duration": 0.002988, "event": "task_end", "timestamp": "2025-09-18T04:32:56.906422Z", "level": "info"}
Job "task_wrapper (trigger: interval[0:15:38.604368], next run at: 2025-09-18 06:48:35 CEST)" executed successfully
{"alive": true, "rss_mb": 58.6, "cpu_percent": 0.0, "event": "heartbeat", "timestamp": "2025-09-18T04:33:21.656124Z", "level": "info"}
{"alive": true, "rss_mb": 58.6, "cpu_percent": 0.0, "event": "heartbeat", "timestamp": "2025-09-18T04:33:51.661840Z", "level": "info"}
{"alive": true, "rss_mb": 58.6, "cpu_percent": 0.0, "event": "heartbeat", "timestamp": "2025-09-18T04:34:21.691748Z", "level": "info"}
{"alive": true, "rss_mb": 58.6, "cpu_percent": 0.0, "event": "heartbeat", "timestamp": "2025-09-18T04:34:51.694539Z", "level": "info"}
{"alive": true, "rss_mb": 58.6, "cpu_percent": 0.0, "event": "heartbeat", "timestamp": "2025-09-18T04:35:21.724927Z", "level": "info"}
Running job "task_wrapper (trigger: interval[0:05:07.070337], next run at: 2025-09-18 06:40:45 CEST)" (scheduled at 2025-09-18 06:35:38.811155+02:00)
{"task": "derivatives_oi", "ts": "2025-09-18T04:35:38.820942Z", "event": "task_start", "timestamp": "2025-09-18T04:35:38.820942Z", "level": "info"}
{"symbol": "BTCUSDT", "event": "deriv_cache_hit", "timestamp": "2025-09-18T04:35:38.821945Z", "level": "info"}
{"task": "derivatives_oi", "event": "task_ok", "timestamp": "2025-09-18T04:35:38.822945Z", "level": "info"}
{"task": "derivatives_oi", "duration": 0.003, "event": "task_end", "timestamp": "2025-09-18T04:35:38.823942Z", "level": "info"}
Job "task_wrapper (trigger: interval[0:05:07.070337], next run at: 2025-09-18 06:40:45 CEST)" executed successfully
Running job "task_wrapper (trigger: interval[0:05:03.285188], next run at: 2025-09-18 06:40:42 CEST)" (scheduled at 2025-09-18 06:35:39.285425+02:00)
{"task": "derivatives_lsr", "ts": "2025-09-18T04:35:39.303970Z", "event": "task_start", "timestamp": "2025-09-18T04:35:39.303970Z", "level": "info"}
{"symbol": "BTCUSDT", "metric": "long_short_ratio", "event": "deriv_cache_hit", "timestamp": "2025-09-18T04:35:39.304971Z", "level": "info"}
{"task": "derivatives_lsr", "event": "task_ok", "timestamp": "2025-09-18T04:35:39.305967Z", "level": "info"}
{"task": "derivatives_lsr", "duration": 0.003, "event": "task_end", "timestamp": "2025-09-18T04:35:39.306970Z", "level": "info"}
Job "task_wrapper (trigger: interval[0:05:03.285188], next run at: 2025-09-18 06:40:42 CEST)" executed successfully
{"alive": true, "rss_mb": 58.6, "cpu_percent": 0.0, "event": "heartbeat", "timestamp": "2025-09-18T04:35:51.732242Z", "level": "info"}
{"alive": true, "rss_mb": 58.6, "cpu_percent": 0.0, "event": "heartbeat", "timestamp": "2025-09-18T04:36:21.747475Z", "level": "info"}
{"alive": true, "rss_mb": 58.6, "cpu_percent": 0.0, "event": "heartbeat", "timestamp": "2025-09-18T04:36:51.763250Z", "level": "info"}
{"alive": true, "rss_mb": 58.5, "cpu_percent": 0.0, "event": "heartbeat", "timestamp": "2025-09-18T04:37:21.776824Z", "level": "info"}
{"alive": true, "rss_mb": 58.5, "cpu_percent": 0.0, "event": "heartbeat", "timestamp": "2025-09-18T04:37:51.792676Z", "level": "info"}
Running job "task_wrapper (trigger: interval[0:05:08.878330], next run at: 2025-09-18 06:43:12 CEST)" (scheduled at 2025-09-18 06:38:03.444604+02:00)
{"task": "macro", "ts": "2025-09-18T04:38:03.454438Z", "event": "task_start", "timestamp": "2025-09-18T04:38:03.454438Z", "level": "info"}
{"symbol": "bitcoin", "event": "macro_cache_hit", "timestamp": "2025-09-18T04:38:03.455439Z", "level": "info"}
{"task": "macro", "event": "task_ok", "timestamp": "2025-09-18T04:38:03.456437Z", "level": "info"}
{"task": "macro", "duration": 0.001999, "event": "task_end", "timestamp": "2025-09-18T04:38:03.456437Z", "level": "info"}
Job "task_wrapper (trigger: interval[0:05:08.878330], next run at: 2025-09-18 06:43:12 CEST)" executed successfully
{"alive": true, "rss_mb": 58.5, "cpu_percent": 0.0, "event": "heartbeat", "timestamp": "2025-09-18T04:38:21.805750Z", "level": "info"}
{"alive": true, "rss_mb": 58.5, "cpu_percent": 0.0, "event": "heartbeat", "timestamp": "2025-09-18T04:38:51.814904Z", "level": "info"}
{"alive": true, "rss_mb": 58.5, "cpu_percent": 0.0, "event": "heartbeat", "timestamp": "2025-09-18T04:39:21.813486Z", "level": "info"}
{"alive": true, "rss_mb": 58.5, "cpu_percent": 0.0, "event": "heartbeat", "timestamp": "2025-09-18T04:39:51.830949Z", "level": "info"}
{"alive": true, "rss_mb": 58.5, "cpu_percent": 0.0, "event": "heartbeat", "timestamp": "2025-09-18T04:40:21.839792Z", "level": "info"}
Running job "task_wrapper (trigger: interval[0:05:03.285188], next run at: 2025-09-18 06:45:45 CEST)" (scheduled at 2025-09-18 06:40:42.570613+02:00)
{"task": "derivatives_lsr", "ts": "2025-09-18T04:40:42.585579Z", "event": "task_start", "timestamp": "2025-09-18T04:40:42.585579Z", "level": "info"}
{"symbol": "BTCUSDT", "metric": "long_short_ratio", "event": "deriv_cache_hit", "timestamp": "2025-09-18T04:40:42.587582Z", "level": "info"}
{"task": "derivatives_lsr", "event": "task_ok", "timestamp": "2025-09-18T04:40:42.588581Z", "level": "info"}
{"task": "derivatives_lsr", "duration": 0.003002, "event": "task_end", "timestamp": "2025-09-18T04:40:42.589585Z", "level": "info"}
Job "task_wrapper (trigger: interval[0:05:03.285188], next run at: 2025-09-18 06:45:45 CEST)" executed successfully
Running job "task_wrapper (trigger: interval[0:05:07.070337], next run at: 2025-09-18 06:45:52 CEST)" (scheduled at 2025-09-18 06:40:45.881492+02:00)
{"task": "derivatives_oi", "ts": "2025-09-18T04:40:45.888853Z", "event": "task_start", "timestamp": "2025-09-18T04:40:45.888853Z", "level": "info"}
HTTP Request: GET https://api.bybit.com/v5/market/open-interest?category=linear&symbol=BTCUSDT&intervalTime=5min "HTTP/1.1 200 OK"
{"symbol": "BTCUSDT", "source": "bybit", "event": "deriv_success", "timestamp": "2025-09-18T04:40:46.593026Z", "level": "info"}
{"task": "derivatives_oi", "event": "task_ok", "timestamp": "2025-09-18T04:40:46.598015Z", "level": "info"}
{"task": "derivatives_oi", "duration": 0.710161, "event": "task_end", "timestamp": "2025-09-18T04:40:46.599014Z", "level": "info"}
Job "task_wrapper (trigger: interval[0:05:07.070337], next run at: 2025-09-18 06:45:52 CEST)" executed successfully
{"alive": true, "rss_mb": 58.6, "cpu_percent": 0.0, "event": "heartbeat", "timestamp": "2025-09-18T04:40:51.855749Z", "level": "info"}
{"alive": true, "rss_mb": 58.6, "cpu_percent": 0.0, "event": "heartbeat", "timestamp": "2025-09-18T04:41:21.884041Z", "level": "info"}
{"alive": true, "rss_mb": 58.6, "cpu_percent": 0.0, "event": "heartbeat", "timestamp": "2025-09-18T04:41:51.888198Z", "level": "info"}
Running job "task_wrapper (trigger: interval[0:29:42.286402], next run at: 2025-09-18 07:11:47 CEST)" (scheduled at 2025-09-18 06:42:05.192825+02:00)
{"task": "onchain_sopr", "ts": "2025-09-18T04:42:05.208910Z", "event": "task_start", "timestamp": "2025-09-18T04:42:05.208910Z", "level": "info"}
{"symbol": "BTC", "event": "onchain_cache_hit", "timestamp": "2025-09-18T04:42:05.210926Z", "level": "info"}
{"task": "onchain_sopr", "event": "task_ok", "timestamp": "2025-09-18T04:42:05.211912Z", "level": "info"}
{"task": "onchain_sopr", "duration": 0.004006, "event": "task_end", "timestamp": "2025-09-18T04:42:05.212916Z", "level": "info"}
Job "task_wrapper (trigger: interval[0:29:42.286402], next run at: 2025-09-18 07:11:47 CEST)" executed successfully
{"alive": true, "rss_mb": 58.6, "cpu_percent": 0.0, "event": "heartbeat", "timestamp": "2025-09-18T04:42:21.899046Z", "level": "info"}
{"alive": true, "rss_mb": 58.6, "cpu_percent": 0.0, "event": "heartbeat", "timestamp": "2025-09-18T04:42:51.905156Z", "level": "info"}
Running job "task_wrapper (trigger: interval[0:05:08.878330], next run at: 2025-09-18 06:48:21 CEST)" (scheduled at 2025-09-18 06:43:12.322934+02:00)
{"task": "macro", "ts": "2025-09-18T04:43:12.328317Z", "event": "task_start", "timestamp": "2025-09-18T04:43:12.328317Z", "level": "info"}
{"symbol": "bitcoin", "event": "macro_cache_hit", "timestamp": "2025-09-18T04:43:12.329319Z", "level": "info"}
{"task": "macro", "event": "task_ok", "timestamp": "2025-09-18T04:43:12.329319Z", "level": "info"}
{"task": "macro", "duration": 0.002001, "event": "task_end", "timestamp": "2025-09-18T04:43:12.330318Z", "level": "info"}
Job "task_wrapper (trigger: interval[0:05:08.878330], next run at: 2025-09-18 06:48:21 CEST)" executed successfully
{"alive": true, "rss_mb": 58.6, "cpu_percent": 0.0, "event": "heartbeat", "timestamp": "2025-09-18T04:43:21.925538Z", "level": "info"}
Running job "task_wrapper (trigger: interval[0:29:49.249948], next run at: 2025-09-18 07:13:31 CEST)" (scheduled at 2025-09-18 06:43:42.680467+02:00)
{"task": "onchain_tx", "ts": "2025-09-18T04:43:42.694796Z", "event": "task_start", "timestamp": "2025-09-18T04:43:42.694796Z", "level": "info"}
HTTP Request: GET https://api.blockchain.info/q/getblockcount "HTTP/1.1 200 OK"
{"symbol": "BTC", "source": "blockchain.info", "event": "onchain_success", "timestamp": "2025-09-18T04:43:43.262367Z", "level": "info"}
{"task": "onchain_tx", "event": "task_ok", "timestamp": "2025-09-18T04:43:43.263342Z", "level": "info"}
{"task": "onchain_tx", "duration": 0.569543, "event": "task_end", "timestamp": "2025-09-18T04:43:43.264339Z", "level": "info"}
Job "task_wrapper (trigger: interval[0:29:49.249948], next run at: 2025-09-18 07:13:31 CEST)" executed successfully
{"alive": true, "rss_mb": 58.7, "cpu_percent": 0.0, "event": "heartbeat", "timestamp": "2025-09-18T04:43:51.925022Z", "level": "info"}
{"alive": true, "rss_mb": 58.7, "cpu_percent": 0.0, "event": "heartbeat", "timestamp": "2025-09-18T04:44:21.921233Z", "level": "info"}
{"alive": true, "rss_mb": 58.7, "cpu_percent": 0.0, "event": "heartbeat", "timestamp": "2025-09-18T04:44:51.936069Z", "level": "info"}
{"alive": true, "rss_mb": 58.7, "cpu_percent": 0.0, "event": "heartbeat", "timestamp": "2025-09-18T04:45:21.951007Z", "level": "info"}
Running job "task_wrapper (trigger: interval[0:59:55.343029], next run at: 2025-09-18 07:45:35 CEST)" (scheduled at 2025-09-18 06:45:40.587400+02:00)
{"task": "sentiment_fg", "ts": "2025-09-18T04:45:40.597964Z", "event": "task_start", "timestamp": "2025-09-18T04:45:40.597964Z", "level": "info"}
{"metric": "fear_greed", "event": "sentiment_cache_hit", "timestamp": "2025-09-18T04:45:40.598949Z", "level": "info"}
{"task": "sentiment_fg", "event": "task_ok", "timestamp": "2025-09-18T04:45:40.599953Z", "level": "info"}
{"task": "sentiment_fg", "duration": 0.003004, "event": "task_end", "timestamp": "2025-09-18T04:45:40.600968Z", "level": "info"}
Job "task_wrapper (trigger: interval[0:59:55.343029], next run at: 2025-09-18 07:45:35 CEST)" executed successfully
Running job "task_wrapper (trigger: interval[0:05:03.285188], next run at: 2025-09-18 06:50:49 CEST)" (scheduled at 2025-09-18 06:45:45.855801+02:00)
{"task": "derivatives_lsr", "ts": "2025-09-18T04:45:45.865062Z", "event": "task_start", "timestamp": "2025-09-18T04:45:45.865062Z", "level": "info"}
{"symbol": "BTCUSDT", "metric": "long_short_ratio", "event": "deriv_cache_hit", "timestamp": "2025-09-18T04:45:45.866060Z", "level": "info"}
{"task": "derivatives_lsr", "event": "task_ok", "timestamp": "2025-09-18T04:45:45.867060Z", "level": "info"}
{"task": "derivatives_lsr", "duration": 0.002789, "event": "task_end", "timestamp": "2025-09-18T04:45:45.867851Z", "level": "info"}
Job "task_wrapper (trigger: interval[0:05:03.285188], next run at: 2025-09-18 06:50:49 CEST)" executed successfully
{"alive": true, "rss_mb": 58.7, "cpu_percent": 0.0, "event": "heartbeat", "timestamp": "2025-09-18T04:45:51.965167Z", "level": "info"}
Running job "task_wrapper (trigger: interval[0:05:07.070337], next run at: 2025-09-18 06:51:00 CEST)" (scheduled at 2025-09-18 06:45:52.951829+02:00)
{"task": "derivatives_oi", "ts": "2025-09-18T04:45:52.954268Z", "event": "task_start", "timestamp": "2025-09-18T04:45:52.954268Z", "level": "info"}
{"symbol": "BTCUSDT", "event": "deriv_cache_hit", "timestamp": "2025-09-18T04:45:52.955270Z", "level": "info"}
{"task": "derivatives_oi", "event": "task_ok", "timestamp": "2025-09-18T04:45:52.956270Z", "level": "info"}
{"task": "derivatives_oi", "duration": 0.003005, "event": "task_end", "timestamp": "2025-09-18T04:45:52.957273Z", "level": "info"}
Job "task_wrapper (trigger: interval[0:05:07.070337], next run at: 2025-09-18 06:51:00 CEST)" executed successfully
{"alive": true, "rss_mb": 58.7, "cpu_percent": 0.0, "event": "heartbeat", "timestamp": "2025-09-18T04:46:21.987184Z", "level": "info"}
{"alive": true, "rss_mb": 58.7, "cpu_percent": 0.0, "event": "heartbeat", "timestamp": "2025-09-18T04:46:51.992000Z", "level": "info"}
{"alive": true, "rss_mb": 58.7, "cpu_percent": 0.0, "event": "heartbeat", "timestamp": "2025-09-18T04:47:22.013436Z", "level": "info"}
{"alive": true, "rss_mb": 58.7, "cpu_percent": 0.0, "event": "heartbeat", "timestamp": "2025-09-18T04:47:52.027358Z", "level": "info"}
Running job "task_wrapper (trigger: interval[0:05:08.878330], next run at: 2025-09-18 06:53:30 CEST)" (scheduled at 2025-09-18 06:48:21.201264+02:00)
{"task": "macro", "ts": "2025-09-18T04:48:21.220350Z", "event": "task_start", "timestamp": "2025-09-18T04:48:21.220350Z", "level": "info"}
{"symbol": "bitcoin", "event": "macro_cache_hit", "timestamp": "2025-09-18T04:48:21.221352Z", "level": "info"}
{"task": "macro", "event": "task_ok", "timestamp": "2025-09-18T04:48:21.222359Z", "level": "info"}
{"task": "macro", "duration": 0.003014, "event": "task_end", "timestamp": "2025-09-18T04:48:21.223364Z", "level": "info"}
Job "task_wrapper (trigger: interval[0:05:08.878330], next run at: 2025-09-18 06:53:30 CEST)" executed successfully
{"alive": true, "rss_mb": 58.7, "cpu_percent": 0.0, "event": "heartbeat", "timestamp": "2025-09-18T04:48:22.032812Z", "level": "info"}
Running job "task_wrapper (trigger: interval[0:15:38.604368], next run at: 2025-09-18 07:04:14 CEST)" (scheduled at 2025-09-18 06:48:35.498137+02:00)
{"task": "defillama", "ts": "2025-09-18T04:48:35.503481Z", "event": "task_start", "timestamp": "2025-09-18T04:48:35.503481Z", "level": "info"}
{"chain": "ethereum", "event": "defillama_cache_hit", "timestamp": "2025-09-18T04:48:35.504481Z", "level": "info"}
{"task": "defillama", "event": "task_ok", "timestamp": "2025-09-18T04:48:35.504760Z", "level": "info"}
{"task": "defillama", "duration": 0.00229, "event": "task_end", "timestamp": "2025-09-18T04:48:35.505771Z", "level": "info"}
Job "task_wrapper (trigger: interval[0:15:38.604368], next run at: 2025-09-18 07:04:14 CEST)" executed successfully
{"alive": true, "rss_mb": 58.7, "cpu_percent": 0.0, "event": "heartbeat", "timestamp": "2025-09-18T04:48:52.044113Z", "level": "info"}
{"alive": true, "rss_mb": 58.7, "cpu_percent": 0.0, "event": "heartbeat", "timestamp": "2025-09-18T04:49:22.055831Z", "level": "info"}
{"alive": true, "rss_mb": 58.7, "cpu_percent": 0.0, "event": "heartbeat", "timestamp": "2025-09-18T04:49:52.069537Z", "level": "info"}
{"alive": true, "rss_mb": 58.7, "cpu_percent": 0.0, "event": "heartbeat", "timestamp": "2025-09-18T04:50:22.083147Z", "level": "info"}
Running job "task_wrapper (trigger: interval[0:05:03.285188], next run at: 2025-09-18 06:55:52 CEST)" (scheduled at 2025-09-18 06:50:49.140989+02:00)
{"task": "derivatives_lsr", "ts": "2025-09-18T04:50:49.149685Z", "event": "task_start", "timestamp": "2025-09-18T04:50:49.149685Z", "level": "info"}
{"symbol": "BTCUSDT", "metric": "long_short_ratio", "event": "deriv_cache_hit", "timestamp": "2025-09-18T04:50:49.149685Z", "level": "info"}
{"task": "derivatives_lsr", "event": "task_ok", "timestamp": "2025-09-18T04:50:49.150685Z", "level": "info"}
{"task": "derivatives_lsr", "duration": 0.001997, "event": "task_end", "timestamp": "2025-09-18T04:50:49.151682Z", "level": "info"}
Job "task_wrapper (trigger: interval[0:05:03.285188], next run at: 2025-09-18 06:55:52 CEST)" executed successfully
{"alive": true, "rss_mb": 58.7, "cpu_percent": 0.0, "event": "heartbeat", "timestamp": "2025-09-18T04:50:52.101519Z", "level": "info"}
Running job "task_wrapper (trigger: interval[0:05:07.070337], next run at: 2025-09-18 06:56:07 CEST)" (scheduled at 2025-09-18 06:51:00.022166+02:00)
{"task": "derivatives_oi", "ts": "2025-09-18T04:51:00.034855Z", "event": "task_start", "timestamp": "2025-09-18T04:51:00.034855Z", "level": "info"}
{"symbol": "BTCUSDT", "event": "deriv_cache_hit", "timestamp": "2025-09-18T04:51:00.036883Z", "level": "info"}
{"task": "derivatives_oi", "event": "task_ok", "timestamp": "2025-09-18T04:51:00.037861Z", "level": "info"}
{"task": "derivatives_oi", "duration": 0.004007, "event": "task_end", "timestamp": "2025-09-18T04:51:00.038862Z", "level": "info"}
Job "task_wrapper (trigger: interval[0:05:07.070337], next run at: 2025-09-18 06:56:07 CEST)" executed successfully
{"alive": true, "rss_mb": 58.7, "cpu_percent": 0.0, "event": "heartbeat", "timestamp": "2025-09-18T04:51:22.118376Z", "level": "info"}
{"alive": true, "rss_mb": 58.7, "cpu_percent": 0.0, "event": "heartbeat", "timestamp": "2025-09-18T04:51:52.131416Z", "level": "info"}
{"alive": true, "rss_mb": 58.6, "cpu_percent": 0.0, "event": "heartbeat", "timestamp": "2025-09-18T04:52:22.137145Z", "level": "info"}
{"alive": true, "rss_mb": 58.6, "cpu_percent": 0.0, "event": "heartbeat", "timestamp": "2025-09-18T04:52:52.138815Z", "level": "info"}
{"alive": true, "rss_mb": 58.6, "cpu_percent": 0.0, "event": "heartbeat", "timestamp": "2025-09-18T04:53:22.137177Z", "level": "info"}
Running job "task_wrapper (trigger: interval[0:05:08.878330], next run at: 2025-09-18 06:58:38 CEST)" (scheduled at 2025-09-18 06:53:30.079594+02:00)
{"task": "macro", "ts": "2025-09-18T04:53:30.099113Z", "event": "task_start", "timestamp": "2025-09-18T04:53:30.099113Z", "level": "info"}
{"symbol": "bitcoin", "event": "macro_cache_hit", "timestamp": "2025-09-18T04:53:30.100115Z", "level": "info"}
{"task": "macro", "event": "task_ok", "timestamp": "2025-09-18T04:53:30.101115Z", "level": "info"}
{"task": "macro", "duration": 0.003002, "event": "task_end", "timestamp": "2025-09-18T04:53:30.102115Z", "level": "info"}
Job "task_wrapper (trigger: interval[0:05:08.878330], next run at: 2025-09-18 06:58:38 CEST)" executed successfully
{"alive": true, "rss_mb": 58.6, "cpu_percent": 0.0, "event": "heartbeat", "timestamp": "2025-09-18T04:53:52.142969Z", "level": "info"}
{"alive": true, "rss_mb": 58.6, "cpu_percent": 0.0, "event": "heartbeat", "timestamp": "2025-09-18T04:54:22.150973Z", "level": "info"}
Running job "task_wrapper (trigger: interval[0:28:33.563456], next run at: 2025-09-18 07:23:10 CEST)" (scheduled at 2025-09-18 06:54:36.634042+02:00)
{"task": "onchain_hashrate", "ts": "2025-09-18T04:54:36.650741Z", "event": "task_start", "timestamp": "2025-09-18T04:54:36.650741Z", "level": "info"}
HTTP Request: GET https://api.blockchain.info/q/hashrate "HTTP/1.1 200 OK"
{"symbol": "BTC", "source": "blockchain.info", "event": "onchain_success", "timestamp": "2025-09-18T04:54:37.224874Z", "level": "info"}
{"task": "onchain_hashrate", "event": "task_ok", "timestamp": "2025-09-18T04:54:37.226873Z", "level": "info"}
{"task": "onchain_hashrate", "duration": 0.577136, "event": "task_end", "timestamp": "2025-09-18T04:54:37.227877Z", "level": "info"}
Job "task_wrapper (trigger: interval[0:28:33.563456], next run at: 2025-09-18 07:23:10 CEST)" executed successfully
{"alive": true, "rss_mb": 58.6, "cpu_percent": 0.0, "event": "heartbeat", "timestamp": "2025-09-18T04:54:52.165658Z", "level": "info"}
{"alive": true, "rss_mb": 58.6, "cpu_percent": 0.0, "event": "heartbeat", "timestamp": "2025-09-18T04:55:22.180968Z", "level": "info"}
{"alive": true, "rss_mb": 58.6, "cpu_percent": 0.0, "event": "heartbeat", "timestamp": "2025-09-18T04:55:52.188081Z", "level": "info"}
Running job "task_wrapper (trigger: interval[0:05:03.285188], next run at: 2025-09-18 07:00:55 CEST)" (scheduled at 2025-09-18 06:55:52.426177+02:00)
{"task": "derivatives_lsr", "ts": "2025-09-18T04:55:52.440565Z", "event": "task_start", "timestamp": "2025-09-18T04:55:52.440565Z", "level": "info"}
{"symbol": "BTCUSDT", "metric": "long_short_ratio", "event": "deriv_cache_hit", "timestamp": "2025-09-18T04:55:52.441571Z", "level": "info"}
{"task": "derivatives_lsr", "event": "task_ok", "timestamp": "2025-09-18T04:55:52.442564Z", "level": "info"}
{"task": "derivatives_lsr", "duration": 0.003019, "event": "task_end", "timestamp": "2025-09-18T04:55:52.443584Z", "level": "info"}
Job "task_wrapper (trigger: interval[0:05:03.285188], next run at: 2025-09-18 07:00:55 CEST)" executed successfully
Running job "task_wrapper (trigger: interval[0:05:07.070337], next run at: 2025-09-18 07:01:14 CEST)" (scheduled at 2025-09-18 06:56:07.092503+02:00)
{"task": "derivatives_oi", "ts": "2025-09-18T04:56:07.103378Z", "event": "task_start", "timestamp": "2025-09-18T04:56:07.103378Z", "level": "info"}
{"symbol": "BTCUSDT", "event": "deriv_cache_hit", "timestamp": "2025-09-18T04:56:07.104375Z", "level": "info"}
{"task": "derivatives_oi", "event": "task_ok", "timestamp": "2025-09-18T04:56:07.105378Z", "level": "info"}
{"task": "derivatives_oi", "duration": 0.003004, "event": "task_end", "timestamp": "2025-09-18T04:56:07.106382Z", "level": "info"}
Job "task_wrapper (trigger: interval[0:05:07.070337], next run at: 2025-09-18 07:01:14 CEST)" executed successfully
{"alive": true, "rss_mb": 58.6, "cpu_percent": 0.0, "event": "heartbeat", "timestamp": "2025-09-18T04:56:22.189943Z", "level": "info"}
{"alive": true, "rss_mb": 58.6, "cpu_percent": 0.0, "event": "heartbeat", "timestamp": "2025-09-18T04:56:52.199671Z", "level": "info"}
{"alive": true, "rss_mb": 58.6, "cpu_percent": 0.0, "event": "heartbeat", "timestamp": "2025-09-18T04:57:22.202379Z", "level": "info"}
{"alive": true, "rss_mb": 58.6, "cpu_percent": 0.0, "event": "heartbeat", "timestamp": "2025-09-18T04:57:52.217407Z", "level": "info"}
{"alive": true, "rss_mb": 58.6, "cpu_percent": 0.0, "event": "heartbeat", "timestamp": "2025-09-18T04:58:22.226705Z", "level": "info"}
Running job "task_wrapper (trigger: interval[0:05:08.878330], next run at: 2025-09-18 07:03:47 CEST)" (scheduled at 2025-09-18 06:58:38.957924+02:00)
{"task": "macro", "ts": "2025-09-18T04:58:38.971152Z", "event": "task_start", "timestamp": "2025-09-18T04:58:38.971152Z", "level": "info"}
{"symbol": "bitcoin", "event": "macro_cache_hit", "timestamp": "2025-09-18T04:58:38.972153Z", "level": "info"}
{"task": "macro", "event": "task_ok", "timestamp": "2025-09-18T04:58:38.973152Z", "level": "info"}
{"task": "macro", "duration": 0.003, "event": "task_end", "timestamp": "2025-09-18T04:58:38.974152Z", "level": "info"}
Job "task_wrapper (trigger: interval[0:05:08.878330], next run at: 2025-09-18 07:03:47 CEST)" executed successfully
{"alive": true, "rss_mb": 58.6, "cpu_percent": 0.0, "event": "heartbeat", "timestamp": "2025-09-18T04:58:52.233218Z", "level": "info"}
{"alive": true, "rss_mb": 58.6, "cpu_percent": 0.0, "event": "heartbeat", "timestamp": "2025-09-18T04:59:22.235941Z", "level": "info"}
{"alive": true, "rss_mb": 58.6, "cpu_percent": 0.0, "event": "heartbeat", "timestamp": "2025-09-18T04:59:52.252066Z", "level": "info"}
{"alive": true, "rss_mb": 58.6, "cpu_percent": 0.0, "event": "heartbeat", "timestamp": "2025-09-18T05:00:22.246551Z", "level": "info"}
{"alive": true, "rss_mb": 58.6, "cpu_percent": 0.0, "event": "heartbeat", "timestamp": "2025-09-18T05:00:52.260066Z", "level": "info"}
Running job "task_wrapper (trigger: interval[0:05:03.285188], next run at: 2025-09-18 07:05:58 CEST)" (scheduled at 2025-09-18 07:00:55.711365+02:00)
{"task": "derivatives_lsr", "ts": "2025-09-18T05:00:55.721688Z", "event": "task_start", "timestamp": "2025-09-18T05:00:55.721688Z", "level": "info"}
{"symbol": "BTCUSDT", "metric": "long_short_ratio", "event": "deriv_cache_hit", "timestamp": "2025-09-18T05:00:55.722685Z", "level": "info"}
{"task": "derivatives_lsr", "event": "task_ok", "timestamp": "2025-09-18T05:00:55.723836Z", "level": "info"}
{"task": "derivatives_lsr", "duration": 0.003174, "event": "task_end", "timestamp": "2025-09-18T05:00:55.724862Z", "level": "info"}
Job "task_wrapper (trigger: interval[0:05:03.285188], next run at: 2025-09-18 07:05:58 CEST)" executed successfully
Running job "task_wrapper (trigger: interval[0:05:07.070337], next run at: 2025-09-18 07:06:21 CEST)" (scheduled at 2025-09-18 07:01:14.162840+02:00)
{"task": "derivatives_oi", "ts": "2025-09-18T05:01:14.179416Z", "event": "task_start", "timestamp": "2025-09-18T05:01:14.179416Z", "level": "info"}
{"symbol": "BTCUSDT", "event": "deriv_cache_hit", "timestamp": "2025-09-18T05:01:14.180416Z", "level": "info"}
{"task": "derivatives_oi", "event": "task_ok", "timestamp": "2025-09-18T05:01:14.180416Z", "level": "info"}
{"task": "derivatives_oi", "duration": 0.002001, "event": "task_end", "timestamp": "2025-09-18T05:01:14.181417Z", "level": "info"}
Job "task_wrapper (trigger: interval[0:05:07.070337], next run at: 2025-09-18 07:06:21 CEST)" executed successfully
{"alive": true, "rss_mb": 58.6, "cpu_percent": 0.0, "event": "heartbeat", "timestamp": "2025-09-18T05:01:22.266064Z", "level": "info"}
{"alive": true, "rss_mb": 58.6, "cpu_percent": 0.0, "event": "heartbeat", "timestamp": "2025-09-18T05:01:52.278619Z", "level": "info"}
{"alive": true, "rss_mb": 58.6, "cpu_percent": 0.0, "event": "heartbeat", "timestamp": "2025-09-18T05:02:22.289761Z", "level": "info"}
{"alive": true, "rss_mb": 58.6, "cpu_percent": 0.0, "event": "heartbeat", "timestamp": "2025-09-18T05:02:52.291637Z", "level": "info"}
{"alive": true, "rss_mb": 58.6, "cpu_percent": 0.0, "event": "heartbeat", "timestamp": "2025-09-18T05:03:22.303233Z", "level": "info"}
Running job "task_wrapper (trigger: interval[0:05:08.878330], next run at: 2025-09-18 07:08:56 CEST)" (scheduled at 2025-09-18 07:03:47.836254+02:00)
{"task": "macro", "ts": "2025-09-18T05:03:47.853099Z", "event": "task_start", "timestamp": "2025-09-18T05:03:47.853099Z", "level": "info"}
{"symbol": "bitcoin", "event": "macro_cache_hit", "timestamp": "2025-09-18T05:03:47.854098Z", "level": "info"}
{"task": "macro", "event": "task_ok", "timestamp": "2025-09-18T05:03:47.855097Z", "level": "info"}
{"task": "macro", "duration": 0.001998, "event": "task_end", "timestamp": "2025-09-18T05:03:47.855097Z", "level": "info"}
Job "task_wrapper (trigger: interval[0:05:08.878330], next run at: 2025-09-18 07:08:56 CEST)" executed successfully
{"alive": true, "rss_mb": 58.6, "cpu_percent": 0.0, "event": "heartbeat", "timestamp": "2025-09-18T05:03:52.302652Z", "level": "info"}
Running job "task_wrapper (trigger: interval[0:15:38.604368], next run at: 2025-09-18 07:19:52 CEST)" (scheduled at 2025-09-18 07:04:14.102505+02:00)
{"task": "defillama", "ts": "2025-09-18T05:04:14.113039Z", "event": "task_start", "timestamp": "2025-09-18T05:04:14.113039Z", "level": "info"}
{"chain": "ethereum", "event": "defillama_cache_hit", "timestamp": "2025-09-18T05:04:14.114034Z", "level": "info"}
{"task": "defillama", "event": "task_ok", "timestamp": "2025-09-18T05:04:14.114034Z", "level": "info"}
{"task": "defillama", "duration": 0.001995, "event": "task_end", "timestamp": "2025-09-18T05:04:14.115034Z", "level": "info"}
Job "task_wrapper (trigger: interval[0:15:38.604368], next run at: 2025-09-18 07:19:52 CEST)" executed successfully
{"alive": true, "rss_mb": 58.6, "cpu_percent": 0.0, "event": "heartbeat", "timestamp": "2025-09-18T05:04:22.331206Z", "level": "info"}
{"alive": true, "rss_mb": 58.6, "cpu_percent": 0.0, "event": "heartbeat", "timestamp": "2025-09-18T05:04:52.344100Z", "level": "info"}
{"alive": true, "rss_mb": 58.6, "cpu_percent": 0.0, "event": "heartbeat", "timestamp": "2025-09-18T05:05:22.346304Z", "level": "info"}
{"alive": true, "rss_mb": 58.6, "cpu_percent": 0.0, "event": "heartbeat", "timestamp": "2025-09-18T05:05:52.361553Z", "level": "info"}
Running job "task_wrapper (trigger: interval[0:05:03.285188], next run at: 2025-09-18 07:11:02 CEST)" (scheduled at 2025-09-18 07:05:58.996553+02:00)
{"task": "derivatives_lsr", "ts": "2025-09-18T05:05:59.002519Z", "event": "task_start", "timestamp": "2025-09-18T05:05:59.002519Z", "level": "info"}
{"symbol": "BTCUSDT", "metric": "long_short_ratio", "event": "deriv_cache_hit", "timestamp": "2025-09-18T05:05:59.003517Z", "level": "info"}
{"task": "derivatives_lsr", "event": "task_ok", "timestamp": "2025-09-18T05:05:59.004521Z", "level": "info"}
{"task": "derivatives_lsr", "duration": 0.002999, "event": "task_end", "timestamp": "2025-09-18T05:05:59.005518Z", "level": "info"}
Job "task_wrapper (trigger: interval[0:05:03.285188], next run at: 2025-09-18 07:11:02 CEST)" executed successfully
Running job "task_wrapper (trigger: interval[0:05:07.070337], next run at: 2025-09-18 07:11:28 CEST)" (scheduled at 2025-09-18 07:06:21.233177+02:00)
{"task": "derivatives_oi", "ts": "2025-09-18T05:06:21.242783Z", "event": "task_start", "timestamp": "2025-09-18T05:06:21.242783Z", "level": "info"}
{"symbol": "BTCUSDT", "event": "deriv_cache_hit", "timestamp": "2025-09-18T05:06:21.243779Z", "level": "info"}
{"task": "derivatives_oi", "event": "task_ok", "timestamp": "2025-09-18T05:06:21.244783Z", "level": "info"}
{"task": "derivatives_oi", "duration": 0.003001, "event": "task_end", "timestamp": "2025-09-18T05:06:21.245784Z", "level": "info"}
Job "task_wrapper (trigger: interval[0:05:07.070337], next run at: 2025-09-18 07:11:28 CEST)" executed successfully
{"alive": true, "rss_mb": 58.6, "cpu_percent": 0.0, "event": "heartbeat", "timestamp": "2025-09-18T05:06:22.356054Z", "level": "info"}
{"alive": true, "rss_mb": 58.6, "cpu_percent": 0.0, "event": "heartbeat", "timestamp": "2025-09-18T05:06:52.367128Z", "level": "info"}
{"alive": true, "rss_mb": 58.6, "cpu_percent": 0.0, "event": "heartbeat", "timestamp": "2025-09-18T05:07:22.376674Z", "level": "info"}
{"alive": true, "rss_mb": 58.6, "cpu_percent": 0.0, "event": "heartbeat", "timestamp": "2025-09-18T05:07:52.379670Z", "level": "info"}
{"alive": true, "rss_mb": 58.6, "cpu_percent": 0.0, "event": "heartbeat", "timestamp": "2025-09-18T05:08:22.393797Z", "level": "info"}
{"alive": true, "rss_mb": 58.6, "cpu_percent": 0.0, "event": "heartbeat", "timestamp": "2025-09-18T05:08:52.408830Z", "level": "info"}
Running job "task_wrapper (trigger: interval[0:05:08.878330], next run at: 2025-09-18 07:14:05 CEST)" (scheduled at 2025-09-18 07:08:56.714584+02:00)
{"task": "macro", "ts": "2025-09-18T05:08:56.719900Z", "event": "task_start", "timestamp": "2025-09-18T05:08:56.719900Z", "level": "info"}
{"symbol": "bitcoin", "event": "macro_cache_hit", "timestamp": "2025-09-18T05:08:56.721900Z", "level": "info"}
{"task": "macro", "event": "task_ok", "timestamp": "2025-09-18T05:08:56.721900Z", "level": "info"}
{"task": "macro", "duration": 0.002992, "event": "task_end", "timestamp": "2025-09-18T05:08:56.722892Z", "level": "info"}
Job "task_wrapper (trigger: interval[0:05:08.878330], next run at: 2025-09-18 07:14:05 CEST)" executed successfully
{"alive": true, "rss_mb": 58.6, "cpu_percent": 0.0, "event": "heartbeat", "timestamp": "2025-09-18T05:09:22.413133Z", "level": "info"}
{"alive": true, "rss_mb": 58.6, "cpu_percent": 0.0, "event": "heartbeat", "timestamp": "2025-09-18T05:09:52.417509Z", "level": "info"}
{"alive": true, "rss_mb": 58.6, "cpu_percent": 0.0, "event": "heartbeat", "timestamp": "2025-09-18T05:10:22.433579Z", "level": "info"}
{"alive": true, "rss_mb": 58.6, "cpu_percent": 0.0, "event": "heartbeat", "timestamp": "2025-09-18T05:10:52.443291Z", "level": "info"}
Running job "task_wrapper (trigger: interval[0:05:03.285188], next run at: 2025-09-18 07:16:05 CEST)" (scheduled at 2025-09-18 07:11:02.281741+02:00)
{"task": "derivatives_lsr", "ts": "2025-09-18T05:11:02.294675Z", "event": "task_start", "timestamp": "2025-09-18T05:11:02.294675Z", "level": "info"}
{"symbol": "BTCUSDT", "metric": "long_short_ratio", "event": "deriv_cache_hit", "timestamp": "2025-09-18T05:11:02.295688Z", "level": "info"}
{"task": "derivatives_lsr", "event": "task_ok", "timestamp": "2025-09-18T05:11:02.296686Z", "level": "info"}
{"task": "derivatives_lsr", "duration": 0.003013, "event": "task_end", "timestamp": "2025-09-18T05:11:02.297688Z", "level": "info"}
Job "task_wrapper (trigger: interval[0:05:03.285188], next run at: 2025-09-18 07:16:05 CEST)" executed successfully
{"alive": true, "rss_mb": 58.6, "cpu_percent": 0.0, "event": "heartbeat", "timestamp": "2025-09-18T05:11:22.460693Z", "level": "info"}
Running job "task_wrapper (trigger: interval[0:05:07.070337], next run at: 2025-09-18 07:16:35 CEST)" (scheduled at 2025-09-18 07:11:28.303514+02:00)
{"task": "derivatives_oi", "ts": "2025-09-18T05:11:28.317755Z", "event": "task_start", "timestamp": "2025-09-18T05:11:28.317755Z", "level": "info"}
{"symbol": "BTCUSDT", "event": "deriv_cache_hit", "timestamp": "2025-09-18T05:11:28.318755Z", "level": "info"}
{"task": "derivatives_oi", "event": "task_ok", "timestamp": "2025-09-18T05:11:28.319907Z", "level": "info"}
{"task": "derivatives_oi", "duration": 0.003148, "event": "task_end", "timestamp": "2025-09-18T05:11:28.320903Z", "level": "info"}
Job "task_wrapper (trigger: interval[0:05:07.070337], next run at: 2025-09-18 07:16:35 CEST)" executed successfully
Running job "task_wrapper (trigger: interval[0:29:42.286402], next run at: 2025-09-18 07:41:29 CEST)" (scheduled at 2025-09-18 07:11:47.479227+02:00)
{"task": "onchain_sopr", "ts": "2025-09-18T05:11:47.491886Z", "event": "task_start", "timestamp": "2025-09-18T05:11:47.491886Z", "level": "info"}
{"symbol": "BTC", "event": "onchain_cache_hit", "timestamp": "2025-09-18T05:11:47.492900Z", "level": "info"}
{"task": "onchain_sopr", "event": "task_ok", "timestamp": "2025-09-18T05:11:47.493899Z", "level": "info"}
{"task": "onchain_sopr", "duration": 0.003014, "event": "task_end", "timestamp": "2025-09-18T05:11:47.494900Z", "level": "info"}
Job "task_wrapper (trigger: interval[0:29:42.286402], next run at: 2025-09-18 07:41:29 CEST)" executed successfully
{"alive": true, "rss_mb": 58.6, "cpu_percent": 0.0, "event": "heartbeat", "timestamp": "2025-09-18T05:11:52.480764Z", "level": "info"}
{"alive": true, "rss_mb": 58.6, "cpu_percent": 0.0, "event": "heartbeat", "timestamp": "2025-09-18T05:12:22.495703Z", "level": "info"}
{"alive": true, "rss_mb": 58.6, "cpu_percent": 0.0, "event": "heartbeat", "timestamp": "2025-09-18T05:12:52.504757Z", "level": "info"}
{"alive": true, "rss_mb": 58.6, "cpu_percent": 0.0, "event": "heartbeat", "timestamp": "2025-09-18T05:13:22.513977Z", "level": "info"}
Running job "task_wrapper (trigger: interval[0:29:49.249948], next run at: 2025-09-18 07:43:21 CEST)" (scheduled at 2025-09-18 07:13:31.930415+02:00)
{"task": "onchain_tx", "ts": "2025-09-18T05:13:31.938391Z", "event": "task_start", "timestamp": "2025-09-18T05:13:31.938391Z", "level": "info"}
HTTP Request: GET https://api.blockchain.info/q/getblockcount "HTTP/1.1 200 OK"
{"symbol": "BTC", "source": "blockchain.info", "event": "onchain_success", "timestamp": "2025-09-18T05:13:32.494834Z", "level": "info"}
{"task": "onchain_tx", "event": "task_ok", "timestamp": "2025-09-18T05:13:32.497376Z", "level": "info"}
{"task": "onchain_tx", "duration": 0.558985, "event": "task_end", "timestamp": "2025-09-18T05:13:32.497376Z", "level": "info"}
Job "task_wrapper (trigger: interval[0:29:49.249948], next run at: 2025-09-18 07:43:21 CEST)" executed successfully
{"alive": true, "rss_mb": 58.7, "cpu_percent": 0.0, "event": "heartbeat", "timestamp": "2025-09-18T05:13:52.516855Z", "level": "info"}
Running job "task_wrapper (trigger: interval[0:05:08.878330], next run at: 2025-09-18 07:19:14 CEST)" (scheduled at 2025-09-18 07:14:05.592914+02:00)
{"task": "macro", "ts": "2025-09-18T05:14:05.602217Z", "event": "task_start", "timestamp": "2025-09-18T05:14:05.602217Z", "level": "info"}
{"symbol": "bitcoin", "event": "macro_cache_hit", "timestamp": "2025-09-18T05:14:05.603214Z", "level": "info"}
{"task": "macro", "event": "task_ok", "timestamp": "2025-09-18T05:14:05.605214Z", "level": "info"}
{"task": "macro", "duration": 0.003995, "event": "task_end", "timestamp": "2025-09-18T05:14:05.606212Z", "level": "info"}
Job "task_wrapper (trigger: interval[0:05:08.878330], next run at: 2025-09-18 07:19:14 CEST)" executed successfully
{"alive": true, "rss_mb": 58.7, "cpu_percent": 0.0, "event": "heartbeat", "timestamp": "2025-09-18T05:14:22.531468Z", "level": "info"}
{"alive": true, "rss_mb": 58.7, "cpu_percent": 0.0, "event": "heartbeat", "timestamp": "2025-09-18T05:14:52.548358Z", "level": "info"}
{"alive": true, "rss_mb": 58.7, "cpu_percent": 0.0, "event": "heartbeat", "timestamp": "2025-09-18T05:15:22.570403Z", "level": "info"}
{"alive": true, "rss_mb": 58.7, "cpu_percent": 0.0, "event": "heartbeat", "timestamp": "2025-09-18T05:15:52.585845Z", "level": "info"}
Running job "task_wrapper (trigger: interval[0:05:03.285188], next run at: 2025-09-18 07:21:08 CEST)" (scheduled at 2025-09-18 07:16:05.566929+02:00)
{"task": "derivatives_lsr", "ts": "2025-09-18T05:16:05.577727Z", "event": "task_start", "timestamp": "2025-09-18T05:16:05.577727Z", "level": "info"}
{"symbol": "BTCUSDT", "metric": "long_short_ratio", "event": "deriv_cache_hit", "timestamp": "2025-09-18T05:16:05.578727Z", "level": "info"}
{"task": "derivatives_lsr", "event": "task_ok", "timestamp": "2025-09-18T05:16:05.579725Z", "level": "info"}
{"task": "derivatives_lsr", "duration": 0.003002, "event": "task_end", "timestamp": "2025-09-18T05:16:05.580729Z", "level": "info"}
Job "task_wrapper (trigger: interval[0:05:03.285188], next run at: 2025-09-18 07:21:08 CEST)" executed successfully
{"alive": true, "rss_mb": 58.7, "cpu_percent": 0.0, "event": "heartbeat", "timestamp": "2025-09-18T05:16:22.591245Z", "level": "info"}
Running job "task_wrapper (trigger: interval[0:05:07.070337], next run at: 2025-09-18 07:21:42 CEST)" (scheduled at 2025-09-18 07:16:35.373851+02:00)
{"task": "derivatives_oi", "ts": "2025-09-18T05:16:35.383630Z", "event": "task_start", "timestamp": "2025-09-18T05:16:35.383630Z", "level": "info"}
{"symbol": "BTCUSDT", "event": "deriv_cache_hit", "timestamp": "2025-09-18T05:16:35.384624Z", "level": "info"}
{"task": "derivatives_oi", "event": "task_ok", "timestamp": "2025-09-18T05:16:35.385626Z", "level": "info"}
{"task": "derivatives_oi", "duration": 0.002996, "event": "task_end", "timestamp": "2025-09-18T05:16:35.386626Z", "level": "info"}
Job "task_wrapper (trigger: interval[0:05:07.070337], next run at: 2025-09-18 07:21:42 CEST)" executed successfully
{"alive": true, "rss_mb": 58.7, "cpu_percent": 0.0, "event": "heartbeat", "timestamp": "2025-09-18T05:16:52.599315Z", "level": "info"}
{"alive": true, "rss_mb": 58.7, "cpu_percent": 0.0, "event": "heartbeat", "timestamp": "2025-09-18T05:17:22.607120Z", "level": "info"}
{"alive": true, "rss_mb": 58.7, "cpu_percent": 0.0, "event": "heartbeat", "timestamp": "2025-09-18T05:17:52.611832Z", "level": "info"}
{"alive": true, "rss_mb": 58.7, "cpu_percent": 0.0, "event": "heartbeat", "timestamp": "2025-09-18T05:18:22.625015Z", "level": "info"}
{"alive": true, "rss_mb": 58.7, "cpu_percent": 0.0, "event": "heartbeat", "timestamp": "2025-09-18T05:18:52.638559Z", "level": "info"}
Running job "task_wrapper (trigger: interval[0:05:08.878330], next run at: 2025-09-18 07:24:23 CEST)" (scheduled at 2025-09-18 07:19:14.471244+02:00)
{"task": "macro", "ts": "2025-09-18T05:19:14.481208Z", "event": "task_start", "timestamp": "2025-09-18T05:19:14.481208Z", "level": "info"}
{"symbol": "bitcoin", "event": "macro_cache_hit", "timestamp": "2025-09-18T05:19:14.482212Z", "level": "info"}
{"task": "macro", "event": "task_ok", "timestamp": "2025-09-18T05:19:14.484205Z", "level": "info"}
{"task": "macro", "duration": 0.003998, "event": "task_end", "timestamp": "2025-09-18T05:19:14.485206Z", "level": "info"}
Job "task_wrapper (trigger: interval[0:05:08.878330], next run at: 2025-09-18 07:24:23 CEST)" executed successfully
{"alive": true, "rss_mb": 58.7, "cpu_percent": 0.0, "event": "heartbeat", "timestamp": "2025-09-18T05:19:22.636962Z", "level": "info"}
{"alive": true, "rss_mb": 58.7, "cpu_percent": 0.0, "event": "heartbeat", "timestamp": "2025-09-18T05:19:52.648735Z", "level": "info"}
Running job "task_wrapper (trigger: interval[0:15:38.604368], next run at: 2025-09-18 07:35:31 CEST)" (scheduled at 2025-09-18 07:19:52.706873+02:00)
{"task": "defillama", "ts": "2025-09-18T05:19:52.713283Z", "event": "task_start", "timestamp": "2025-09-18T05:19:52.713283Z", "level": "info"}
{"chain": "ethereum", "event": "defillama_cache_hit", "timestamp": "2025-09-18T05:19:52.714286Z", "level": "info"}
{"task": "defillama", "event": "task_ok", "timestamp": "2025-09-18T05:19:52.715282Z", "level": "info"}
{"task": "defillama", "duration": 0.002997, "event": "task_end", "timestamp": "2025-09-18T05:19:52.716280Z", "level": "info"}
Job "task_wrapper (trigger: interval[0:15:38.604368], next run at: 2025-09-18 07:35:31 CEST)" executed successfully
{"alive": true, "rss_mb": 58.7, "cpu_percent": 0.0, "event": "heartbeat", "timestamp": "2025-09-18T05:20:22.663718Z", "level": "info"}
{"alive": true, "rss_mb": 58.7, "cpu_percent": 0.0, "event": "heartbeat", "timestamp": "2025-09-18T05:20:52.673216Z", "level": "info"}
Running job "task_wrapper (trigger: interval[0:05:03.285188], next run at: 2025-09-18 07:26:12 CEST)" (scheduled at 2025-09-18 07:21:08.852117+02:00)
{"task": "derivatives_lsr", "ts": "2025-09-18T05:21:08.876851Z", "event": "task_start", "timestamp": "2025-09-18T05:21:08.876851Z", "level": "info"}
{"symbol": "BTCUSDT", "metric": "long_short_ratio", "event": "deriv_cache_hit", "timestamp": "2025-09-18T05:21:08.878848Z", "level": "info"}
{"task": "derivatives_lsr", "event": "task_ok", "timestamp": "2025-09-18T05:21:08.879851Z", "level": "info"}
{"task": "derivatives_lsr", "duration": 0.004009, "event": "task_end", "timestamp": "2025-09-18T05:21:08.880860Z", "level": "info"}
Job "task_wrapper (trigger: interval[0:05:03.285188], next run at: 2025-09-18 07:26:12 CEST)" executed successfully
{"alive": true, "rss_mb": 58.7, "cpu_percent": 0.0, "event": "heartbeat", "timestamp": "2025-09-18T05:21:22.681037Z", "level": "info"}
Running job "task_wrapper (trigger: interval[0:05:07.070337], next run at: 2025-09-18 07:26:49 CEST)" (scheduled at 2025-09-18 07:21:42.444188+02:00)
{"task": "derivatives_oi", "ts": "2025-09-18T05:21:42.453463Z", "event": "task_start", "timestamp": "2025-09-18T05:21:42.453463Z", "level": "info"}
{"symbol": "BTCUSDT", "event": "deriv_cache_hit", "timestamp": "2025-09-18T05:21:42.454464Z", "level": "info"}
{"task": "derivatives_oi", "event": "task_ok", "timestamp": "2025-09-18T05:21:42.455465Z", "level": "info"}
{"task": "derivatives_oi", "duration": 0.003, "event": "task_end", "timestamp": "2025-09-18T05:21:42.456463Z", "level": "info"}
Job "task_wrapper (trigger: interval[0:05:07.070337], next run at: 2025-09-18 07:26:49 CEST)" executed successfully
{"alive": true, "rss_mb": 58.7, "cpu_percent": 0.0, "event": "heartbeat", "timestamp": "2025-09-18T05:21:52.676606Z", "level": "info"}
{"alive": true, "rss_mb": 58.6, "cpu_percent": 0.0, "event": "heartbeat", "timestamp": "2025-09-18T05:22:22.691392Z", "level": "info"}
{"alive": true, "rss_mb": 58.6, "cpu_percent": 0.0, "event": "heartbeat", "timestamp": "2025-09-18T05:22:52.694729Z", "level": "info"}
Running job "task_wrapper (trigger: interval[0:28:33.563456], next run at: 2025-09-18 07:51:43 CEST)" (scheduled at 2025-09-18 07:23:10.197498+02:00)
{"task": "onchain_hashrate", "ts": "2025-09-18T05:23:10.206851Z", "event": "task_start", "timestamp": "2025-09-18T05:23:10.206851Z", "level": "info"}
HTTP Request: GET https://api.blockchain.info/q/hashrate "HTTP/1.1 200 OK"
{"symbol": "BTC", "source": "blockchain.info", "event": "onchain_success", "timestamp": "2025-09-18T05:23:10.888956Z", "level": "info"}
{"task": "onchain_hashrate", "event": "task_ok", "timestamp": "2025-09-18T05:23:10.890955Z", "level": "info"}
{"task": "onchain_hashrate", "duration": 0.684104, "event": "task_end", "timestamp": "2025-09-18T05:23:10.890955Z", "level": "info"}
Job "task_wrapper (trigger: interval[0:28:33.563456], next run at: 2025-09-18 07:51:43 CEST)" executed successfully
{"alive": true, "rss_mb": 58.7, "cpu_percent": 0.0, "event": "heartbeat", "timestamp": "2025-09-18T05:23:22.697015Z", "level": "info"}
{"alive": true, "rss_mb": 58.7, "cpu_percent": 0.0, "event": "heartbeat", "timestamp": "2025-09-18T05:23:52.702646Z", "level": "info"}
{"alive": true, "rss_mb": 58.7, "cpu_percent": 0.0, "event": "heartbeat", "timestamp": "2025-09-18T05:24:22.706241Z", "level": "info"}
Running job "task_wrapper (trigger: interval[0:05:08.878330], next run at: 2025-09-18 07:29:32 CEST)" (scheduled at 2025-09-18 07:24:23.349574+02:00)
{"task": "macro", "ts": "2025-09-18T05:24:23.367176Z", "event": "task_start", "timestamp": "2025-09-18T05:24:23.367176Z", "level": "info"}
{"symbol": "bitcoin", "event": "macro_cache_hit", "timestamp": "2025-09-18T05:24:23.368178Z", "level": "info"}
{"task": "macro", "event": "task_ok", "timestamp": "2025-09-18T05:24:23.369179Z", "level": "info"}
{"task": "macro", "duration": 0.002003, "event": "task_end", "timestamp": "2025-09-18T05:24:23.369179Z", "level": "info"}
Job "task_wrapper (trigger: interval[0:05:08.878330], next run at: 2025-09-18 07:29:32 CEST)" executed successfully
{"alive": true, "rss_mb": 58.7, "cpu_percent": 0.0, "event": "heartbeat", "timestamp": "2025-09-18T05:24:52.714341Z", "level": "info"}
{"alive": true, "rss_mb": 58.7, "cpu_percent": 0.0, "event": "heartbeat", "timestamp": "2025-09-18T05:25:22.716892Z", "level": "info"}
{"alive": true, "rss_mb": 58.7, "cpu_percent": 0.0, "event": "heartbeat", "timestamp": "2025-09-18T05:25:52.720096Z", "level": "info"}
Running job "task_wrapper (trigger: interval[0:05:03.285188], next run at: 2025-09-18 07:31:15 CEST)" (scheduled at 2025-09-18 07:26:12.137305+02:00)
{"task": "derivatives_lsr", "ts": "2025-09-18T05:26:12.158526Z", "event": "task_start", "timestamp": "2025-09-18T05:26:12.158526Z", "level": "info"}
{"symbol": "BTCUSDT", "metric": "long_short_ratio", "event": "deriv_cache_hit", "timestamp": "2025-09-18T05:26:12.159531Z", "level": "info"}
{"task": "derivatives_lsr", "event": "task_ok", "timestamp": "2025-09-18T05:26:12.160526Z", "level": "info"}
{"task": "derivatives_lsr", "duration": 0.002851, "event": "task_end", "timestamp": "2025-09-18T05:26:12.161377Z", "level": "info"}
Job "task_wrapper (trigger: interval[0:05:03.285188], next run at: 2025-09-18 07:31:15 CEST)" executed successfully
{"alive": true, "rss_mb": 58.7, "cpu_percent": 0.0, "event": "heartbeat", "timestamp": "2025-09-18T05:26:22.717727Z", "level": "info"}
Running job "task_wrapper (trigger: interval[0:05:07.070337], next run at: 2025-09-18 07:31:56 CEST)" (scheduled at 2025-09-18 07:26:49.514525+02:00)
{"task": "derivatives_oi", "ts": "2025-09-18T05:26:49.530621Z", "event": "task_start", "timestamp": "2025-09-18T05:26:49.530621Z", "level": "info"}
{"symbol": "BTCUSDT", "event": "deriv_cache_hit", "timestamp": "2025-09-18T05:26:49.532623Z", "level": "info"}
{"task": "derivatives_oi", "event": "task_ok", "timestamp": "2025-09-18T05:26:49.533620Z", "level": "info"}
{"task": "derivatives_oi", "duration": 0.003994, "event": "task_end", "timestamp": "2025-09-18T05:26:49.534615Z", "level": "info"}
Job "task_wrapper (trigger: interval[0:05:07.070337], next run at: 2025-09-18 07:31:56 CEST)" executed successfully
{"alive": true, "rss_mb": 58.7, "cpu_percent": 0.0, "event": "heartbeat", "timestamp": "2025-09-18T05:26:52.738799Z", "level": "info"}
{"alive": true, "rss_mb": 58.7, "cpu_percent": 0.0, "event": "heartbeat", "timestamp": "2025-09-18T05:27:22.740577Z", "level": "info"}
{"alive": true, "rss_mb": 58.7, "cpu_percent": 0.0, "event": "heartbeat", "timestamp": "2025-09-18T05:27:52.746362Z", "level": "info"}
{"alive": true, "rss_mb": 58.7, "cpu_percent": 0.0, "event": "heartbeat", "timestamp": "2025-09-18T05:28:22.758081Z", "level": "info"}
{"alive": true, "rss_mb": 58.7, "cpu_percent": 0.0, "event": "heartbeat", "timestamp": "2025-09-18T05:28:52.765774Z", "level": "info"}
{"alive": true, "rss_mb": 58.7, "cpu_percent": 0.0, "event": "heartbeat", "timestamp": "2025-09-18T05:29:22.777700Z", "level": "info"}
Running job "task_wrapper (trigger: interval[0:05:08.878330], next run at: 2025-09-18 07:34:41 CEST)" (scheduled at 2025-09-18 07:29:32.227904+02:00)
{"task": "macro", "ts": "2025-09-18T05:29:32.238053Z", "event": "task_start", "timestamp": "2025-09-18T05:29:32.238053Z", "level": "info"}
{"symbol": "bitcoin", "event": "macro_cache_hit", "timestamp": "2025-09-18T05:29:32.239056Z", "level": "info"}
{"task": "macro", "event": "task_ok", "timestamp": "2025-09-18T05:29:32.240059Z", "level": "info"}
{"task": "macro", "duration": 0.003002, "event": "task_end", "timestamp": "2025-09-18T05:29:32.241055Z", "level": "info"}
Job "task_wrapper (trigger: interval[0:05:08.878330], next run at: 2025-09-18 07:34:41 CEST)" executed successfully
{"alive": true, "rss_mb": 58.7, "cpu_percent": 0.0, "event": "heartbeat", "timestamp": "2025-09-18T05:29:52.790381Z", "level": "info"}
{"alive": true, "rss_mb": 58.7, "cpu_percent": 0.0, "event": "heartbeat", "timestamp": "2025-09-18T05:30:22.803385Z", "level": "info"}
{"alive": true, "rss_mb": 58.7, "cpu_percent": 0.0, "event": "heartbeat", "timestamp": "2025-09-18T05:30:52.807045Z", "level": "info"}
Running job "task_wrapper (trigger: interval[0:05:03.285188], next run at: 2025-09-18 07:36:18 CEST)" (scheduled at 2025-09-18 07:31:15.422493+02:00)
{"task": "derivatives_lsr", "ts": "2025-09-18T05:31:15.435271Z", "event": "task_start", "timestamp": "2025-09-18T05:31:15.435271Z", "level": "info"}
{"symbol": "BTCUSDT", "metric": "long_short_ratio", "event": "deriv_cache_hit", "timestamp": "2025-09-18T05:31:15.437268Z", "level": "info"}
{"task": "derivatives_lsr", "event": "task_ok", "timestamp": "2025-09-18T05:31:15.438268Z", "level": "info"}
{"task": "derivatives_lsr", "duration": 0.002997, "event": "task_end", "timestamp": "2025-09-18T05:31:15.439268Z", "level": "info"}
Job "task_wrapper (trigger: interval[0:05:03.285188], next run at: 2025-09-18 07:36:18 CEST)" executed successfully
{"alive": true, "rss_mb": 58.7, "cpu_percent": 0.0, "event": "heartbeat", "timestamp": "2025-09-18T05:31:22.810584Z", "level": "info"}
{"alive": true, "rss_mb": 58.7, "cpu_percent": 0.0, "event": "heartbeat", "timestamp": "2025-09-18T05:31:52.813437Z", "level": "info"}
Running job "task_wrapper (trigger: interval[0:05:07.070337], next run at: 2025-09-18 07:37:03 CEST)" (scheduled at 2025-09-18 07:31:56.584862+02:00)
{"task": "derivatives_oi", "ts": "2025-09-18T05:31:56.605638Z", "event": "task_start", "timestamp": "2025-09-18T05:31:56.605638Z", "level": "info"}
{"symbol": "BTCUSDT", "event": "deriv_cache_hit", "timestamp": "2025-09-18T05:31:56.606647Z", "level": "info"}
{"task": "derivatives_oi", "event": "task_ok", "timestamp": "2025-09-18T05:31:56.607641Z", "level": "info"}
{"task": "derivatives_oi", "duration": 0.003013, "event": "task_end", "timestamp": "2025-09-18T05:31:56.608651Z", "level": "info"}
Job "task_wrapper (trigger: interval[0:05:07.070337], next run at: 2025-09-18 07:37:03 CEST)" executed successfully
{"alive": true, "rss_mb": 58.7, "cpu_percent": 0.0, "event": "heartbeat", "timestamp": "2025-09-18T05:32:22.823881Z", "level": "info"}
{"alive": true, "rss_mb": 58.7, "cpu_percent": 0.0, "event": "heartbeat", "timestamp": "2025-09-18T05:32:52.838984Z", "level": "info"}
{"alive": true, "rss_mb": 58.7, "cpu_percent": 0.0, "event": "heartbeat", "timestamp": "2025-09-18T05:33:22.856530Z", "level": "info"}
{"alive": true, "rss_mb": 58.6, "cpu_percent": 0.0, "event": "heartbeat", "timestamp": "2025-09-18T15:13:20.187888Z", "level": "info"}
Run time of job "task_wrapper (trigger: interval[0:05:08.878330], next run at: 2025-09-18 17:16:24 CEST)" was missed by 0:02:04.752889
Run time of job "task_wrapper (trigger: interval[0:15:38.604368], next run at: 2025-09-18 17:14:19 CEST)" was missed by 0:14:39.232406
Running job "task_wrapper (trigger: interval[0:05:03.285188], next run at: 2025-09-18 17:17:36 CEST)" (scheduled at 2025-09-18 17:12:33.219113+02:00)
{"task": "derivatives_lsr", "ts": "2025-09-18T15:13:20.396657Z", "event": "task_start", "timestamp": "2025-09-18T15:13:20.396657Z", "level": "info"}
Run time of job "task_wrapper (trigger: interval[0:05:07.070337], next run at: 2025-09-18 17:15:22 CEST)" was missed by 0:03:06.043256
Run time of job "task_wrapper (trigger: interval[0:29:42.286402], next run at: 2025-09-18 17:35:35 CEST)" was missed by 0:07:28.411585
Run time of job "task_wrapper (trigger: interval[0:29:49.249948], next run at: 2025-09-18 17:39:46 CEST)" was missed by 0:03:24.726161
Run time of job "task_wrapper (trigger: interval[0:59:55.343029], next run at: 2025-09-18 17:44:49 CEST)" was missed by 0:28:27.660858
Run time of job "task_wrapper (trigger: interval[0:28:33.563456], next run at: 2025-09-18 17:22:55 CEST)" was missed by 0:19:00.238600
HTTP Request: GET https://api.bybit.com/v5/market/account-ratio?category=linear&symbol=BTCUSDT&period=5min "HTTP/1.1 200 OK"
{"symbol": "BTCUSDT", "metric": "long_short_ratio", "source": "bybit", "event": "deriv_success", "timestamp": "2025-09-18T15:13:22.025529Z", "level": "info"}
{"task": "derivatives_lsr", "event": "task_ok", "timestamp": "2025-09-18T15:13:22.041131Z", "level": "info"}
{"task": "derivatives_lsr", "duration": 1.65454, "event": "task_end", "timestamp": "2025-09-18T15:13:22.051197Z", "level": "info"}
Job "task_wrapper (trigger: interval[0:05:03.285188], next run at: 2025-09-18 17:17:36 CEST)" executed successfully
{"alive": true, "rss_mb": 58.8, "cpu_percent": 0.0, "event": "heartbeat", "timestamp": "2025-09-18T15:13:50.231716Z", "level": "info"}
Running job "task_wrapper (trigger: interval[0:15:38.604368], next run at: 2025-09-18 17:29:58 CEST)" (scheduled at 2025-09-18 17:14:19.672857+02:00)
{"task": "defillama", "ts": "2025-09-18T15:14:19.679583Z", "event": "task_start", "timestamp": "2025-09-18T15:14:19.679583Z", "level": "info"}
HTTP Request: GET https://api.llama.fi/v2/chains "HTTP/1.1 200 OK"
{"alive": true, "rss_mb": 59.0, "cpu_percent": 0.0, "event": "heartbeat", "timestamp": "2025-09-18T15:14:20.237481Z", "level": "info"}
HTTP Request: GET https://api.llama.fi/v2/chains "HTTP/1.1 200 OK"
HTTP Request: GET https://api.llama.fi/v2/historicalChainTvl/Ethereum "HTTP/1.1 200 OK"
{"tvlPrevDay": 95557728402.0, "tvlPrevWeek": 93199264888.0, "tvlPrevMonth": 85988849775.0, "event": "defillama_historical_calculated", "timestamp": "2025-09-18T15:14:21.596803Z", "level": "info"}
{"chain": "ethereum", "has_valid_historical": true, "event": "defillama_success", "timestamp": "2025-09-18T15:14:21.598798Z", "level": "info"}
{"task": "defillama", "event": "task_ok", "timestamp": "2025-09-18T15:14:21.599800Z", "level": "info"}
{"task": "defillama", "duration": 1.921213, "event": "task_end", "timestamp": "2025-09-18T15:14:21.600796Z", "level": "info"}
Job "task_wrapper (trigger: interval[0:15:38.604368], next run at: 2025-09-18 17:29:58 CEST)" executed successfully
{"alive": true, "rss_mb": 59.5, "cpu_percent": 0.0, "event": "heartbeat", "timestamp": "2025-09-18T15:14:50.251500Z", "level": "info"}
{"alive": true, "rss_mb": 59.5, "cpu_percent": 0.0, "event": "heartbeat", "timestamp": "2025-09-18T15:15:20.240730Z", "level": "info"}
Running job "task_wrapper (trigger: interval[0:05:07.070337], next run at: 2025-09-18 17:20:29 CEST)" (scheduled at 2025-09-18 17:15:22.603280+02:00)
{"task": "derivatives_oi", "ts": "2025-09-18T15:15:22.617953Z", "event": "task_start", "timestamp": "2025-09-18T15:15:22.617953Z", "level": "info"}
{"symbol": "BTCUSDT", "event": "deriv_cache_hit", "timestamp": "2025-09-18T15:15:22.619954Z", "level": "info"}
{"task": "derivatives_oi", "event": "task_ok", "timestamp": "2025-09-18T15:15:22.620952Z", "level": "info"}
{"task": "derivatives_oi", "duration": 0.002999, "event": "task_end", "timestamp": "2025-09-18T15:15:22.620952Z", "level": "info"}
Job "task_wrapper (trigger: interval[0:05:07.070337], next run at: 2025-09-18 17:20:29 CEST)" executed successfully
{"alive": true, "rss_mb": 59.5, "cpu_percent": 0.0, "event": "heartbeat", "timestamp": "2025-09-18T15:15:50.246740Z", "level": "info"}
{"alive": true, "rss_mb": 59.5, "cpu_percent": 0.0, "event": "heartbeat", "timestamp": "2025-09-18T15:16:20.240090Z", "level": "info"}
Running job "task_wrapper (trigger: interval[0:05:08.878330], next run at: 2025-09-18 17:21:33 CEST)" (scheduled at 2025-09-18 17:16:24.357524+02:00)
{"task": "macro", "ts": "2025-09-18T15:16:24.362000Z", "event": "task_start", "timestamp": "2025-09-18T15:16:24.362000Z", "level": "info"}
{"symbol": "bitcoin", "event": "macro_cache_hit", "timestamp": "2025-09-18T15:16:24.363025Z", "level": "info"}
{"task": "macro", "event": "task_ok", "timestamp": "2025-09-18T15:16:24.364022Z", "level": "info"}
{"task": "macro", "duration": 0.003021, "event": "task_end", "timestamp": "2025-09-18T15:16:24.365021Z", "level": "info"}
Job "task_wrapper (trigger: interval[0:05:08.878330], next run at: 2025-09-18 17:21:33 CEST)" executed successfully
{"alive": true, "rss_mb": 59.3, "cpu_percent": 0.0, "event": "heartbeat", "timestamp": "2025-09-18T15:16:50.246366Z", "level": "info"}
{"alive": true, "rss_mb": 59.3, "cpu_percent": 0.0, "event": "heartbeat", "timestamp": "2025-09-18T15:17:20.244733Z", "level": "info"}
Running job "task_wrapper (trigger: interval[0:05:03.285188], next run at: 2025-09-18 17:22:39 CEST)" (scheduled at 2025-09-18 17:17:36.504301+02:00)
{"task": "derivatives_lsr", "ts": "2025-09-18T15:17:36.508130Z", "event": "task_start", "timestamp": "2025-09-18T15:17:36.508130Z", "level": "info"}
{"symbol": "BTCUSDT", "metric": "long_short_ratio", "event": "deriv_cache_hit", "timestamp": "2025-09-18T15:17:36.509641Z", "level": "info"}
{"task": "derivatives_lsr", "event": "task_ok", "timestamp": "2025-09-18T15:17:36.510651Z", "level": "info"}
{"task": "derivatives_lsr", "duration": 0.00352, "event": "task_end", "timestamp": "2025-09-18T15:17:36.511650Z", "level": "info"}
Job "task_wrapper (trigger: interval[0:05:03.285188], next run at: 2025-09-18 17:22:39 CEST)" executed successfully
{"alive": true, "rss_mb": 59.3, "cpu_percent": 0.0, "event": "heartbeat", "timestamp": "2025-09-18T15:17:50.249285Z", "level": "info"}
{"alive": true, "rss_mb": 59.3, "cpu_percent": 0.0, "event": "heartbeat", "timestamp": "2025-09-18T15:18:20.259229Z", "level": "info"}
{"alive": true, "rss_mb": 59.3, "cpu_percent": 0.0, "event": "heartbeat", "timestamp": "2025-09-18T15:18:50.262015Z", "level": "info"}
{"alive": true, "rss_mb": 59.3, "cpu_percent": 0.0, "event": "heartbeat", "timestamp": "2025-09-18T15:19:20.260739Z", "level": "info"}
{"alive": true, "rss_mb": 59.3, "cpu_percent": 0.0, "event": "heartbeat", "timestamp": "2025-09-18T15:19:50.276579Z", "level": "info"}
{"alive": true, "rss_mb": 59.3, "cpu_percent": 0.0, "event": "heartbeat", "timestamp": "2025-09-18T15:20:20.306050Z", "level": "info"}
Running job "task_wrapper (trigger: interval[0:05:07.070337], next run at: 2025-09-18 17:25:36 CEST)" (scheduled at 2025-09-18 17:20:29.673617+02:00)
{"task": "derivatives_oi", "ts": "2025-09-18T15:20:29.675780Z", "event": "task_start", "timestamp": "2025-09-18T15:20:29.675780Z", "level": "info"}
{"symbol": "BTCUSDT", "event": "deriv_cache_hit", "timestamp": "2025-09-18T15:20:29.676804Z", "level": "info"}
{"task": "derivatives_oi", "event": "task_ok", "timestamp": "2025-09-18T15:20:29.677803Z", "level": "info"}
{"task": "derivatives_oi", "duration": 0.00302, "event": "task_end", "timestamp": "2025-09-18T15:20:29.678800Z", "level": "info"}
Job "task_wrapper (trigger: interval[0:05:07.070337], next run at: 2025-09-18 17:25:36 CEST)" executed successfully
{"alive": true, "rss_mb": 59.3, "cpu_percent": 0.0, "event": "heartbeat", "timestamp": "2025-09-18T15:20:50.333458Z", "level": "info"}
{"alive": true, "rss_mb": 59.3, "cpu_percent": 0.0, "event": "heartbeat", "timestamp": "2025-09-18T15:21:20.325406Z", "level": "info"}
Running job "task_wrapper (trigger: interval[0:05:08.878330], next run at: 2025-09-18 17:26:42 CEST)" (scheduled at 2025-09-18 17:21:33.235854+02:00)
{"task": "macro", "ts": "2025-09-18T15:21:33.242392Z", "event": "task_start", "timestamp": "2025-09-18T15:21:33.242392Z", "level": "info"}
{"symbol": "bitcoin", "event": "macro_cache_hit", "timestamp": "2025-09-18T15:21:33.243908Z", "level": "info"}
{"task": "macro", "event": "task_ok", "timestamp": "2025-09-18T15:21:33.244918Z", "level": "info"}
{"task": "macro", "duration": 0.003528, "event": "task_end", "timestamp": "2025-09-18T15:21:33.245920Z", "level": "info"}
Job "task_wrapper (trigger: interval[0:05:08.878330], next run at: 2025-09-18 17:26:42 CEST)" executed successfully
{"alive": true, "rss_mb": 59.3, "cpu_percent": 0.0, "event": "heartbeat", "timestamp": "2025-09-18T15:21:50.327150Z", "level": "info"}
{"alive": true, "rss_mb": 59.3, "cpu_percent": 0.0, "event": "heartbeat", "timestamp": "2025-09-18T15:22:20.339810Z", "level": "info"}
Running job "task_wrapper (trigger: interval[0:05:03.285188], next run at: 2025-09-18 17:27:43 CEST)" (scheduled at 2025-09-18 17:22:39.789489+02:00)
{"task": "derivatives_lsr", "ts": "2025-09-18T15:22:39.794641Z", "event": "task_start", "timestamp": "2025-09-18T15:22:39.794641Z", "level": "info"}
{"symbol": "BTCUSDT", "metric": "long_short_ratio", "event": "deriv_cache_hit", "timestamp": "2025-09-18T15:22:39.795629Z", "level": "info"}
{"task": "derivatives_lsr", "event": "task_ok", "timestamp": "2025-09-18T15:22:39.796638Z", "level": "info"}
{"task": "derivatives_lsr", "duration": 0.00299, "event": "task_end", "timestamp": "2025-09-18T15:22:39.797631Z", "level": "info"}
Job "task_wrapper (trigger: interval[0:05:03.285188], next run at: 2025-09-18 17:27:43 CEST)" executed successfully
{"alive": true, "rss_mb": 59.3, "cpu_percent": 0.0, "event": "heartbeat", "timestamp": "2025-09-18T15:22:50.354564Z", "level": "info"}
Running job "task_wrapper (trigger: interval[0:28:33.563456], next run at: 2025-09-18 17:51:28 CEST)" (scheduled at 2025-09-18 17:22:55.030074+02:00)
{"task": "onchain_hashrate", "ts": "2025-09-18T15:22:55.045052Z", "event": "task_start", "timestamp": "2025-09-18T15:22:55.045052Z", "level": "info"}
{"symbol": "BTC", "event": "onchain_cache_hit", "timestamp": "2025-09-18T15:22:55.046045Z", "level": "info"}
{"task": "onchain_hashrate", "event": "task_ok", "timestamp": "2025-09-18T15:22:55.047588Z", "level": "info"}
{"task": "onchain_hashrate", "duration": 0.003546, "event": "task_end", "timestamp": "2025-09-18T15:22:55.048598Z", "level": "info"}
Job "task_wrapper (trigger: interval[0:28:33.563456], next run at: 2025-09-18 17:51:28 CEST)" executed successfully
{"alive": true, "rss_mb": 59.3, "cpu_percent": 0.0, "event": "heartbeat", "timestamp": "2025-09-18T15:23:20.356662Z", "level": "info"}
{"alive": true, "rss_mb": 59.3, "cpu_percent": 0.0, "event": "heartbeat", "timestamp": "2025-09-18T15:23:50.363056Z", "level": "info"}
{"alive": true, "rss_mb": 59.3, "cpu_percent": 0.0, "event": "heartbeat", "timestamp": "2025-09-18T15:24:20.381376Z", "level": "info"}
{"alive": true, "rss_mb": 59.3, "cpu_percent": 0.0, "event": "heartbeat", "timestamp": "2025-09-18T15:24:50.396064Z", "level": "info"}
{"alive": true, "rss_mb": 59.3, "cpu_percent": 0.0, "event": "heartbeat", "timestamp": "2025-09-18T15:25:20.405138Z", "level": "info"}
Running job "task_wrapper (trigger: interval[0:05:07.070337], next run at: 2025-09-18 17:30:43 CEST)" (scheduled at 2025-09-18 17:25:36.743954+02:00)
{"task": "derivatives_oi", "ts": "2025-09-18T15:25:36.757343Z", "event": "task_start", "timestamp": "2025-09-18T15:25:36.757343Z", "level": "info"}
{"symbol": "BTCUSDT", "event": "deriv_cache_hit", "timestamp": "2025-09-18T15:25:36.758868Z", "level": "info"}
{"task": "derivatives_oi", "event": "task_ok", "timestamp": "2025-09-18T15:25:36.759881Z", "level": "info"}
{"task": "derivatives_oi", "duration": 0.00354, "event": "task_end", "timestamp": "2025-09-18T15:25:36.760883Z", "level": "info"}
Job "task_wrapper (trigger: interval[0:05:07.070337], next run at: 2025-09-18 17:30:43 CEST)" executed successfully
{"alive": true, "rss_mb": 59.3, "cpu_percent": 0.0, "event": "heartbeat", "timestamp": "2025-09-18T15:25:50.421073Z", "level": "info"}
{"alive": true, "rss_mb": 59.3, "cpu_percent": 0.0, "event": "heartbeat", "timestamp": "2025-09-18T15:26:20.427231Z", "level": "info"}
Running job "task_wrapper (trigger: interval[0:05:08.878330], next run at: 2025-09-18 17:31:50 CEST)" (scheduled at 2025-09-18 17:26:42.114184+02:00)
{"task": "macro", "ts": "2025-09-18T15:26:42.128893Z", "event": "task_start", "timestamp": "2025-09-18T15:26:42.128893Z", "level": "info"}
{"symbol": "bitcoin", "event": "macro_cache_hit", "timestamp": "2025-09-18T15:26:42.130918Z", "level": "info"}
{"task": "macro", "event": "task_ok", "timestamp": "2025-09-18T15:26:42.132407Z", "level": "info"}
{"task": "macro", "duration": 0.004529, "event": "task_end", "timestamp": "2025-09-18T15:26:42.133422Z", "level": "info"}
Job "task_wrapper (trigger: interval[0:05:08.878330], next run at: 2025-09-18 17:31:50 CEST)" executed successfully
{"alive": true, "rss_mb": 59.3, "cpu_percent": 0.0, "event": "heartbeat", "timestamp": "2025-09-18T15:26:50.425465Z", "level": "info"}
{"alive": true, "rss_mb": 59.3, "cpu_percent": 0.0, "event": "heartbeat", "timestamp": "2025-09-18T15:27:20.439787Z", "level": "info"}
Running job "task_wrapper (trigger: interval[0:05:03.285188], next run at: 2025-09-18 17:32:46 CEST)" (scheduled at 2025-09-18 17:27:43.074677+02:00)
{"task": "derivatives_lsr", "ts": "2025-09-18T15:27:43.081864Z", "event": "task_start", "timestamp": "2025-09-18T15:27:43.081864Z", "level": "info"}
{"symbol": "BTCUSDT", "metric": "long_short_ratio", "event": "deriv_cache_hit", "timestamp": "2025-09-18T15:27:43.082864Z", "level": "info"}
{"task": "derivatives_lsr", "event": "task_ok", "timestamp": "2025-09-18T15:27:43.084864Z", "level": "info"}
{"task": "derivatives_lsr", "duration": 0.004, "event": "task_end", "timestamp": "2025-09-18T15:27:43.085864Z", "level": "info"}
Job "task_wrapper (trigger: interval[0:05:03.285188], next run at: 2025-09-18 17:32:46 CEST)" executed successfully
{"alive": true, "rss_mb": 59.3, "cpu_percent": 0.0, "event": "heartbeat", "timestamp": "2025-09-18T15:27:50.453388Z", "level": "info"}
{"alive": true, "rss_mb": 59.3, "cpu_percent": 0.0, "event": "heartbeat", "timestamp": "2025-09-18T15:28:20.464454Z", "level": "info"}
{"alive": true, "rss_mb": 59.3, "cpu_percent": 0.0, "event": "heartbeat", "timestamp": "2025-09-18T15:28:50.473409Z", "level": "info"}
{"alive": true, "rss_mb": 59.3, "cpu_percent": 0.0, "event": "heartbeat", "timestamp": "2025-09-18T15:29:20.490139Z", "level": "info"}
{"alive": true, "rss_mb": 59.3, "cpu_percent": 0.0, "event": "heartbeat", "timestamp": "2025-09-18T15:29:50.501547Z", "level": "info"}
Running job "task_wrapper (trigger: interval[0:15:38.604368], next run at: 2025-09-18 17:45:36 CEST)" (scheduled at 2025-09-18 17:29:58.277225+02:00)
{"task": "defillama", "ts": "2025-09-18T15:29:58.295309Z", "event": "task_start", "timestamp": "2025-09-18T15:29:58.295309Z", "level": "info"}
HTTP Request: GET https://api.llama.fi/v2/chains "HTTP/1.1 200 OK"
HTTP Request: GET https://api.llama.fi/v2/chains "HTTP/1.1 200 OK"
HTTP Request: GET https://api.llama.fi/v2/historicalChainTvl/Ethereum "HTTP/1.1 200 OK"
{"tvlPrevDay": 95557728402.0, "tvlPrevWeek": 93199264888.0, "tvlPrevMonth": 85988849775.0, "event": "defillama_historical_calculated", "timestamp": "2025-09-18T15:30:00.059607Z", "level": "info"}
{"chain": "ethereum", "has_valid_historical": true, "event": "defillama_success", "timestamp": "2025-09-18T15:30:00.062627Z", "level": "info"}
{"task": "defillama", "event": "task_ok", "timestamp": "2025-09-18T15:30:00.064594Z", "level": "info"}
{"task": "defillama", "duration": 1.771294, "event": "task_end", "timestamp": "2025-09-18T15:30:00.066603Z", "level": "info"}
Job "task_wrapper (trigger: interval[0:15:38.604368], next run at: 2025-09-18 17:45:36 CEST)" executed successfully
{"alive": true, "rss_mb": 59.6, "cpu_percent": 0.0, "event": "heartbeat", "timestamp": "2025-09-18T15:30:20.509783Z", "level": "info"}
Running job "task_wrapper (trigger: interval[0:05:07.070337], next run at: 2025-09-18 17:35:50 CEST)" (scheduled at 2025-09-18 17:30:43.814291+02:00)
{"task": "derivatives_oi", "ts": "2025-09-18T15:30:43.822207Z", "event": "task_start", "timestamp": "2025-09-18T15:30:43.822207Z", "level": "info"}
{"symbol": "BTCUSDT", "event": "deriv_cache_hit", "timestamp": "2025-09-18T15:30:43.823206Z", "level": "info"}
{"task": "derivatives_oi", "event": "task_ok", "timestamp": "2025-09-18T15:30:43.824206Z", "level": "info"}
{"task": "derivatives_oi", "duration": 0.002997, "event": "task_end", "timestamp": "2025-09-18T15:30:43.825204Z", "level": "info"}
Job "task_wrapper (trigger: interval[0:05:07.070337], next run at: 2025-09-18 17:35:50 CEST)" executed successfully
{"alive": true, "rss_mb": 59.6, "cpu_percent": 0.0, "event": "heartbeat", "timestamp": "2025-09-18T15:30:50.515631Z", "level": "info"}
{"alive": true, "rss_mb": 59.6, "cpu_percent": 0.0, "event": "heartbeat", "timestamp": "2025-09-18T15:31:20.536485Z", "level": "info"}
{"alive": true, "rss_mb": 59.5, "cpu_percent": 0.0, "event": "heartbeat", "timestamp": "2025-09-18T15:31:50.546371Z", "level": "info"}
Running job "task_wrapper (trigger: interval[0:05:08.878330], next run at: 2025-09-18 17:36:59 CEST)" (scheduled at 2025-09-18 17:31:50.992514+02:00)
{"task": "macro", "ts": "2025-09-18T15:31:51.003800Z", "event": "task_start", "timestamp": "2025-09-18T15:31:51.003800Z", "level": "info"}
{"symbol": "bitcoin", "event": "macro_cache_hit", "timestamp": "2025-09-18T15:31:51.005792Z", "level": "info"}
{"task": "macro", "event": "task_ok", "timestamp": "2025-09-18T15:31:51.006792Z", "level": "info"}
{"task": "macro", "duration": 0.004002, "event": "task_end", "timestamp": "2025-09-18T15:31:51.008802Z", "level": "info"}
Job "task_wrapper (trigger: interval[0:05:08.878330], next run at: 2025-09-18 17:36:59 CEST)" executed successfully
{"alive": true, "rss_mb": 59.5, "cpu_percent": 0.0, "event": "heartbeat", "timestamp": "2025-09-18T15:32:20.549213Z", "level": "info"}
Running job "task_wrapper (trigger: interval[0:05:03.285188], next run at: 2025-09-18 17:37:49 CEST)" (scheduled at 2025-09-18 17:32:46.359865+02:00)
{"task": "derivatives_lsr", "ts": "2025-09-18T15:32:46.373708Z", "event": "task_start", "timestamp": "2025-09-18T15:32:46.373708Z", "level": "info"}
{"symbol": "BTCUSDT", "metric": "long_short_ratio", "event": "deriv_cache_hit", "timestamp": "2025-09-18T15:32:46.375711Z", "level": "info"}
{"task": "derivatives_lsr", "event": "task_ok", "timestamp": "2025-09-18T15:32:46.377705Z", "level": "info"}
{"task": "derivatives_lsr", "duration": 0.005, "event": "task_end", "timestamp": "2025-09-18T15:32:46.378708Z", "level": "info"}
Job "task_wrapper (trigger: interval[0:05:03.285188], next run at: 2025-09-18 17:37:49 CEST)" executed successfully
{"alive": true, "rss_mb": 59.5, "cpu_percent": 0.0, "event": "heartbeat", "timestamp": "2025-09-18T15:32:50.566738Z", "level": "info"}
{"alive": true, "rss_mb": 59.5, "cpu_percent": 0.0, "event": "heartbeat", "timestamp": "2025-09-18T15:33:20.572820Z", "level": "info"}
{"alive": true, "rss_mb": 59.5, "cpu_percent": 0.0, "event": "heartbeat", "timestamp": "2025-09-18T15:33:50.583896Z", "level": "info"}
{"alive": true, "rss_mb": 59.5, "cpu_percent": 0.0, "event": "heartbeat", "timestamp": "2025-09-18T15:34:20.579339Z", "level": "info"}
{"alive": true, "rss_mb": 59.5, "cpu_percent": 0.0, "event": "heartbeat", "timestamp": "2025-09-18T15:34:50.588372Z", "level": "info"}
{"alive": true, "rss_mb": 59.5, "cpu_percent": 0.0, "event": "heartbeat", "timestamp": "2025-09-18T15:35:20.605553Z", "level": "info"}
Running job "task_wrapper (trigger: interval[0:29:42.286402], next run at: 2025-09-18 18:05:17 CEST)" (scheduled at 2025-09-18 17:35:35.493669+02:00)
{"task": "onchain_sopr", "ts": "2025-09-18T15:35:35.500548Z", "event": "task_start", "timestamp": "2025-09-18T15:35:35.500548Z", "level": "info"}
{"symbol": "BTC", "event": "onchain_cache_hit", "timestamp": "2025-09-18T15:35:35.501543Z", "level": "info"}
{"task": "onchain_sopr", "event": "task_ok", "timestamp": "2025-09-18T15:35:35.503072Z", "level": "info"}
{"task": "onchain_sopr", "duration": 0.002524, "event": "task_end", "timestamp": "2025-09-18T15:35:35.503072Z", "level": "info"}
Job "task_wrapper (trigger: interval[0:29:42.286402], next run at: 2025-09-18 18:05:17 CEST)" executed successfully
{"alive": true, "rss_mb": 59.5, "cpu_percent": 0.0, "event": "heartbeat", "timestamp": "2025-09-18T15:35:50.618709Z", "level": "info"}
Running job "task_wrapper (trigger: interval[0:05:07.070337], next run at: 2025-09-18 17:40:57 CEST)" (scheduled at 2025-09-18 17:35:50.884628+02:00)
{"task": "derivatives_oi", "ts": "2025-09-18T15:35:50.899775Z", "event": "task_start", "timestamp": "2025-09-18T15:35:50.899775Z", "level": "info"}
{"symbol": "BTCUSDT", "event": "deriv_cache_hit", "timestamp": "2025-09-18T15:35:50.900778Z", "level": "info"}
{"task": "derivatives_oi", "event": "task_ok", "timestamp": "2025-09-18T15:35:50.902775Z", "level": "info"}
{"task": "derivatives_oi", "duration": 0.003, "event": "task_end", "timestamp": "2025-09-18T15:35:50.902775Z", "level": "info"}
Job "task_wrapper (trigger: interval[0:05:07.070337], next run at: 2025-09-18 17:40:57 CEST)" executed successfully
{"alive": true, "rss_mb": 59.5, "cpu_percent": 0.0, "event": "heartbeat", "timestamp": "2025-09-18T15:36:20.617124Z", "level": "info"}
{"alive": true, "rss_mb": 59.5, "cpu_percent": 0.0, "event": "heartbeat", "timestamp": "2025-09-18T15:36:50.631372Z", "level": "info"}
Running job "task_wrapper (trigger: interval[0:05:08.878330], next run at: 2025-09-18 17:42:08 CEST)" (scheduled at 2025-09-18 17:36:59.870844+02:00)
{"task": "macro", "ts": "2025-09-18T15:36:59.880369Z", "event": "task_start", "timestamp": "2025-09-18T15:36:59.880369Z", "level": "info"}
{"symbol": "bitcoin", "event": "macro_cache_hit", "timestamp": "2025-09-18T15:36:59.881318Z", "level": "info"}
{"task": "macro", "event": "task_ok", "timestamp": "2025-09-18T15:36:59.882347Z", "level": "info"}
{"task": "macro", "duration": 0.00298, "event": "task_end", "timestamp": "2025-09-18T15:36:59.883349Z", "level": "info"}
Job "task_wrapper (trigger: interval[0:05:08.878330], next run at: 2025-09-18 17:42:08 CEST)" executed successfully
{"alive": true, "rss_mb": 59.5, "cpu_percent": 0.0, "event": "heartbeat", "timestamp": "2025-09-18T15:37:20.647069Z", "level": "info"}
Running job "task_wrapper (trigger: interval[0:05:03.285188], next run at: 2025-09-18 17:42:52 CEST)" (scheduled at 2025-09-18 17:37:49.645053+02:00)
{"task": "derivatives_lsr", "ts": "2025-09-18T15:37:49.652914Z", "event": "task_start", "timestamp": "2025-09-18T15:37:49.652914Z", "level": "info"}
{"symbol": "BTCUSDT", "metric": "long_short_ratio", "event": "deriv_cache_hit", "timestamp": "2025-09-18T15:37:49.653912Z", "level": "info"}
{"task": "derivatives_lsr", "event": "task_ok", "timestamp": "2025-09-18T15:37:49.654921Z", "level": "info"}
{"task": "derivatives_lsr", "duration": 0.003998, "event": "task_end", "timestamp": "2025-09-18T15:37:49.656912Z", "level": "info"}
Job "task_wrapper (trigger: interval[0:05:03.285188], next run at: 2025-09-18 17:42:52 CEST)" executed successfully
{"alive": true, "rss_mb": 59.5, "cpu_percent": 0.0, "event": "heartbeat", "timestamp": "2025-09-18T15:37:50.646992Z", "level": "info"}
{"alive": true, "rss_mb": 59.5, "cpu_percent": 0.0, "event": "heartbeat", "timestamp": "2025-09-18T15:38:20.657581Z", "level": "info"}
{"alive": true, "rss_mb": 59.5, "cpu_percent": 0.0, "event": "heartbeat", "timestamp": "2025-09-18T15:38:50.663407Z", "level": "info"}
{"alive": true, "rss_mb": 59.5, "cpu_percent": 0.0, "event": "heartbeat", "timestamp": "2025-09-18T15:39:20.675011Z", "level": "info"}
Running job "task_wrapper (trigger: interval[0:29:49.249948], next run at: 2025-09-18 18:09:35 CEST)" (scheduled at 2025-09-18 17:39:46.179323+02:00)
{"task": "onchain_tx", "ts": "2025-09-18T15:39:46.188573Z", "event": "task_start", "timestamp": "2025-09-18T15:39:46.188573Z", "level": "info"}
{"symbol": "BTC", "event": "onchain_cache_hit", "timestamp": "2025-09-18T15:39:46.189571Z", "level": "info"}
{"task": "onchain_tx", "event": "task_ok", "timestamp": "2025-09-18T15:39:46.190561Z", "level": "info"}
{"task": "onchain_tx", "duration": 0.002796, "event": "task_end", "timestamp": "2025-09-18T15:39:46.191369Z", "level": "info"}
Job "task_wrapper (trigger: interval[0:29:49.249948], next run at: 2025-09-18 18:09:35 CEST)" executed successfully
{"alive": true, "rss_mb": 59.5, "cpu_percent": 0.0, "event": "heartbeat", "timestamp": "2025-09-18T15:39:50.686419Z", "level": "info"}
{"alive": true, "rss_mb": 59.5, "cpu_percent": 0.0, "event": "heartbeat", "timestamp": "2025-09-18T15:40:20.697800Z", "level": "info"}
{"alive": true, "rss_mb": 59.5, "cpu_percent": 0.0, "event": "heartbeat", "timestamp": "2025-09-18T15:40:50.709738Z", "level": "info"}
Running job "task_wrapper (trigger: interval[0:05:07.070337], next run at: 2025-09-18 17:46:05 CEST)" (scheduled at 2025-09-18 17:40:57.954965+02:00)
{"task": "derivatives_oi", "ts": "2025-09-18T15:40:57.968225Z", "event": "task_start", "timestamp": "2025-09-18T15:40:57.968225Z", "level": "info"}
{"symbol": "BTCUSDT", "event": "deriv_cache_hit", "timestamp": "2025-09-18T15:40:57.969223Z", "level": "info"}
{"task": "derivatives_oi", "event": "task_ok", "timestamp": "2025-09-18T15:40:57.970218Z", "level": "info"}
{"task": "derivatives_oi", "duration": 0.003001, "event": "task_end", "timestamp": "2025-09-18T15:40:57.971226Z", "level": "info"}
Job "task_wrapper (trigger: interval[0:05:07.070337], next run at: 2025-09-18 17:46:05 CEST)" executed successfully
{"alive": true, "rss_mb": 59.5, "cpu_percent": 0.0, "event": "heartbeat", "timestamp": "2025-09-18T15:41:20.713128Z", "level": "info"}
{"alive": true, "rss_mb": 59.5, "cpu_percent": 0.0, "event": "heartbeat", "timestamp": "2025-09-18T15:41:50.723416Z", "level": "info"}
Running job "task_wrapper (trigger: interval[0:05:08.878330], next run at: 2025-09-18 17:47:17 CEST)" (scheduled at 2025-09-18 17:42:08.749174+02:00)
{"task": "macro", "ts": "2025-09-18T15:42:08.767916Z", "event": "task_start", "timestamp": "2025-09-18T15:42:08.767916Z", "level": "info"}
{"symbol": "bitcoin", "event": "macro_cache_hit", "timestamp": "2025-09-18T15:42:08.768916Z", "level": "info"}
{"task": "macro", "event": "task_ok", "timestamp": "2025-09-18T15:42:08.769918Z", "level": "info"}
{"task": "macro", "duration": 0.003002, "event": "task_end", "timestamp": "2025-09-18T15:42:08.770918Z", "level": "info"}
Job "task_wrapper (trigger: interval[0:05:08.878330], next run at: 2025-09-18 17:47:17 CEST)" executed successfully
{"alive": true, "rss_mb": 59.5, "cpu_percent": 0.0, "event": "heartbeat", "timestamp": "2025-09-18T15:42:20.722109Z", "level": "info"}
{"alive": true, "rss_mb": 59.5, "cpu_percent": 0.0, "event": "heartbeat", "timestamp": "2025-09-18T15:42:50.728053Z", "level": "info"}
Running job "task_wrapper (trigger: interval[0:05:03.285188], next run at: 2025-09-18 17:47:56 CEST)" (scheduled at 2025-09-18 17:42:52.930241+02:00)
{"task": "derivatives_lsr", "ts": "2025-09-18T15:42:52.941625Z", "event": "task_start", "timestamp": "2025-09-18T15:42:52.941625Z", "level": "info"}
{"symbol": "BTCUSDT", "metric": "long_short_ratio", "event": "deriv_cache_hit", "timestamp": "2025-09-18T15:42:52.942706Z", "level": "info"}
{"task": "derivatives_lsr", "event": "task_ok", "timestamp": "2025-09-18T15:42:52.943722Z", "level": "info"}
{"task": "derivatives_lsr", "duration": 0.003117, "event": "task_end", "timestamp": "2025-09-18T15:42:52.944742Z", "level": "info"}
Job "task_wrapper (trigger: interval[0:05:03.285188], next run at: 2025-09-18 17:47:56 CEST)" executed successfully
{"alive": true, "rss_mb": 59.5, "cpu_percent": 0.0, "event": "heartbeat", "timestamp": "2025-09-18T15:43:20.736396Z", "level": "info"}
{"alive": true, "rss_mb": 59.5, "cpu_percent": 0.0, "event": "heartbeat", "timestamp": "2025-09-18T15:43:50.746241Z", "level": "info"}
{"alive": true, "rss_mb": 59.5, "cpu_percent": 0.0, "event": "heartbeat", "timestamp": "2025-09-18T15:44:20.764379Z", "level": "info"}
Running job "task_wrapper (trigger: interval[0:59:55.343029], next run at: 2025-09-18 18:44:44 CEST)" (scheduled at 2025-09-18 17:44:49.360719+02:00)
{"task": "sentiment_fg", "ts": "2025-09-18T15:44:49.374420Z", "event": "task_start", "timestamp": "2025-09-18T15:44:49.374420Z", "level": "info"}
{"metric": "fear_greed", "event": "sentiment_cache_hit", "timestamp": "2025-09-18T15:44:49.375421Z", "level": "info"}
{"task": "sentiment_fg", "event": "task_ok", "timestamp": "2025-09-18T15:44:49.375742Z", "level": "info"}
{"task": "sentiment_fg", "duration": 0.002334, "event": "task_end", "timestamp": "2025-09-18T15:44:49.376754Z", "level": "info"}
Job "task_wrapper (trigger: interval[0:59:55.343029], next run at: 2025-09-18 18:44:44 CEST)" executed successfully
{"alive": true, "rss_mb": 59.5, "cpu_percent": 0.0, "event": "heartbeat", "timestamp": "2025-09-18T15:44:50.779285Z", "level": "info"}
{"alive": true, "rss_mb": 59.5, "cpu_percent": 0.0, "event": "heartbeat", "timestamp": "2025-09-18T15:45:20.803490Z", "level": "info"}
Running job "task_wrapper (trigger: interval[0:15:38.604368], next run at: 2025-09-18 18:01:15 CEST)" (scheduled at 2025-09-18 17:45:36.881593+02:00)
{"task": "defillama", "ts": "2025-09-18T15:45:36.903734Z", "event": "task_start", "timestamp": "2025-09-18T15:45:36.903734Z", "level": "info"}
{"chain": "ethereum", "event": "defillama_cache_hit", "timestamp": "2025-09-18T15:45:36.904735Z", "level": "info"}
{"task": "defillama", "event": "task_ok", "timestamp": "2025-09-18T15:45:36.905733Z", "level": "info"}
{"task": "defillama", "duration": 0.003006, "event": "task_end", "timestamp": "2025-09-18T15:45:36.906740Z", "level": "info"}
Job "task_wrapper (trigger: interval[0:15:38.604368], next run at: 2025-09-18 18:01:15 CEST)" executed successfully
{"alive": true, "rss_mb": 59.5, "cpu_percent": 0.0, "event": "heartbeat", "timestamp": "2025-09-18T15:45:50.802114Z", "level": "info"}
Running job "task_wrapper (trigger: interval[0:05:07.070337], next run at: 2025-09-18 17:51:12 CEST)" (scheduled at 2025-09-18 17:46:05.025302+02:00)
{"task": "derivatives_oi", "ts": "2025-09-18T15:46:05.045848Z", "event": "task_start", "timestamp": "2025-09-18T15:46:05.045848Z", "level": "info"}
{"symbol": "BTCUSDT", "event": "deriv_cache_hit", "timestamp": "2025-09-18T15:46:05.046850Z", "level": "info"}
{"task": "derivatives_oi", "event": "task_ok", "timestamp": "2025-09-18T15:46:05.047844Z", "level": "info"}
{"task": "derivatives_oi", "duration": 0.002995, "event": "task_end", "timestamp": "2025-09-18T15:46:05.048843Z", "level": "info"}
Job "task_wrapper (trigger: interval[0:05:07.070337], next run at: 2025-09-18 17:51:12 CEST)" executed successfully
{"alive": true, "rss_mb": 59.5, "cpu_percent": 0.0, "event": "heartbeat", "timestamp": "2025-09-18T15:46:20.808978Z", "level": "info"}
{"alive": true, "rss_mb": 59.5, "cpu_percent": 0.0, "event": "heartbeat", "timestamp": "2025-09-18T15:46:50.814852Z", "level": "info"}
Running job "task_wrapper (trigger: interval[0:05:08.878330], next run at: 2025-09-18 17:52:26 CEST)" (scheduled at 2025-09-18 17:47:17.627504+02:00)
{"task": "macro", "ts": "2025-09-18T15:47:17.649753Z", "event": "task_start", "timestamp": "2025-09-18T15:47:17.649753Z", "level": "info"}
{"symbol": "bitcoin", "event": "macro_cache_hit", "timestamp": "2025-09-18T15:47:17.651746Z", "level": "info"}
{"task": "macro", "event": "task_ok", "timestamp": "2025-09-18T15:47:17.652746Z", "level": "info"}
{"task": "macro", "duration": 0.003983, "event": "task_end", "timestamp": "2025-09-18T15:47:17.653736Z", "level": "info"}
Job "task_wrapper (trigger: interval[0:05:08.878330], next run at: 2025-09-18 17:52:26 CEST)" executed successfully
{"alive": true, "rss_mb": 59.5, "cpu_percent": 0.0, "event": "heartbeat", "timestamp": "2025-09-18T15:47:20.830263Z", "level": "info"}
{"alive": true, "rss_mb": 59.5, "cpu_percent": 0.0, "event": "heartbeat", "timestamp": "2025-09-18T15:47:50.837572Z", "level": "info"}
Running job "task_wrapper (trigger: interval[0:05:03.285188], next run at: 2025-09-18 17:52:59 CEST)" (scheduled at 2025-09-18 17:47:56.215429+02:00)
{"task": "derivatives_lsr", "ts": "2025-09-18T15:47:56.228710Z", "event": "task_start", "timestamp": "2025-09-18T15:47:56.228710Z", "level": "info"}
{"symbol": "BTCUSDT", "metric": "long_short_ratio", "event": "deriv_cache_hit", "timestamp": "2025-09-18T15:47:56.229024Z", "level": "info"}
{"task": "derivatives_lsr", "event": "task_ok", "timestamp": "2025-09-18T15:47:56.230050Z", "level": "info"}
{"task": "derivatives_lsr", "duration": 0.002326, "event": "task_end", "timestamp": "2025-09-18T15:47:56.231036Z", "level": "info"}
Job "task_wrapper (trigger: interval[0:05:03.285188], next run at: 2025-09-18 17:52:59 CEST)" executed successfully
{"alive": true, "rss_mb": 59.5, "cpu_percent": 0.0, "event": "heartbeat", "timestamp": "2025-09-18T15:48:20.850952Z", "level": "info"}
{"alive": true, "rss_mb": 59.5, "cpu_percent": 0.0, "event": "heartbeat", "timestamp": "2025-09-18T15:48:50.862699Z", "level": "info"}
{"alive": true, "rss_mb": 59.5, "cpu_percent": 0.0, "event": "heartbeat", "timestamp": "2025-09-18T15:49:20.869927Z", "level": "info"}
{"alive": true, "rss_mb": 59.5, "cpu_percent": 0.0, "event": "heartbeat", "timestamp": "2025-09-18T15:49:50.879826Z", "level": "info"}
{"alive": true, "rss_mb": 59.5, "cpu_percent": 0.0, "event": "heartbeat", "timestamp": "2025-09-18T15:50:20.872810Z", "level": "info"}
{"alive": true, "rss_mb": 59.5, "cpu_percent": 0.0, "event": "heartbeat", "timestamp": "2025-09-18T15:50:50.884150Z", "level": "info"}
Running job "task_wrapper (trigger: interval[0:05:07.070337], next run at: 2025-09-18 17:56:19 CEST)" (scheduled at 2025-09-18 17:51:12.095639+02:00)
{"task": "derivatives_oi", "ts": "2025-09-18T15:51:12.101170Z", "event": "task_start", "timestamp": "2025-09-18T15:51:12.101170Z", "level": "info"}
{"symbol": "BTCUSDT", "event": "deriv_cache_hit", "timestamp": "2025-09-18T15:51:12.103167Z", "level": "info"}
{"task": "derivatives_oi", "event": "task_ok", "timestamp": "2025-09-18T15:51:12.104167Z", "level": "info"}
{"task": "derivatives_oi", "duration": 0.003994, "event": "task_end", "timestamp": "2025-09-18T15:51:12.105164Z", "level": "info"}
Job "task_wrapper (trigger: interval[0:05:07.070337], next run at: 2025-09-18 17:56:19 CEST)" executed successfully
{"alive": true, "rss_mb": 59.5, "cpu_percent": 0.0, "event": "heartbeat", "timestamp": "2025-09-18T15:51:20.871451Z", "level": "info"}
Running job "task_wrapper (trigger: interval[0:28:33.563456], next run at: 2025-09-18 18:20:02 CEST)" (scheduled at 2025-09-18 17:51:28.593530+02:00)
{"task": "onchain_hashrate", "ts": "2025-09-18T15:51:28.595139Z", "event": "task_start", "timestamp": "2025-09-18T15:51:28.595139Z", "level": "info"}
HTTP Request: GET https://api.blockchain.info/q/hashrate "HTTP/1.1 200 OK"
{"symbol": "BTC", "source": "blockchain.info", "event": "onchain_success", "timestamp": "2025-09-18T15:51:29.142535Z", "level": "info"}
{"task": "onchain_hashrate", "event": "task_ok", "timestamp": "2025-09-18T15:51:29.143513Z", "level": "info"}
{"task": "onchain_hashrate", "duration": 0.549477, "event": "task_end", "timestamp": "2025-09-18T15:51:29.144616Z", "level": "info"}
Job "task_wrapper (trigger: interval[0:28:33.563456], next run at: 2025-09-18 18:20:02 CEST)" executed successfully
{"alive": true, "rss_mb": 60.4, "cpu_percent": 0.0, "event": "heartbeat", "timestamp": "2025-09-18T15:51:50.886934Z", "level": "info"}
{"alive": true, "rss_mb": 60.4, "cpu_percent": 0.0, "event": "heartbeat", "timestamp": "2025-09-18T15:52:20.904368Z", "level": "info"}
Running job "task_wrapper (trigger: interval[0:05:08.878330], next run at: 2025-09-18 17:57:35 CEST)" (scheduled at 2025-09-18 17:52:26.505834+02:00)
{"task": "macro", "ts": "2025-09-18T15:52:26.523243Z", "event": "task_start", "timestamp": "2025-09-18T15:52:26.523243Z", "level": "info"}
{"symbol": "bitcoin", "event": "macro_cache_hit", "timestamp": "2025-09-18T15:52:26.524237Z", "level": "info"}
{"task": "macro", "event": "task_ok", "timestamp": "2025-09-18T15:52:26.525243Z", "level": "info"}
{"task": "macro", "duration": 0.003013, "event": "task_end", "timestamp": "2025-09-18T15:52:26.526256Z", "level": "info"}
Job "task_wrapper (trigger: interval[0:05:08.878330], next run at: 2025-09-18 17:57:35 CEST)" executed successfully
{"alive": true, "rss_mb": 60.4, "cpu_percent": 0.0, "event": "heartbeat", "timestamp": "2025-09-18T15:52:50.916288Z", "level": "info"}
Running job "task_wrapper (trigger: interval[0:05:03.285188], next run at: 2025-09-18 17:58:02 CEST)" (scheduled at 2025-09-18 17:52:59.500617+02:00)
{"task": "derivatives_lsr", "ts": "2025-09-18T15:52:59.506948Z", "event": "task_start", "timestamp": "2025-09-18T15:52:59.506948Z", "level": "info"}
{"symbol": "BTCUSDT", "metric": "long_short_ratio", "event": "deriv_cache_hit", "timestamp": "2025-09-18T15:52:59.508948Z", "level": "info"}
{"task": "derivatives_lsr", "event": "task_ok", "timestamp": "2025-09-18T15:52:59.509954Z", "level": "info"}
{"task": "derivatives_lsr", "duration": 0.004016, "event": "task_end", "timestamp": "2025-09-18T15:52:59.510964Z", "level": "info"}
Job "task_wrapper (trigger: interval[0:05:03.285188], next run at: 2025-09-18 17:58:02 CEST)" executed successfully
{"alive": true, "rss_mb": 60.4, "cpu_percent": 0.0, "event": "heartbeat", "timestamp": "2025-09-18T15:53:20.926317Z", "level": "info"}
{"alive": true, "rss_mb": 60.4, "cpu_percent": 0.0, "event": "heartbeat", "timestamp": "2025-09-18T15:53:50.933242Z", "level": "info"}
{"alive": true, "rss_mb": 60.4, "cpu_percent": 0.0, "event": "heartbeat", "timestamp": "2025-09-18T15:54:20.962141Z", "level": "info"}
{"alive": true, "rss_mb": 60.4, "cpu_percent": 0.0, "event": "heartbeat", "timestamp": "2025-09-18T15:54:50.970583Z", "level": "info"}
{"alive": true, "rss_mb": 60.4, "cpu_percent": 0.0, "event": "heartbeat", "timestamp": "2025-09-18T15:55:20.974906Z", "level": "info"}
{"alive": true, "rss_mb": 60.4, "cpu_percent": 0.0, "event": "heartbeat", "timestamp": "2025-09-18T15:55:50.979880Z", "level": "info"}
Running job "task_wrapper (trigger: interval[0:05:07.070337], next run at: 2025-09-18 18:01:26 CEST)" (scheduled at 2025-09-18 17:56:19.165976+02:00)
{"task": "derivatives_oi", "ts": "2025-09-18T15:56:19.168773Z", "event": "task_start", "timestamp": "2025-09-18T15:56:19.168773Z", "level": "info"}
{"symbol": "BTCUSDT", "event": "deriv_cache_hit", "timestamp": "2025-09-18T15:56:19.169779Z", "level": "info"}
{"task": "derivatives_oi", "event": "task_ok", "timestamp": "2025-09-18T15:56:19.170774Z", "level": "info"}
{"task": "derivatives_oi", "duration": 0.002001, "event": "task_end", "timestamp": "2025-09-18T15:56:19.170774Z", "level": "info"}
Job "task_wrapper (trigger: interval[0:05:07.070337], next run at: 2025-09-18 18:01:26 CEST)" executed successfully
{"alive": true, "rss_mb": 60.4, "cpu_percent": 0.0, "event": "heartbeat", "timestamp": "2025-09-18T15:56:20.996355Z", "level": "info"}
{"alive": true, "rss_mb": 60.4, "cpu_percent": 0.0, "event": "heartbeat", "timestamp": "2025-09-18T15:56:51.002941Z", "level": "info"}
{"alive": true, "rss_mb": 60.4, "cpu_percent": 0.0, "event": "heartbeat", "timestamp": "2025-09-18T15:57:21.025886Z", "level": "info"}
Running job "task_wrapper (trigger: interval[0:05:08.878330], next run at: 2025-09-18 18:02:44 CEST)" (scheduled at 2025-09-18 17:57:35.384164+02:00)
{"task": "macro", "ts": "2025-09-18T15:57:35.401495Z", "event": "task_start", "timestamp": "2025-09-18T15:57:35.401495Z", "level": "info"}
{"symbol": "bitcoin", "event": "macro_cache_hit", "timestamp": "2025-09-18T15:57:35.403446Z", "level": "info"}
{"task": "macro", "event": "task_ok", "timestamp": "2025-09-18T15:57:35.404451Z", "level": "info"}
{"task": "macro", "duration": 0.003953, "event": "task_end", "timestamp": "2025-09-18T15:57:35.405448Z", "level": "info"}
Job "task_wrapper (trigger: interval[0:05:08.878330], next run at: 2025-09-18 18:02:44 CEST)" executed successfully
{"alive": true, "rss_mb": 60.4, "cpu_percent": 0.0, "event": "heartbeat", "timestamp": "2025-09-18T15:57:51.035335Z", "level": "info"}
Running job "task_wrapper (trigger: interval[0:05:03.285188], next run at: 2025-09-18 18:03:06 CEST)" (scheduled at 2025-09-18 17:58:02.785805+02:00)
{"task": "derivatives_lsr", "ts": "2025-09-18T15:58:02.794091Z", "event": "task_start", "timestamp": "2025-09-18T15:58:02.794091Z", "level": "info"}
{"symbol": "BTCUSDT", "metric": "long_short_ratio", "event": "deriv_cache_hit", "timestamp": "2025-09-18T15:58:02.795094Z", "level": "info"}
{"task": "derivatives_lsr", "event": "task_ok", "timestamp": "2025-09-18T15:58:02.796092Z", "level": "info"}
{"task": "derivatives_lsr", "duration": 0.003006, "event": "task_end", "timestamp": "2025-09-18T15:58:02.797097Z", "level": "info"}
Job "task_wrapper (trigger: interval[0:05:03.285188], next run at: 2025-09-18 18:03:06 CEST)" executed successfully
{"alive": true, "rss_mb": 60.4, "cpu_percent": 0.0, "event": "heartbeat", "timestamp": "2025-09-18T15:58:21.046166Z", "level": "info"}
{"alive": true, "rss_mb": 60.4, "cpu_percent": 0.0, "event": "heartbeat", "timestamp": "2025-09-18T15:58:51.052445Z", "level": "info"}
{"alive": true, "rss_mb": 60.4, "cpu_percent": 0.0, "event": "heartbeat", "timestamp": "2025-09-18T15:59:21.060989Z", "level": "info"}
{"alive": true, "rss_mb": 60.4, "cpu_percent": 0.0, "event": "heartbeat", "timestamp": "2025-09-18T15:59:51.063436Z", "level": "info"}
{"alive": true, "rss_mb": 60.4, "cpu_percent": 0.0, "event": "heartbeat", "timestamp": "2025-09-18T16:00:21.065706Z", "level": "info"}
{"alive": true, "rss_mb": 60.4, "cpu_percent": 0.0, "event": "heartbeat", "timestamp": "2025-09-18T16:00:51.080205Z", "level": "info"}
Running job "task_wrapper (trigger: interval[0:15:38.604368], next run at: 2025-09-18 18:16:54 CEST)" (scheduled at 2025-09-18 18:01:15.485961+02:00)
{"task": "defillama", "ts": "2025-09-18T16:01:15.497874Z", "event": "task_start", "timestamp": "2025-09-18T16:01:15.497874Z", "level": "info"}
{"chain": "ethereum", "event": "defillama_cache_hit", "timestamp": "2025-09-18T16:01:15.498871Z", "level": "info"}
{"task": "defillama", "event": "task_ok", "timestamp": "2025-09-18T16:01:15.499870Z", "level": "info"}
{"task": "defillama", "duration": 0.002995, "event": "task_end", "timestamp": "2025-09-18T16:01:15.500869Z", "level": "info"}
Job "task_wrapper (trigger: interval[0:15:38.604368], next run at: 2025-09-18 18:16:54 CEST)" executed successfully
{"alive": true, "rss_mb": 60.4, "cpu_percent": 0.0, "event": "heartbeat", "timestamp": "2025-09-18T16:01:21.104116Z", "level": "info"}
Running job "task_wrapper (trigger: interval[0:05:07.070337], next run at: 2025-09-18 18:06:33 CEST)" (scheduled at 2025-09-18 18:01:26.236313+02:00)
{"task": "derivatives_oi", "ts": "2025-09-18T16:01:26.252176Z", "event": "task_start", "timestamp": "2025-09-18T16:01:26.252176Z", "level": "info"}
{"symbol": "BTCUSDT", "event": "deriv_cache_hit", "timestamp": "2025-09-18T16:01:26.253175Z", "level": "info"}
{"task": "derivatives_oi", "event": "task_ok", "timestamp": "2025-09-18T16:01:26.254176Z", "level": "info"}
{"task": "derivatives_oi", "duration": 0.003001, "event": "task_end", "timestamp": "2025-09-18T16:01:26.255177Z", "level": "info"}
Job "task_wrapper (trigger: interval[0:05:07.070337], next run at: 2025-09-18 18:06:33 CEST)" executed successfully
{"alive": true, "rss_mb": 60.4, "cpu_percent": 0.0, "event": "heartbeat", "timestamp": "2025-09-18T16:01:51.126262Z", "level": "info"}
{"alive": true, "rss_mb": 60.3, "cpu_percent": 0.0, "event": "heartbeat", "timestamp": "2025-09-18T16:02:21.127548Z", "level": "info"}
Running job "task_wrapper (trigger: interval[0:05:08.878330], next run at: 2025-09-18 18:07:53 CEST)" (scheduled at 2025-09-18 18:02:44.262494+02:00)
{"task": "macro", "ts": "2025-09-18T16:02:44.271351Z", "event": "task_start", "timestamp": "2025-09-18T16:02:44.271351Z", "level": "info"}
{"symbol": "bitcoin", "event": "macro_cache_hit", "timestamp": "2025-09-18T16:02:44.272356Z", "level": "info"}
{"task": "macro", "event": "task_ok", "timestamp": "2025-09-18T16:02:44.273359Z", "level": "info"}
{"task": "macro", "duration": 0.002008, "event": "task_end", "timestamp": "2025-09-18T16:02:44.273359Z", "level": "info"}
Job "task_wrapper (trigger: interval[0:05:08.878330], next run at: 2025-09-18 18:07:53 CEST)" executed successfully
{"alive": true, "rss_mb": 60.3, "cpu_percent": 0.0, "event": "heartbeat", "timestamp": "2025-09-18T16:02:51.139538Z", "level": "info"}
Running job "task_wrapper (trigger: interval[0:05:03.285188], next run at: 2025-09-18 18:08:09 CEST)" (scheduled at 2025-09-18 18:03:06.070993+02:00)
{"task": "derivatives_lsr", "ts": "2025-09-18T16:03:06.079632Z", "event": "task_start", "timestamp": "2025-09-18T16:03:06.079632Z", "level": "info"}
{"symbol": "BTCUSDT", "metric": "long_short_ratio", "event": "deriv_cache_hit", "timestamp": "2025-09-18T16:03:06.080631Z", "level": "info"}
{"task": "derivatives_lsr", "event": "task_ok", "timestamp": "2025-09-18T16:03:06.082634Z", "level": "info"}
{"task": "derivatives_lsr", "duration": 0.004015, "event": "task_end", "timestamp": "2025-09-18T16:03:06.083647Z", "level": "info"}
Job "task_wrapper (trigger: interval[0:05:03.285188], next run at: 2025-09-18 18:08:09 CEST)" executed successfully
{"alive": true, "rss_mb": 60.3, "cpu_percent": 0.0, "event": "heartbeat", "timestamp": "2025-09-18T16:03:21.146741Z", "level": "info"}
{"alive": true, "rss_mb": 60.3, "cpu_percent": 0.0, "event": "heartbeat", "timestamp": "2025-09-18T16:03:51.160266Z", "level": "info"}
{"alive": true, "rss_mb": 60.3, "cpu_percent": 0.0, "event": "heartbeat", "timestamp": "2025-09-18T16:04:21.177662Z", "level": "info"}
{"alive": true, "rss_mb": 60.3, "cpu_percent": 0.0, "event": "heartbeat", "timestamp": "2025-09-18T16:04:51.186419Z", "level": "info"}
Running job "task_wrapper (trigger: interval[0:29:42.286402], next run at: 2025-09-18 18:35:00 CEST)" (scheduled at 2025-09-18 18:05:17.780071+02:00)
{"task": "onchain_sopr", "ts": "2025-09-18T16:05:17.787019Z", "event": "task_start", "timestamp": "2025-09-18T16:05:17.787019Z", "level": "info"}
{"symbol": "BTC", "event": "onchain_cache_hit", "timestamp": "2025-09-18T16:05:17.788025Z", "level": "info"}
{"task": "onchain_sopr", "event": "task_ok", "timestamp": "2025-09-18T16:05:17.789017Z", "level": "info"}
{"task": "onchain_sopr", "duration": 0.002999, "event": "task_end", "timestamp": "2025-09-18T16:05:17.790018Z", "level": "info"}
Job "task_wrapper (trigger: interval[0:29:42.286402], next run at: 2025-09-18 18:35:00 CEST)" executed successfully
{"alive": true, "rss_mb": 60.3, "cpu_percent": 0.0, "event": "heartbeat", "timestamp": "2025-09-18T16:05:21.199953Z", "level": "info"}
{"alive": true, "rss_mb": 60.3, "cpu_percent": 0.0, "event": "heartbeat", "timestamp": "2025-09-18T16:05:51.216962Z", "level": "info"}
{"alive": true, "rss_mb": 60.3, "cpu_percent": 0.0, "event": "heartbeat", "timestamp": "2025-09-18T16:06:21.215888Z", "level": "info"}
Running job "task_wrapper (trigger: interval[0:05:07.070337], next run at: 2025-09-18 18:11:40 CEST)" (scheduled at 2025-09-18 18:06:33.306650+02:00)
{"task": "derivatives_oi", "ts": "2025-09-18T16:06:33.314800Z", "event": "task_start", "timestamp": "2025-09-18T16:06:33.314800Z", "level": "info"}
{"symbol": "BTCUSDT", "event": "deriv_cache_hit", "timestamp": "2025-09-18T16:06:33.315798Z", "level": "info"}
{"task": "derivatives_oi", "event": "task_ok", "timestamp": "2025-09-18T16:06:33.316803Z", "level": "info"}
{"task": "derivatives_oi", "duration": 0.003001, "event": "task_end", "timestamp": "2025-09-18T16:06:33.317801Z", "level": "info"}
Job "task_wrapper (trigger: interval[0:05:07.070337], next run at: 2025-09-18 18:11:40 CEST)" executed successfully
{"alive": true, "rss_mb": 60.3, "cpu_percent": 0.0, "event": "heartbeat", "timestamp": "2025-09-18T16:06:51.231727Z", "level": "info"}
{"alive": true, "rss_mb": 60.3, "cpu_percent": 0.0, "event": "heartbeat", "timestamp": "2025-09-18T16:07:21.247076Z", "level": "info"}
{"alive": true, "rss_mb": 60.3, "cpu_percent": 0.0, "event": "heartbeat", "timestamp": "2025-09-18T16:07:51.263707Z", "level": "info"}
Running job "task_wrapper (trigger: interval[0:05:08.878330], next run at: 2025-09-18 18:13:02 CEST)" (scheduled at 2025-09-18 18:07:53.140824+02:00)
{"task": "macro", "ts": "2025-09-18T16:07:53.156159Z", "event": "task_start", "timestamp": "2025-09-18T16:07:53.156159Z", "level": "info"}
{"symbol": "bitcoin", "event": "macro_cache_hit", "timestamp": "2025-09-18T16:07:53.157158Z", "level": "info"}
{"task": "macro", "event": "task_ok", "timestamp": "2025-09-18T16:07:53.158170Z", "level": "info"}
{"task": "macro", "duration": 0.002011, "event": "task_end", "timestamp": "2025-09-18T16:07:53.158170Z", "level": "info"}
Job "task_wrapper (trigger: interval[0:05:08.878330], next run at: 2025-09-18 18:13:02 CEST)" executed successfully
Running job "task_wrapper (trigger: interval[0:05:03.285188], next run at: 2025-09-18 18:13:12 CEST)" (scheduled at 2025-09-18 18:08:09.356181+02:00)
{"task": "derivatives_lsr", "ts": "2025-09-18T16:08:09.378146Z", "event": "task_start", "timestamp": "2025-09-18T16:08:09.378146Z", "level": "info"}
{"symbol": "BTCUSDT", "metric": "long_short_ratio", "event": "deriv_cache_hit", "timestamp": "2025-09-18T16:08:09.380145Z", "level": "info"}
{"task": "derivatives_lsr", "event": "task_ok", "timestamp": "2025-09-18T16:08:09.381146Z", "level": "info"}
{"task": "derivatives_lsr", "duration": 0.003998, "event": "task_end", "timestamp": "2025-09-18T16:08:09.382144Z", "level": "info"}
Job "task_wrapper (trigger: interval[0:05:03.285188], next run at: 2025-09-18 18:13:12 CEST)" executed successfully
{"alive": true, "rss_mb": 60.3, "cpu_percent": 0.0, "event": "heartbeat", "timestamp": "2025-09-18T16:08:21.282707Z", "level": "info"}
{"alive": true, "rss_mb": 60.3, "cpu_percent": 0.0, "event": "heartbeat", "timestamp": "2025-09-18T16:08:51.289124Z", "level": "info"}
{"alive": true, "rss_mb": 60.3, "cpu_percent": 0.0, "event": "heartbeat", "timestamp": "2025-09-18T16:09:21.302334Z", "level": "info"}
Running job "task_wrapper (trigger: interval[0:29:49.249948], next run at: 2025-09-18 18:39:24 CEST)" (scheduled at 2025-09-18 18:09:35.429271+02:00)
{"task": "onchain_tx", "ts": "2025-09-18T16:09:35.440622Z", "event": "task_start", "timestamp": "2025-09-18T16:09:35.440622Z", "level": "info"}
HTTP Request: GET https://api.blockchain.info/q/getblockcount "HTTP/1.1 200 OK"
{"symbol": "BTC", "source": "blockchain.info", "event": "onchain_success", "timestamp": "2025-09-18T16:09:36.001841Z", "level": "info"}
{"task": "onchain_tx", "event": "task_ok", "timestamp": "2025-09-18T16:09:36.002841Z", "level": "info"}
{"task": "onchain_tx", "duration": 0.563218, "event": "task_end", "timestamp": "2025-09-18T16:09:36.003840Z", "level": "info"}
Job "task_wrapper (trigger: interval[0:29:49.249948], next run at: 2025-09-18 18:39:24 CEST)" executed successfully
{"alive": true, "rss_mb": 61.2, "cpu_percent": 0.0, "event": "heartbeat", "timestamp": "2025-09-18T16:09:51.313915Z", "level": "info"}
{"alive": true, "rss_mb": 61.2, "cpu_percent": 0.0, "event": "heartbeat", "timestamp": "2025-09-18T16:10:21.311785Z", "level": "info"}
{"alive": true, "rss_mb": 61.2, "cpu_percent": 0.0, "event": "heartbeat", "timestamp": "2025-09-18T16:10:51.321875Z", "level": "info"}
{"alive": true, "rss_mb": 61.2, "cpu_percent": 0.0, "event": "heartbeat", "timestamp": "2025-09-18T16:11:21.313438Z", "level": "info"}
Running job "task_wrapper (trigger: interval[0:05:07.070337], next run at: 2025-09-18 18:16:47 CEST)" (scheduled at 2025-09-18 18:11:40.376987+02:00)
{"task": "derivatives_oi", "ts": "2025-09-18T16:11:40.388362Z", "event": "task_start", "timestamp": "2025-09-18T16:11:40.388362Z", "level": "info"}
{"symbol": "BTCUSDT", "event": "deriv_cache_hit", "timestamp": "2025-09-18T16:11:40.389367Z", "level": "info"}
{"task": "derivatives_oi", "event": "task_ok", "timestamp": "2025-09-18T16:11:40.390365Z", "level": "info"}
{"task": "derivatives_oi", "duration": 0.003001, "event": "task_end", "timestamp": "2025-09-18T16:11:40.391363Z", "level": "info"}
Job "task_wrapper (trigger: interval[0:05:07.070337], next run at: 2025-09-18 18:16:47 CEST)" executed successfully
{"alive": true, "rss_mb": 61.2, "cpu_percent": 0.0, "event": "heartbeat", "timestamp": "2025-09-18T16:11:51.319062Z", "level": "info"}
{"alive": true, "rss_mb": 61.2, "cpu_percent": 0.0, "event": "heartbeat", "timestamp": "2025-09-18T16:12:21.324756Z", "level": "info"}
{"alive": true, "rss_mb": 61.2, "cpu_percent": 0.0, "event": "heartbeat", "timestamp": "2025-09-18T16:12:51.332165Z", "level": "info"}
Running job "task_wrapper (trigger: interval[0:05:08.878330], next run at: 2025-09-18 18:18:10 CEST)" (scheduled at 2025-09-18 18:13:02.019154+02:00)
{"task": "macro", "ts": "2025-09-18T16:13:02.039487Z", "event": "task_start", "timestamp": "2025-09-18T16:13:02.039487Z", "level": "info"}
{"symbol": "bitcoin", "event": "macro_cache_hit", "timestamp": "2025-09-18T16:13:02.040460Z", "level": "info"}
{"task": "macro", "event": "task_ok", "timestamp": "2025-09-18T16:13:02.041462Z", "level": "info"}
{"task": "macro", "duration": 0.002973, "event": "task_end", "timestamp": "2025-09-18T16:13:02.042460Z", "level": "info"}
Job "task_wrapper (trigger: interval[0:05:08.878330], next run at: 2025-09-18 18:18:10 CEST)" executed successfully
Running job "task_wrapper (trigger: interval[0:05:03.285188], next run at: 2025-09-18 18:18:15 CEST)" (scheduled at 2025-09-18 18:13:12.641369+02:00)
{"task": "derivatives_lsr", "ts": "2025-09-18T16:13:12.650975Z", "event": "task_start", "timestamp": "2025-09-18T16:13:12.650975Z", "level": "info"}
{"symbol": "BTCUSDT", "metric": "long_short_ratio", "event": "deriv_cache_hit", "timestamp": "2025-09-18T16:13:12.651983Z", "level": "info"}
{"task": "derivatives_lsr", "event": "task_ok", "timestamp": "2025-09-18T16:13:12.652973Z", "level": "info"}
{"task": "derivatives_lsr", "duration": 0.003997, "event": "task_end", "timestamp": "2025-09-18T16:13:12.654972Z", "level": "info"}
Job "task_wrapper (trigger: interval[0:05:03.285188], next run at: 2025-09-18 18:18:15 CEST)" executed successfully
{"alive": true, "rss_mb": 61.2, "cpu_percent": 0.0, "event": "heartbeat", "timestamp": "2025-09-18T16:13:21.342682Z", "level": "info"}
{"alive": true, "rss_mb": 61.2, "cpu_percent": 0.0, "event": "heartbeat", "timestamp": "2025-09-18T16:13:51.350779Z", "level": "info"}
{"alive": true, "rss_mb": 61.2, "cpu_percent": 0.0, "event": "heartbeat", "timestamp": "2025-09-18T16:14:21.357232Z", "level": "info"}
{"alive": true, "rss_mb": 61.2, "cpu_percent": 0.0, "event": "heartbeat", "timestamp": "2025-09-18T16:14:51.366863Z", "level": "info"}
{"alive": true, "rss_mb": 61.2, "cpu_percent": 0.0, "event": "heartbeat", "timestamp": "2025-09-18T16:15:21.372943Z", "level": "info"}
{"alive": true, "rss_mb": 61.2, "cpu_percent": 0.0, "event": "heartbeat", "timestamp": "2025-09-18T16:15:51.382263Z", "level": "info"}
{"alive": true, "rss_mb": 61.2, "cpu_percent": 0.0, "event": "heartbeat", "timestamp": "2025-09-18T16:16:21.374427Z", "level": "info"}
Running job "task_wrapper (trigger: interval[0:05:07.070337], next run at: 2025-09-18 18:21:54 CEST)" (scheduled at 2025-09-18 18:16:47.447324+02:00)
{"task": "derivatives_oi", "ts": "2025-09-18T16:16:47.451438Z", "event": "task_start", "timestamp": "2025-09-18T16:16:47.451438Z", "level": "info"}
{"symbol": "BTCUSDT", "event": "deriv_cache_hit", "timestamp": "2025-09-18T16:16:47.452419Z", "level": "info"}
{"task": "derivatives_oi", "event": "task_ok", "timestamp": "2025-09-18T16:16:47.453551Z", "level": "info"}
{"task": "derivatives_oi", "duration": 0.003123, "event": "task_end", "timestamp": "2025-09-18T16:16:47.454561Z", "level": "info"}
Job "task_wrapper (trigger: interval[0:05:07.070337], next run at: 2025-09-18 18:21:54 CEST)" executed successfully
{"alive": true, "rss_mb": 61.2, "cpu_percent": 0.0, "event": "heartbeat", "timestamp": "2025-09-18T16:16:51.392664Z", "level": "info"}
Running job "task_wrapper (trigger: interval[0:15:38.604368], next run at: 2025-09-18 18:32:32 CEST)" (scheduled at 2025-09-18 18:16:54.090329+02:00)
{"task": "defillama", "ts": "2025-09-18T16:16:54.099972Z", "event": "task_start", "timestamp": "2025-09-18T16:16:54.099972Z", "level": "info"}
{"chain": "ethereum", "event": "defillama_cache_hit", "timestamp": "2025-09-18T16:16:54.100973Z", "level": "info"}
{"task": "defillama", "event": "task_ok", "timestamp": "2025-09-18T16:16:54.101973Z", "level": "info"}
{"task": "defillama", "duration": 0.003001, "event": "task_end", "timestamp": "2025-09-18T16:16:54.102973Z", "level": "info"}
Job "task_wrapper (trigger: interval[0:15:38.604368], next run at: 2025-09-18 18:32:32 CEST)" executed successfully
{"alive": true, "rss_mb": 61.1, "cpu_percent": 0.0, "event": "heartbeat", "timestamp": "2025-09-18T16:17:21.412638Z", "level": "info"}
{"alive": true, "rss_mb": 61.1, "cpu_percent": 0.0, "event": "heartbeat", "timestamp": "2025-09-18T16:17:51.425042Z", "level": "info"}
Running job "task_wrapper (trigger: interval[0:05:08.878330], next run at: 2025-09-18 18:23:19 CEST)" (scheduled at 2025-09-18 18:18:10.897484+02:00)
{"task": "macro", "ts": "2025-09-18T16:18:10.910410Z", "event": "task_start", "timestamp": "2025-09-18T16:18:10.910410Z", "level": "info"}
{"symbol": "bitcoin", "event": "macro_cache_hit", "timestamp": "2025-09-18T16:18:10.911403Z", "level": "info"}
{"task": "macro", "event": "task_ok", "timestamp": "2025-09-18T16:18:10.912402Z", "level": "info"}
{"task": "macro", "duration": 0.002993, "event": "task_end", "timestamp": "2025-09-18T16:18:10.913403Z", "level": "info"}
Job "task_wrapper (trigger: interval[0:05:08.878330], next run at: 2025-09-18 18:23:19 CEST)" executed successfully
Running job "task_wrapper (trigger: interval[0:05:03.285188], next run at: 2025-09-18 18:23:19 CEST)" (scheduled at 2025-09-18 18:18:15.926557+02:00)
{"task": "derivatives_lsr", "ts": "2025-09-18T16:18:15.938919Z", "event": "task_start", "timestamp": "2025-09-18T16:18:15.938919Z", "level": "info"}
{"symbol": "BTCUSDT", "metric": "long_short_ratio", "event": "deriv_cache_hit", "timestamp": "2025-09-18T16:18:15.939905Z", "level": "info"}
{"task": "derivatives_lsr", "event": "task_ok", "timestamp": "2025-09-18T16:18:15.940922Z", "level": "info"}
{"task": "derivatives_lsr", "duration": 0.003002, "event": "task_end", "timestamp": "2025-09-18T16:18:15.941921Z", "level": "info"}
Job "task_wrapper (trigger: interval[0:05:03.285188], next run at: 2025-09-18 18:23:19 CEST)" executed successfully
{"alive": true, "rss_mb": 61.1, "cpu_percent": 0.0, "event": "heartbeat", "timestamp": "2025-09-18T16:18:21.428560Z", "level": "info"}
{"alive": true, "rss_mb": 61.1, "cpu_percent": 0.0, "event": "heartbeat", "timestamp": "2025-09-18T16:18:51.439576Z", "level": "info"}
{"alive": true, "rss_mb": 61.1, "cpu_percent": 0.0, "event": "heartbeat", "timestamp": "2025-09-18T16:19:21.435456Z", "level": "info"}
{"alive": true, "rss_mb": 61.1, "cpu_percent": 0.0, "event": "heartbeat", "timestamp": "2025-09-18T16:19:51.445451Z", "level": "info"}
Running job "task_wrapper (trigger: interval[0:28:33.563456], next run at: 2025-09-18 18:48:35 CEST)" (scheduled at 2025-09-18 18:20:02.156986+02:00)
{"task": "onchain_hashrate", "ts": "2025-09-18T16:20:02.179134Z", "event": "task_start", "timestamp": "2025-09-18T16:20:02.179134Z", "level": "info"}
HTTP Request: GET https://api.blockchain.info/q/hashrate "HTTP/1.1 200 OK"
{"symbol": "BTC", "source": "blockchain.info", "event": "onchain_success", "timestamp": "2025-09-18T16:20:02.744143Z", "level": "info"}
{"task": "onchain_hashrate", "event": "task_ok", "timestamp": "2025-09-18T16:20:02.746122Z", "level": "info"}
{"task": "onchain_hashrate", "duration": 0.567991, "event": "task_end", "timestamp": "2025-09-18T16:20:02.747125Z", "level": "info"}
Job "task_wrapper (trigger: interval[0:28:33.563456], next run at: 2025-09-18 18:48:35 CEST)" executed successfully
{"alive": true, "rss_mb": 60.7, "cpu_percent": 0.0, "event": "heartbeat", "timestamp": "2025-09-18T16:20:21.447836Z", "level": "info"}
{"alive": true, "rss_mb": 60.7, "cpu_percent": 0.0, "event": "heartbeat", "timestamp": "2025-09-18T16:20:51.455159Z", "level": "info"}
{"alive": true, "rss_mb": 60.7, "cpu_percent": 0.0, "event": "heartbeat", "timestamp": "2025-09-18T16:21:21.466555Z", "level": "info"}
{"alive": true, "rss_mb": 60.7, "cpu_percent": 0.0, "event": "heartbeat", "timestamp": "2025-09-18T16:21:51.471173Z", "level": "info"}
Running job "task_wrapper (trigger: interval[0:05:07.070337], next run at: 2025-09-18 18:27:01 CEST)" (scheduled at 2025-09-18 18:21:54.517661+02:00)
{"task": "derivatives_oi", "ts": "2025-09-18T16:21:54.522045Z", "event": "task_start", "timestamp": "2025-09-18T16:21:54.522045Z", "level": "info"}
{"symbol": "BTCUSDT", "event": "deriv_cache_hit", "timestamp": "2025-09-18T16:21:54.524049Z", "level": "info"}
{"task": "derivatives_oi", "event": "task_ok", "timestamp": "2025-09-18T16:21:54.525063Z", "level": "info"}
{"task": "derivatives_oi", "duration": 0.004002, "event": "task_end", "timestamp": "2025-09-18T16:21:54.526047Z", "level": "info"}
Job "task_wrapper (trigger: interval[0:05:07.070337], next run at: 2025-09-18 18:27:01 CEST)" executed successfully
{"alive": true, "rss_mb": 60.7, "cpu_percent": 0.0, "event": "heartbeat", "timestamp": "2025-09-18T16:22:21.482838Z", "level": "info"}
{"alive": true, "rss_mb": 60.7, "cpu_percent": 0.0, "event": "heartbeat", "timestamp": "2025-09-18T16:22:51.485987Z", "level": "info"}
Running job "task_wrapper (trigger: interval[0:05:03.285188], next run at: 2025-09-18 18:28:22 CEST)" (scheduled at 2025-09-18 18:23:19.211745+02:00)
{"task": "derivatives_lsr", "ts": "2025-09-18T16:23:19.223059Z", "event": "task_start", "timestamp": "2025-09-18T16:23:19.223059Z", "level": "info"}
{"symbol": "BTCUSDT", "metric": "long_short_ratio", "event": "deriv_cache_hit", "timestamp": "2025-09-18T16:23:19.224057Z", "level": "info"}
{"task": "derivatives_lsr", "event": "task_ok", "timestamp": "2025-09-18T16:23:19.226053Z", "level": "info"}
{"task": "derivatives_lsr", "duration": 0.002994, "event": "task_end", "timestamp": "2025-09-18T16:23:19.226053Z", "level": "info"}
Job "task_wrapper (trigger: interval[0:05:03.285188], next run at: 2025-09-18 18:28:22 CEST)" executed successfully
Running job "task_wrapper (trigger: interval[0:05:08.878330], next run at: 2025-09-18 18:28:28 CEST)" (scheduled at 2025-09-18 18:23:19.775814+02:00)
{"task": "macro", "ts": "2025-09-18T16:23:19.788465Z", "event": "task_start", "timestamp": "2025-09-18T16:23:19.788465Z", "level": "info"}
{"symbol": "bitcoin", "event": "macro_cache_hit", "timestamp": "2025-09-18T16:23:19.789468Z", "level": "info"}
{"task": "macro", "event": "task_ok", "timestamp": "2025-09-18T16:23:19.791483Z", "level": "info"}
{"task": "macro", "duration": 0.003018, "event": "task_end", "timestamp": "2025-09-18T16:23:19.791483Z", "level": "info"}
Job "task_wrapper (trigger: interval[0:05:08.878330], next run at: 2025-09-18 18:28:28 CEST)" executed successfully
{"alive": true, "rss_mb": 60.7, "cpu_percent": 0.0, "event": "heartbeat", "timestamp": "2025-09-18T16:23:21.503182Z", "level": "info"}
{"alive": true, "rss_mb": 60.7, "cpu_percent": 0.0, "event": "heartbeat", "timestamp": "2025-09-18T16:23:51.521059Z", "level": "info"}
{"alive": true, "rss_mb": 60.7, "cpu_percent": 0.0, "event": "heartbeat", "timestamp": "2025-09-18T16:24:21.522332Z", "level": "info"}
{"alive": true, "rss_mb": 60.7, "cpu_percent": 0.0, "event": "heartbeat", "timestamp": "2025-09-18T16:24:51.523461Z", "level": "info"}
{"alive": true, "rss_mb": 60.7, "cpu_percent": 0.0, "event": "heartbeat", "timestamp": "2025-09-18T16:25:21.519446Z", "level": "info"}
{"alive": true, "rss_mb": 60.7, "cpu_percent": 0.0, "event": "heartbeat", "timestamp": "2025-09-18T16:25:51.522925Z", "level": "info"}
{"alive": true, "rss_mb": 60.7, "cpu_percent": 0.0, "event": "heartbeat", "timestamp": "2025-09-18T16:26:21.538734Z", "level": "info"}
{"alive": true, "rss_mb": 60.7, "cpu_percent": 0.0, "event": "heartbeat", "timestamp": "2025-09-18T16:26:51.551130Z", "level": "info"}
Running job "task_wrapper (trigger: interval[0:05:07.070337], next run at: 2025-09-18 18:32:08 CEST)" (scheduled at 2025-09-18 18:27:01.587998+02:00)
{"task": "derivatives_oi", "ts": "2025-09-18T16:27:01.602077Z", "event": "task_start", "timestamp": "2025-09-18T16:27:01.602077Z", "level": "info"}
{"symbol": "BTCUSDT", "event": "deriv_cache_hit", "timestamp": "2025-09-18T16:27:01.603076Z", "level": "info"}
{"task": "derivatives_oi", "event": "task_ok", "timestamp": "2025-09-18T16:27:01.604077Z", "level": "info"}
{"task": "derivatives_oi", "duration": 0.003003, "event": "task_end", "timestamp": "2025-09-18T16:27:01.605080Z", "level": "info"}
Job "task_wrapper (trigger: interval[0:05:07.070337], next run at: 2025-09-18 18:32:08 CEST)" executed successfully
{"alive": true, "rss_mb": 60.7, "cpu_percent": 0.0, "event": "heartbeat", "timestamp": "2025-09-18T16:27:21.550770Z", "level": "info"}
{"alive": true, "rss_mb": 60.7, "cpu_percent": 0.0, "event": "heartbeat", "timestamp": "2025-09-18T16:27:51.564969Z", "level": "info"}
{"alive": true, "rss_mb": 60.7, "cpu_percent": 0.0, "event": "heartbeat", "timestamp": "2025-09-18T16:28:21.582978Z", "level": "info"}
Running job "task_wrapper (trigger: interval[0:05:03.285188], next run at: 2025-09-18 18:33:25 CEST)" (scheduled at 2025-09-18 18:28:22.496933+02:00)
{"task": "derivatives_lsr", "ts": "2025-09-18T16:28:22.504531Z", "event": "task_start", "timestamp": "2025-09-18T16:28:22.504531Z", "level": "info"}
{"symbol": "BTCUSDT", "metric": "long_short_ratio", "event": "deriv_cache_hit", "timestamp": "2025-09-18T16:28:22.505529Z", "level": "info"}
{"task": "derivatives_lsr", "event": "task_ok", "timestamp": "2025-09-18T16:28:22.506535Z", "level": "info"}
{"task": "derivatives_lsr", "duration": 0.003, "event": "task_end", "timestamp": "2025-09-18T16:28:22.507531Z", "level": "info"}
Job "task_wrapper (trigger: interval[0:05:03.285188], next run at: 2025-09-18 18:33:25 CEST)" executed successfully
Running job "task_wrapper (trigger: interval[0:05:08.878330], next run at: 2025-09-18 18:33:37 CEST)" (scheduled at 2025-09-18 18:28:28.654144+02:00)
{"task": "macro", "ts": "2025-09-18T16:28:28.675421Z", "event": "task_start", "timestamp": "2025-09-18T16:28:28.675421Z", "level": "info"}
{"symbol": "bitcoin", "event": "macro_cache_hit", "timestamp": "2025-09-18T16:28:28.675421Z", "level": "info"}
{"task": "macro", "event": "task_ok", "timestamp": "2025-09-18T16:28:28.676416Z", "level": "info"}
{"task": "macro", "duration": 0.001994, "event": "task_end", "timestamp": "2025-09-18T16:28:28.677415Z", "level": "info"}
Job "task_wrapper (trigger: interval[0:05:08.878330], next run at: 2025-09-18 18:33:37 CEST)" executed successfully
{"alive": true, "rss_mb": 60.7, "cpu_percent": 0.0, "event": "heartbeat", "timestamp": "2025-09-18T16:28:51.592616Z", "level": "info"}
{"alive": true, "rss_mb": 60.7, "cpu_percent": 0.0, "event": "heartbeat", "timestamp": "2025-09-18T16:29:21.597975Z", "level": "info"}
{"alive": true, "rss_mb": 60.7, "cpu_percent": 0.0, "event": "heartbeat", "timestamp": "2025-09-18T16:29:51.602761Z", "level": "info"}
{"alive": true, "rss_mb": 60.7, "cpu_percent": 0.0, "event": "heartbeat", "timestamp": "2025-09-18T16:30:21.618463Z", "level": "info"}
{"alive": true, "rss_mb": 60.7, "cpu_percent": 0.0, "event": "heartbeat", "timestamp": "2025-09-18T16:30:51.626812Z", "level": "info"}
{"alive": true, "rss_mb": 60.7, "cpu_percent": 0.0, "event": "heartbeat", "timestamp": "2025-09-18T16:31:21.637125Z", "level": "info"}
{"alive": true, "rss_mb": 60.7, "cpu_percent": 0.0, "event": "heartbeat", "timestamp": "2025-09-18T16:31:51.639641Z", "level": "info"}
Running job "task_wrapper (trigger: interval[0:05:07.070337], next run at: 2025-09-18 18:37:15 CEST)" (scheduled at 2025-09-18 18:32:08.658335+02:00)
{"task": "derivatives_oi", "ts": "2025-09-18T16:32:08.663929Z", "event": "task_start", "timestamp": "2025-09-18T16:32:08.663929Z", "level": "info"}
{"symbol": "BTCUSDT", "event": "deriv_cache_hit", "timestamp": "2025-09-18T16:32:08.664951Z", "level": "info"}
{"task": "derivatives_oi", "event": "task_ok", "timestamp": "2025-09-18T16:32:08.665930Z", "level": "info"}
{"task": "derivatives_oi", "duration": 0.003, "event": "task_end", "timestamp": "2025-09-18T16:32:08.666929Z", "level": "info"}
Job "task_wrapper (trigger: interval[0:05:07.070337], next run at: 2025-09-18 18:37:15 CEST)" executed successfully
{"alive": true, "rss_mb": 60.6, "cpu_percent": 0.0, "event": "heartbeat", "timestamp": "2025-09-18T16:32:21.654339Z", "level": "info"}
Running job "task_wrapper (trigger: interval[0:15:38.604368], next run at: 2025-09-18 18:48:11 CEST)" (scheduled at 2025-09-18 18:32:32.694697+02:00)
{"task": "defillama", "ts": "2025-09-18T16:32:32.704358Z", "event": "task_start", "timestamp": "2025-09-18T16:32:32.704358Z", "level": "info"}
{"chain": "ethereum", "event": "defillama_cache_hit", "timestamp": "2025-09-18T16:32:32.706359Z", "level": "info"}
{"task": "defillama", "event": "task_ok", "timestamp": "2025-09-18T16:32:32.707357Z", "level": "info"}
{"task": "defillama", "duration": 0.003999, "event": "task_end", "timestamp": "2025-09-18T16:32:32.708357Z", "level": "info"}
Job "task_wrapper (trigger: interval[0:15:38.604368], next run at: 2025-09-18 18:48:11 CEST)" executed successfully
{"alive": true, "rss_mb": 60.6, "cpu_percent": 0.0, "event": "heartbeat", "timestamp": "2025-09-18T16:32:51.666625Z", "level": "info"}
{"alive": true, "rss_mb": 60.6, "cpu_percent": 0.0, "event": "heartbeat", "timestamp": "2025-09-18T16:33:21.692867Z", "level": "info"}
Running job "task_wrapper (trigger: interval[0:05:03.285188], next run at: 2025-09-18 18:38:29 CEST)" (scheduled at 2025-09-18 18:33:25.782121+02:00)
{"task": "derivatives_lsr", "ts": "2025-09-18T16:33:25.800225Z", "event": "task_start", "timestamp": "2025-09-18T16:33:25.800225Z", "level": "info"}
{"symbol": "BTCUSDT", "metric": "long_short_ratio", "event": "deriv_cache_hit", "timestamp": "2025-09-18T16:33:25.801231Z", "level": "info"}
{"task": "derivatives_lsr", "event": "task_ok", "timestamp": "2025-09-18T16:33:25.802223Z", "level": "info"}
{"task": "derivatives_lsr", "duration": 0.003012, "event": "task_end", "timestamp": "2025-09-18T16:33:25.803237Z", "level": "info"}
Job "task_wrapper (trigger: interval[0:05:03.285188], next run at: 2025-09-18 18:38:29 CEST)" executed successfully
Running job "task_wrapper (trigger: interval[0:05:08.878330], next run at: 2025-09-18 18:38:46 CEST)" (scheduled at 2025-09-18 18:33:37.532474+02:00)
{"task": "macro", "ts": "2025-09-18T16:33:37.548450Z", "event": "task_start", "timestamp": "2025-09-18T16:33:37.548450Z", "level": "info"}
{"symbol": "bitcoin", "event": "macro_cache_hit", "timestamp": "2025-09-18T16:33:37.549443Z", "level": "info"}
{"task": "macro", "event": "task_ok", "timestamp": "2025-09-18T16:33:37.551437Z", "level": "info"}
{"task": "macro", "duration": 0.003985, "event": "task_end", "timestamp": "2025-09-18T16:33:37.552435Z", "level": "info"}
Job "task_wrapper (trigger: interval[0:05:08.878330], next run at: 2025-09-18 18:38:46 CEST)" executed successfully
{"alive": true, "rss_mb": 60.6, "cpu_percent": 0.0, "event": "heartbeat", "timestamp": "2025-09-18T16:33:51.706905Z", "level": "info"}
{"alive": true, "rss_mb": 60.6, "cpu_percent": 0.0, "event": "heartbeat", "timestamp": "2025-09-18T16:34:21.721130Z", "level": "info"}
{"alive": true, "rss_mb": 60.6, "cpu_percent": 0.0, "event": "heartbeat", "timestamp": "2025-09-18T16:34:51.737416Z", "level": "info"}
Running job "task_wrapper (trigger: interval[0:29:42.286402], next run at: 2025-09-18 19:04:42 CEST)" (scheduled at 2025-09-18 18:35:00.066473+02:00)
{"task": "onchain_sopr", "ts": "2025-09-18T16:35:00.084146Z", "event": "task_start", "timestamp": "2025-09-18T16:35:00.084146Z", "level": "info"}
{"symbol": "BTC", "event": "onchain_cache_hit", "timestamp": "2025-09-18T16:35:00.085156Z", "level": "info"}
{"task": "onchain_sopr", "event": "task_ok", "timestamp": "2025-09-18T16:35:00.086152Z", "level": "info"}
{"task": "onchain_sopr", "duration": 0.003009, "event": "task_end", "timestamp": "2025-09-18T16:35:00.087155Z", "level": "info"}
Job "task_wrapper (trigger: interval[0:29:42.286402], next run at: 2025-09-18 19:04:42 CEST)" executed successfully
{"alive": true, "rss_mb": 60.6, "cpu_percent": 0.0, "event": "heartbeat", "timestamp": "2025-09-18T16:35:21.744461Z", "level": "info"}
{"alive": true, "rss_mb": 60.6, "cpu_percent": 0.0, "event": "heartbeat", "timestamp": "2025-09-18T16:35:51.750533Z", "level": "info"}
{"alive": true, "rss_mb": 60.6, "cpu_percent": 0.0, "event": "heartbeat", "timestamp": "2025-09-18T16:36:21.757176Z", "level": "info"}
{"alive": true, "rss_mb": 60.6, "cpu_percent": 0.0, "event": "heartbeat", "timestamp": "2025-09-18T16:36:51.762330Z", "level": "info"}
Running job "task_wrapper (trigger: interval[0:05:07.070337], next run at: 2025-09-18 18:42:22 CEST)" (scheduled at 2025-09-18 18:37:15.728672+02:00)
{"task": "derivatives_oi", "ts": "2025-09-18T16:37:15.736595Z", "event": "task_start", "timestamp": "2025-09-18T16:37:15.736595Z", "level": "info"}
{"symbol": "BTCUSDT", "event": "deriv_cache_hit", "timestamp": "2025-09-18T16:37:15.737588Z", "level": "info"}
{"task": "derivatives_oi", "event": "task_ok", "timestamp": "2025-09-18T16:37:15.738587Z", "level": "info"}
{"task": "derivatives_oi", "duration": 0.002993, "event": "task_end", "timestamp": "2025-09-18T16:37:15.739588Z", "level": "info"}
Job "task_wrapper (trigger: interval[0:05:07.070337], next run at: 2025-09-18 18:42:22 CEST)" executed successfully
{"alive": true, "rss_mb": 60.6, "cpu_percent": 0.0, "event": "heartbeat", "timestamp": "2025-09-18T16:37:21.768079Z", "level": "info"}
{"alive": true, "rss_mb": 60.6, "cpu_percent": 0.0, "event": "heartbeat", "timestamp": "2025-09-18T16:37:51.771100Z", "level": "info"}
{"alive": true, "rss_mb": 60.6, "cpu_percent": 0.0, "event": "heartbeat", "timestamp": "2025-09-18T16:38:21.770600Z", "level": "info"}
Running job "task_wrapper (trigger: interval[0:05:03.285188], next run at: 2025-09-18 18:43:32 CEST)" (scheduled at 2025-09-18 18:38:29.067309+02:00)
{"task": "derivatives_lsr", "ts": "2025-09-18T16:38:29.076758Z", "event": "task_start", "timestamp": "2025-09-18T16:38:29.076758Z", "level": "info"}
{"symbol": "BTCUSDT", "metric": "long_short_ratio", "event": "deriv_cache_hit", "timestamp": "2025-09-18T16:38:29.077749Z", "level": "info"}
{"task": "derivatives_lsr", "event": "task_ok", "timestamp": "2025-09-18T16:38:29.078715Z", "level": "info"}
{"task": "derivatives_lsr", "duration": 0.002969, "event": "task_end", "timestamp": "2025-09-18T16:38:29.079727Z", "level": "info"}
Job "task_wrapper (trigger: interval[0:05:03.285188], next run at: 2025-09-18 18:43:32 CEST)" executed successfully
Running job "task_wrapper (trigger: interval[0:05:08.878330], next run at: 2025-09-18 18:43:55 CEST)" (scheduled at 2025-09-18 18:38:46.410804+02:00)
{"task": "macro", "ts": "2025-09-18T16:38:46.427230Z", "event": "task_start", "timestamp": "2025-09-18T16:38:46.427230Z", "level": "info"}
{"symbol": "bitcoin", "event": "macro_cache_hit", "timestamp": "2025-09-18T16:38:46.428233Z", "level": "info"}
{"task": "macro", "event": "task_ok", "timestamp": "2025-09-18T16:38:46.428743Z", "level": "info"}
{"task": "macro", "duration": 0.002527, "event": "task_end", "timestamp": "2025-09-18T16:38:46.429757Z", "level": "info"}
Job "task_wrapper (trigger: interval[0:05:08.878330], next run at: 2025-09-18 18:43:55 CEST)" executed successfully
{"alive": true, "rss_mb": 60.6, "cpu_percent": 0.0, "event": "heartbeat", "timestamp": "2025-09-18T16:38:51.777642Z", "level": "info"}
{"alive": true, "rss_mb": 60.6, "cpu_percent": 0.0, "event": "heartbeat", "timestamp": "2025-09-18T16:39:21.802161Z", "level": "info"}
Running job "task_wrapper (trigger: interval[0:29:49.249948], next run at: 2025-09-18 19:09:13 CEST)" (scheduled at 2025-09-18 18:39:24.679219+02:00)
{"task": "onchain_tx", "ts": "2025-09-18T16:39:24.697922Z", "event": "task_start", "timestamp": "2025-09-18T16:39:24.697922Z", "level": "info"}
HTTP Request: GET https://api.blockchain.info/q/getblockcount "HTTP/1.1 200 OK"
{"symbol": "BTC", "source": "blockchain.info", "event": "onchain_success", "timestamp": "2025-09-18T16:39:25.325140Z", "level": "info"}
{"task": "onchain_tx", "event": "task_ok", "timestamp": "2025-09-18T16:39:25.327141Z", "level": "info"}
{"task": "onchain_tx", "duration": 0.630218, "event": "task_end", "timestamp": "2025-09-18T16:39:25.328140Z", "level": "info"}
Job "task_wrapper (trigger: interval[0:29:49.249948], next run at: 2025-09-18 19:09:13 CEST)" executed successfully
{"alive": true, "rss_mb": 60.7, "cpu_percent": 0.0, "event": "heartbeat", "timestamp": "2025-09-18T16:39:51.807635Z", "level": "info"}
{"alive": true, "rss_mb": 60.7, "cpu_percent": 0.0, "event": "heartbeat", "timestamp": "2025-09-18T16:40:21.827422Z", "level": "info"}
{"alive": true, "rss_mb": 60.7, "cpu_percent": 0.0, "event": "heartbeat", "timestamp": "2025-09-18T16:40:51.844214Z", "level": "info"}
{"alive": true, "rss_mb": 60.7, "cpu_percent": 0.0, "event": "heartbeat", "timestamp": "2025-09-18T16:41:21.853902Z", "level": "info"}
{"alive": true, "rss_mb": 60.7, "cpu_percent": 0.0, "event": "heartbeat", "timestamp": "2025-09-18T16:41:51.866892Z", "level": "info"}
{"alive": true, "rss_mb": 60.7, "cpu_percent": 0.0, "event": "heartbeat", "timestamp": "2025-09-18T16:42:21.866528Z", "level": "info"}
Running job "task_wrapper (trigger: interval[0:05:07.070337], next run at: 2025-09-18 18:47:29 CEST)" (scheduled at 2025-09-18 18:42:22.799009+02:00)
{"task": "derivatives_oi", "ts": "2025-09-18T16:42:22.805690Z", "event": "task_start", "timestamp": "2025-09-18T16:42:22.805690Z", "level": "info"}
{"symbol": "BTCUSDT", "event": "deriv_cache_hit", "timestamp": "2025-09-18T16:42:22.806691Z", "level": "info"}
{"task": "derivatives_oi", "event": "task_ok", "timestamp": "2025-09-18T16:42:22.807690Z", "level": "info"}
{"task": "derivatives_oi", "duration": 0.003002, "event": "task_end", "timestamp": "2025-09-18T16:42:22.808692Z", "level": "info"}
Job "task_wrapper (trigger: interval[0:05:07.070337], next run at: 2025-09-18 18:47:29 CEST)" executed successfully
{"alive": true, "rss_mb": 60.7, "cpu_percent": 0.0, "event": "heartbeat", "timestamp": "2025-09-18T16:42:51.861226Z", "level": "info"}
{"alive": true, "rss_mb": 60.7, "cpu_percent": 0.0, "event": "heartbeat", "timestamp": "2025-09-18T16:43:21.860741Z", "level": "info"}
Running job "task_wrapper (trigger: interval[0:05:03.285188], next run at: 2025-09-18 18:48:35 CEST)" (scheduled at 2025-09-18 18:43:32.352497+02:00)
{"task": "derivatives_lsr", "ts": "2025-09-18T16:43:32.356407Z", "event": "task_start", "timestamp": "2025-09-18T16:43:32.356407Z", "level": "info"}
{"symbol": "BTCUSDT", "metric": "long_short_ratio", "event": "deriv_cache_hit", "timestamp": "2025-09-18T16:43:32.357407Z", "level": "info"}
{"task": "derivatives_lsr", "event": "task_ok", "timestamp": "2025-09-18T16:43:32.358408Z", "level": "info"}
{"task": "derivatives_lsr", "duration": 0.003003, "event": "task_end", "timestamp": "2025-09-18T16:43:32.359410Z", "level": "info"}
Job "task_wrapper (trigger: interval[0:05:03.285188], next run at: 2025-09-18 18:48:35 CEST)" executed successfully
{"alive": true, "rss_mb": 60.7, "cpu_percent": 0.0, "event": "heartbeat", "timestamp": "2025-09-18T16:43:51.871146Z", "level": "info"}
Running job "task_wrapper (trigger: interval[0:05:08.878330], next run at: 2025-09-18 18:49:04 CEST)" (scheduled at 2025-09-18 18:43:55.289134+02:00)
{"task": "macro", "ts": "2025-09-18T16:43:55.308092Z", "event": "task_start", "timestamp": "2025-09-18T16:43:55.308092Z", "level": "info"}
{"symbol": "bitcoin", "event": "macro_cache_hit", "timestamp": "2025-09-18T16:43:55.309076Z", "level": "info"}
{"task": "macro", "event": "task_ok", "timestamp": "2025-09-18T16:43:55.311080Z", "level": "info"}
{"task": "macro", "duration": 0.003989, "event": "task_end", "timestamp": "2025-09-18T16:43:55.312081Z", "level": "info"}
Job "task_wrapper (trigger: interval[0:05:08.878330], next run at: 2025-09-18 18:49:04 CEST)" executed successfully
{"alive": true, "rss_mb": 60.7, "cpu_percent": 0.0, "event": "heartbeat", "timestamp": "2025-09-18T16:44:21.890089Z", "level": "info"}
Running job "task_wrapper (trigger: interval[0:59:55.343029], next run at: 2025-09-18 19:44:40 CEST)" (scheduled at 2025-09-18 18:44:44.703748+02:00)
{"task": "sentiment_fg", "ts": "2025-09-18T16:44:44.707795Z", "event": "task_start", "timestamp": "2025-09-18T16:44:44.707795Z", "level": "info"}
{"metric": "fear_greed", "event": "sentiment_cache_hit", "timestamp": "2025-09-18T16:44:44.708809Z", "level": "info"}
{"task": "sentiment_fg", "event": "task_ok", "timestamp": "2025-09-18T16:44:44.709805Z", "level": "info"}
{"task": "sentiment_fg", "duration": 0.003996, "event": "task_end", "timestamp": "2025-09-18T16:44:44.711791Z", "level": "info"}
Job "task_wrapper (trigger: interval[0:59:55.343029], next run at: 2025-09-18 19:44:40 CEST)" executed successfully
{"alive": true, "rss_mb": 60.7, "cpu_percent": 0.0, "event": "heartbeat", "timestamp": "2025-09-18T16:44:51.901376Z", "level": "info"}
{"alive": true, "rss_mb": 60.7, "cpu_percent": 0.0, "event": "heartbeat", "timestamp": "2025-09-18T16:45:21.917473Z", "level": "info"}
{"alive": true, "rss_mb": 60.7, "cpu_percent": 0.0, "event": "heartbeat", "timestamp": "2025-09-18T16:45:51.933581Z", "level": "info"}
{"alive": true, "rss_mb": 60.7, "cpu_percent": 0.0, "event": "heartbeat", "timestamp": "2025-09-18T16:46:21.945915Z", "level": "info"}
{"alive": true, "rss_mb": 60.7, "cpu_percent": 0.0, "event": "heartbeat", "timestamp": "2025-09-18T16:46:51.951890Z", "level": "info"}
{"alive": true, "rss_mb": 60.6, "cpu_percent": 0.0, "event": "heartbeat", "timestamp": "2025-09-18T16:47:21.967878Z", "level": "info"}
Running job "task_wrapper (trigger: interval[0:05:07.070337], next run at: 2025-09-18 18:52:36 CEST)" (scheduled at 2025-09-18 18:47:29.869346+02:00)
{"task": "derivatives_oi", "ts": "2025-09-18T16:47:29.883485Z", "event": "task_start", "timestamp": "2025-09-18T16:47:29.883485Z", "level": "info"}
{"symbol": "BTCUSDT", "event": "deriv_cache_hit", "timestamp": "2025-09-18T16:47:29.883904Z", "level": "info"}
{"task": "derivatives_oi", "event": "task_ok", "timestamp": "2025-09-18T16:47:29.884930Z", "level": "info"}
{"task": "derivatives_oi", "duration": 0.002456, "event": "task_end", "timestamp": "2025-09-18T16:47:29.885941Z", "level": "info"}
Job "task_wrapper (trigger: interval[0:05:07.070337], next run at: 2025-09-18 18:52:36 CEST)" executed successfully
{"alive": true, "rss_mb": 60.6, "cpu_percent": 0.0, "event": "heartbeat", "timestamp": "2025-09-18T16:47:51.977237Z", "level": "info"}
Running job "task_wrapper (trigger: interval[0:15:38.604368], next run at: 2025-09-18 19:03:49 CEST)" (scheduled at 2025-09-18 18:48:11.299065+02:00)
{"task": "defillama", "ts": "2025-09-18T16:48:11.314581Z", "event": "task_start", "timestamp": "2025-09-18T16:48:11.314581Z", "level": "info"}
{"chain": "ethereum", "event": "defillama_cache_hit", "timestamp": "2025-09-18T16:48:11.315576Z", "level": "info"}
{"task": "defillama", "event": "task_ok", "timestamp": "2025-09-18T16:48:11.316592Z", "level": "info"}
{"task": "defillama", "duration": 0.003013, "event": "task_end", "timestamp": "2025-09-18T16:48:11.317594Z", "level": "info"}
Job "task_wrapper (trigger: interval[0:15:38.604368], next run at: 2025-09-18 19:03:49 CEST)" executed successfully
{"alive": true, "rss_mb": 60.6, "cpu_percent": 0.0, "event": "heartbeat", "timestamp": "2025-09-18T16:48:21.986981Z", "level": "info"}
Running job "task_wrapper (trigger: interval[0:05:03.285188], next run at: 2025-09-18 18:53:38 CEST)" (scheduled at 2025-09-18 18:48:35.637685+02:00)
{"task": "derivatives_lsr", "ts": "2025-09-18T16:48:35.656526Z", "event": "task_start", "timestamp": "2025-09-18T16:48:35.656526Z", "level": "info"}
{"symbol": "BTCUSDT", "metric": "long_short_ratio", "event": "deriv_cache_hit", "timestamp": "2025-09-18T16:48:35.657523Z", "level": "info"}
{"task": "derivatives_lsr", "event": "task_ok", "timestamp": "2025-09-18T16:48:35.658336Z", "level": "info"}
{"task": "derivatives_lsr", "duration": 0.002824, "event": "task_end", "timestamp": "2025-09-18T16:48:35.659350Z", "level": "info"}
Job "task_wrapper (trigger: interval[0:05:03.285188], next run at: 2025-09-18 18:53:38 CEST)" executed successfully
Running job "task_wrapper (trigger: interval[0:28:33.563456], next run at: 2025-09-18 19:17:09 CEST)" (scheduled at 2025-09-18 18:48:35.720442+02:00)
{"task": "onchain_hashrate", "ts": "2025-09-18T16:48:35.734316Z", "event": "task_start", "timestamp": "2025-09-18T16:48:35.734316Z", "level": "info"}
HTTP Request: GET https://api.blockchain.info/q/hashrate "HTTP/1.1 200 OK"
{"symbol": "BTC", "source": "blockchain.info", "event": "onchain_success", "timestamp": "2025-09-18T16:48:36.315884Z", "level": "info"}
{"task": "onchain_hashrate", "event": "task_ok", "timestamp": "2025-09-18T16:48:36.318037Z", "level": "info"}
{"task": "onchain_hashrate", "duration": 0.583721, "event": "task_end", "timestamp": "2025-09-18T16:48:36.318037Z", "level": "info"}
Job "task_wrapper (trigger: interval[0:28:33.563456], next run at: 2025-09-18 19:17:09 CEST)" executed successfully
{"alive": true, "rss_mb": 60.7, "cpu_percent": 0.0, "event": "heartbeat", "timestamp": "2025-09-18T16:48:52.006831Z", "level": "info"}
Running job "task_wrapper (trigger: interval[0:05:08.878330], next run at: 2025-09-18 18:54:13 CEST)" (scheduled at 2025-09-18 18:49:04.167464+02:00)
{"task": "macro", "ts": "2025-09-18T16:49:04.192534Z", "event": "task_start", "timestamp": "2025-09-18T16:49:04.192534Z", "level": "info"}
{"symbol": "bitcoin", "event": "macro_cache_hit", "timestamp": "2025-09-18T16:49:04.193533Z", "level": "info"}
{"task": "macro", "event": "task_ok", "timestamp": "2025-09-18T16:49:04.194329Z", "level": "info"}
{"task": "macro", "duration": 0.002807, "event": "task_end", "timestamp": "2025-09-18T16:49:04.195341Z", "level": "info"}
Job "task_wrapper (trigger: interval[0:05:08.878330], next run at: 2025-09-18 18:54:13 CEST)" executed successfully
{"alive": true, "rss_mb": 60.7, "cpu_percent": 0.0, "event": "heartbeat", "timestamp": "2025-09-18T16:49:21.997400Z", "level": "info"}
{"alive": true, "rss_mb": 60.7, "cpu_percent": 0.0, "event": "heartbeat", "timestamp": "2025-09-18T16:49:52.002926Z", "level": "info"}
{"alive": true, "rss_mb": 60.7, "cpu_percent": 0.0, "event": "heartbeat", "timestamp": "2025-09-18T16:50:21.997463Z", "level": "info"}
{"alive": true, "rss_mb": 60.7, "cpu_percent": 0.0, "event": "heartbeat", "timestamp": "2025-09-18T16:50:52.011276Z", "level": "info"}
{"alive": true, "rss_mb": 60.7, "cpu_percent": 0.0, "event": "heartbeat", "timestamp": "2025-09-18T16:51:22.012908Z", "level": "info"}
{"alive": true, "rss_mb": 60.7, "cpu_percent": 0.0, "event": "heartbeat", "timestamp": "2025-09-18T16:51:52.027631Z", "level": "info"}
{"alive": true, "rss_mb": 60.7, "cpu_percent": 0.0, "event": "heartbeat", "timestamp": "2025-09-18T16:52:22.043838Z", "level": "info"}
Running job "task_wrapper (trigger: interval[0:05:07.070337], next run at: 2025-09-18 18:57:44 CEST)" (scheduled at 2025-09-18 18:52:36.939683+02:00)
{"task": "derivatives_oi", "ts": "2025-09-18T16:52:36.946962Z", "event": "task_start", "timestamp": "2025-09-18T16:52:36.946962Z", "level": "info"}
{"symbol": "BTCUSDT", "event": "deriv_cache_hit", "timestamp": "2025-09-18T16:52:36.947963Z", "level": "info"}
{"task": "derivatives_oi", "event": "task_ok", "timestamp": "2025-09-18T16:52:36.948263Z", "level": "info"}
{"task": "derivatives_oi", "duration": 0.002313, "event": "task_end", "timestamp": "2025-09-18T16:52:36.949275Z", "level": "info"}
Job "task_wrapper (trigger: interval[0:05:07.070337], next run at: 2025-09-18 18:57:44 CEST)" executed successfully
{"alive": true, "rss_mb": 60.7, "cpu_percent": 0.0, "event": "heartbeat", "timestamp": "2025-09-18T16:52:52.053394Z", "level": "info"}
{"alive": true, "rss_mb": 60.7, "cpu_percent": 0.0, "event": "heartbeat", "timestamp": "2025-09-18T16:53:22.058124Z", "level": "info"}
Running job "task_wrapper (trigger: interval[0:05:03.285188], next run at: 2025-09-18 18:58:42 CEST)" (scheduled at 2025-09-18 18:53:38.922873+02:00)
{"task": "derivatives_lsr", "ts": "2025-09-18T16:53:38.938759Z", "event": "task_start", "timestamp": "2025-09-18T16:53:38.938759Z", "level": "info"}
{"symbol": "BTCUSDT", "metric": "long_short_ratio", "event": "deriv_cache_hit", "timestamp": "2025-09-18T16:53:38.939765Z", "level": "info"}
{"task": "derivatives_lsr", "event": "task_ok", "timestamp": "2025-09-18T16:53:38.940768Z", "level": "info"}
{"task": "derivatives_lsr", "duration": 0.003006, "event": "task_end", "timestamp": "2025-09-18T16:53:38.941765Z", "level": "info"}
Job "task_wrapper (trigger: interval[0:05:03.285188], next run at: 2025-09-18 18:58:42 CEST)" executed successfully
{"alive": true, "rss_mb": 60.7, "cpu_percent": 0.0, "event": "heartbeat", "timestamp": "2025-09-18T16:53:52.083050Z", "level": "info"}
Running job "task_wrapper (trigger: interval[0:05:08.878330], next run at: 2025-09-18 18:59:21 CEST)" (scheduled at 2025-09-18 18:54:13.045794+02:00)
{"task": "macro", "ts": "2025-09-18T16:54:13.062647Z", "event": "task_start", "timestamp": "2025-09-18T16:54:13.062647Z", "level": "info"}
{"symbol": "bitcoin", "event": "macro_cache_hit", "timestamp": "2025-09-18T16:54:13.063655Z", "level": "info"}
{"task": "macro", "event": "task_ok", "timestamp": "2025-09-18T16:54:13.065649Z", "level": "info"}
{"task": "macro", "duration": 0.003002, "event": "task_end", "timestamp": "2025-09-18T16:54:13.065649Z", "level": "info"}
Job "task_wrapper (trigger: interval[0:05:08.878330], next run at: 2025-09-18 18:59:21 CEST)" executed successfully
{"alive": true, "rss_mb": 60.7, "cpu_percent": 0.0, "event": "heartbeat", "timestamp": "2025-09-18T16:54:22.097950Z", "level": "info"}
{"alive": true, "rss_mb": 60.7, "cpu_percent": 0.0, "event": "heartbeat", "timestamp": "2025-09-18T16:54:52.103606Z", "level": "info"}
{"alive": true, "rss_mb": 60.7, "cpu_percent": 0.0, "event": "heartbeat", "timestamp": "2025-09-18T16:55:22.120327Z", "level": "info"}
{"alive": true, "rss_mb": 60.7, "cpu_percent": 0.0, "event": "heartbeat", "timestamp": "2025-09-18T16:55:52.128911Z", "level": "info"}
{"alive": true, "rss_mb": 60.7, "cpu_percent": 0.0, "event": "heartbeat", "timestamp": "2025-09-18T16:56:22.128279Z", "level": "info"}
{"alive": true, "rss_mb": 60.7, "cpu_percent": 0.0, "event": "heartbeat", "timestamp": "2025-09-18T16:56:52.134438Z", "level": "info"}
{"alive": true, "rss_mb": 60.7, "cpu_percent": 0.0, "event": "heartbeat", "timestamp": "2025-09-18T16:57:22.148549Z", "level": "info"}
Running job "task_wrapper (trigger: interval[0:05:07.070337], next run at: 2025-09-18 19:02:51 CEST)" (scheduled at 2025-09-18 18:57:44.010020+02:00)
{"task": "derivatives_oi", "ts": "2025-09-18T16:57:44.039567Z", "event": "task_start", "timestamp": "2025-09-18T16:57:44.039567Z", "level": "info"}
{"symbol": "BTCUSDT", "event": "deriv_cache_hit", "timestamp": "2025-09-18T16:57:44.040589Z", "level": "info"}
{"task": "derivatives_oi", "event": "task_ok", "timestamp": "2025-09-18T16:57:44.041568Z", "level": "info"}
{"task": "derivatives_oi", "duration": 0.003003, "event": "task_end", "timestamp": "2025-09-18T16:57:44.042570Z", "level": "info"}
Job "task_wrapper (trigger: interval[0:05:07.070337], next run at: 2025-09-18 19:02:51 CEST)" executed successfully
{"alive": true, "rss_mb": 60.7, "cpu_percent": 0.0, "event": "heartbeat", "timestamp": "2025-09-18T16:57:52.141651Z", "level": "info"}
{"alive": true, "rss_mb": 60.7, "cpu_percent": 0.0, "event": "heartbeat", "timestamp": "2025-09-18T16:58:22.166814Z", "level": "info"}
Running job "task_wrapper (trigger: interval[0:05:03.285188], next run at: 2025-09-18 19:03:45 CEST)" (scheduled at 2025-09-18 18:58:42.208061+02:00)
{"task": "derivatives_lsr", "ts": "2025-09-18T16:58:42.222639Z", "event": "task_start", "timestamp": "2025-09-18T16:58:42.222639Z", "level": "info"}
{"symbol": "BTCUSDT", "metric": "long_short_ratio", "event": "deriv_cache_hit", "timestamp": "2025-09-18T16:58:42.223640Z", "level": "info"}
{"task": "derivatives_lsr", "event": "task_ok", "timestamp": "2025-09-18T16:58:42.224641Z", "level": "info"}
{"task": "derivatives_lsr", "duration": 0.003009, "event": "task_end", "timestamp": "2025-09-18T16:58:42.225648Z", "level": "info"}
Job "task_wrapper (trigger: interval[0:05:03.285188], next run at: 2025-09-18 19:03:45 CEST)" executed successfully
{"alive": true, "rss_mb": 60.7, "cpu_percent": 0.0, "event": "heartbeat", "timestamp": "2025-09-18T16:58:52.183915Z", "level": "info"}
Running job "task_wrapper (trigger: interval[0:05:08.878330], next run at: 2025-09-18 19:04:30 CEST)" (scheduled at 2025-09-18 18:59:21.924124+02:00)
{"task": "macro", "ts": "2025-09-18T16:59:21.935025Z", "event": "task_start", "timestamp": "2025-09-18T16:59:21.935025Z", "level": "info"}
{"symbol": "bitcoin", "event": "macro_cache_hit", "timestamp": "2025-09-18T16:59:21.936023Z", "level": "info"}
{"task": "macro", "event": "task_ok", "timestamp": "2025-09-18T16:59:21.936721Z", "level": "info"}
{"task": "macro", "duration": 0.002707, "event": "task_end", "timestamp": "2025-09-18T16:59:21.937732Z", "level": "info"}
Job "task_wrapper (trigger: interval[0:05:08.878330], next run at: 2025-09-18 19:04:30 CEST)" executed successfully
{"alive": true, "rss_mb": 60.7, "cpu_percent": 0.0, "event": "heartbeat", "timestamp": "2025-09-18T16:59:22.199487Z", "level": "info"}
{"alive": true, "rss_mb": 60.7, "cpu_percent": 0.0, "event": "heartbeat", "timestamp": "2025-09-18T16:59:52.202459Z", "level": "info"}
{"alive": true, "rss_mb": 60.7, "cpu_percent": 0.0, "event": "heartbeat", "timestamp": "2025-09-18T17:00:22.226058Z", "level": "info"}
{"alive": true, "rss_mb": 60.7, "cpu_percent": 0.0, "event": "heartbeat", "timestamp": "2025-09-18T17:00:52.239337Z", "level": "info"}
{"alive": true, "rss_mb": 60.7, "cpu_percent": 0.0, "event": "heartbeat", "timestamp": "2025-09-18T17:01:22.245940Z", "level": "info"}
{"alive": true, "rss_mb": 60.7, "cpu_percent": 0.0, "event": "heartbeat", "timestamp": "2025-09-18T17:01:52.256486Z", "level": "info"}
{"alive": true, "rss_mb": 60.6, "cpu_percent": 0.0, "event": "heartbeat", "timestamp": "2025-09-18T17:02:22.250266Z", "level": "info"}
Running job "task_wrapper (trigger: interval[0:05:07.070337], next run at: 2025-09-18 19:07:58 CEST)" (scheduled at 2025-09-18 19:02:51.080357+02:00)
{"task": "derivatives_oi", "ts": "2025-09-18T17:02:51.090513Z", "event": "task_start", "timestamp": "2025-09-18T17:02:51.090513Z", "level": "info"}
{"symbol": "BTCUSDT", "event": "deriv_cache_hit", "timestamp": "2025-09-18T17:02:51.091513Z", "level": "info"}
{"task": "derivatives_oi", "event": "task_ok", "timestamp": "2025-09-18T17:02:51.097744Z", "level": "info"}
{"task": "derivatives_oi", "duration": 0.007231, "event": "task_end", "timestamp": "2025-09-18T17:02:51.097744Z", "level": "info"}
Job "task_wrapper (trigger: interval[0:05:07.070337], next run at: 2025-09-18 19:07:58 CEST)" executed successfully
{"alive": true, "rss_mb": 59.3, "cpu_percent": 0.0, "event": "heartbeat", "timestamp": "2025-09-18T17:02:52.259021Z", "level": "info"}
{"alive": true, "rss_mb": 59.3, "cpu_percent": 0.0, "event": "heartbeat", "timestamp": "2025-09-18T17:03:22.262265Z", "level": "info"}
Running job "task_wrapper (trigger: interval[0:05:03.285188], next run at: 2025-09-18 19:08:48 CEST)" (scheduled at 2025-09-18 19:03:45.493249+02:00)
{"task": "derivatives_lsr", "ts": "2025-09-18T17:03:45.503887Z", "event": "task_start", "timestamp": "2025-09-18T17:03:45.503887Z", "level": "info"}
{"symbol": "BTCUSDT", "metric": "long_short_ratio", "event": "deriv_cache_hit", "timestamp": "2025-09-18T17:03:45.505892Z", "level": "info"}
{"task": "derivatives_lsr", "event": "task_ok", "timestamp": "2025-09-18T17:03:45.506901Z", "level": "info"}
{"task": "derivatives_lsr", "duration": 0.003999, "event": "task_end", "timestamp": "2025-09-18T17:03:45.507886Z", "level": "info"}
Job "task_wrapper (trigger: interval[0:05:03.285188], next run at: 2025-09-18 19:08:48 CEST)" executed successfully
Running job "task_wrapper (trigger: interval[0:15:38.604368], next run at: 2025-09-18 19:19:28 CEST)" (scheduled at 2025-09-18 19:03:49.903433+02:00)
{"task": "defillama", "ts": "2025-09-18T17:03:49.910759Z", "event": "task_start", "timestamp": "2025-09-18T17:03:49.910759Z", "level": "info"}
{"chain": "ethereum", "event": "defillama_cache_hit", "timestamp": "2025-09-18T17:03:49.911740Z", "level": "info"}
{"task": "defillama", "event": "task_ok", "timestamp": "2025-09-18T17:03:49.913736Z", "level": "info"}
{"task": "defillama", "duration": 0.00398, "event": "task_end", "timestamp": "2025-09-18T17:03:49.914739Z", "level": "info"}
Job "task_wrapper (trigger: interval[0:15:38.604368], next run at: 2025-09-18 19:19:28 CEST)" executed successfully
{"alive": true, "rss_mb": 59.3, "cpu_percent": 0.0, "event": "heartbeat", "timestamp": "2025-09-18T17:03:52.279464Z", "level": "info"}
{"alive": true, "rss_mb": 59.3, "cpu_percent": 0.0, "event": "heartbeat", "timestamp": "2025-09-18T17:04:22.297694Z", "level": "info"}
Running job "task_wrapper (trigger: interval[0:05:08.878330], next run at: 2025-09-18 19:09:39 CEST)" (scheduled at 2025-09-18 19:04:30.802454+02:00)
{"task": "macro", "ts": "2025-09-18T17:04:30.807093Z", "event": "task_start", "timestamp": "2025-09-18T17:04:30.807093Z", "level": "info"}
{"symbol": "bitcoin", "event": "macro_cache_hit", "timestamp": "2025-09-18T17:04:30.808090Z", "level": "info"}
{"task": "macro", "event": "task_ok", "timestamp": "2025-09-18T17:04:30.809090Z", "level": "info"}
{"task": "macro", "duration": 0.002997, "event": "task_end", "timestamp": "2025-09-18T17:04:30.810090Z", "level": "info"}
Job "task_wrapper (trigger: interval[0:05:08.878330], next run at: 2025-09-18 19:09:39 CEST)" executed successfully
Running job "task_wrapper (trigger: interval[0:29:42.286402], next run at: 2025-09-18 19:34:24 CEST)" (scheduled at 2025-09-18 19:04:42.352875+02:00)
{"task": "onchain_sopr", "ts": "2025-09-18T17:04:42.362562Z", "event": "task_start", "timestamp": "2025-09-18T17:04:42.362562Z", "level": "info"}
{"symbol": "BTC", "event": "onchain_cache_hit", "timestamp": "2025-09-18T17:04:42.363560Z", "level": "info"}
{"task": "onchain_sopr", "event": "task_ok", "timestamp": "2025-09-18T17:04:42.365559Z", "level": "info"}
{"task": "onchain_sopr", "duration": 0.003998, "event": "task_end", "timestamp": "2025-09-18T17:04:42.366560Z", "level": "info"}
Job "task_wrapper (trigger: interval[0:29:42.286402], next run at: 2025-09-18 19:34:24 CEST)" executed successfully
{"alive": true, "rss_mb": 59.3, "cpu_percent": 0.0, "event": "heartbeat", "timestamp": "2025-09-18T17:04:52.322671Z", "level": "info"}
{"alive": true, "rss_mb": 59.3, "cpu_percent": 0.0, "event": "heartbeat", "timestamp": "2025-09-18T17:05:22.334747Z", "level": "info"}
{"alive": true, "rss_mb": 59.3, "cpu_percent": 0.0, "event": "heartbeat", "timestamp": "2025-09-18T17:05:52.344981Z", "level": "info"}
{"alive": true, "rss_mb": 59.3, "cpu_percent": 0.0, "event": "heartbeat", "timestamp": "2025-09-18T17:06:22.356897Z", "level": "info"}
{"alive": true, "rss_mb": 59.3, "cpu_percent": 0.0, "event": "heartbeat", "timestamp": "2025-09-18T17:06:52.362260Z", "level": "info"}
{"alive": true, "rss_mb": 59.3, "cpu_percent": 0.0, "event": "heartbeat", "timestamp": "2025-09-18T17:07:22.375244Z", "level": "info"}
{"alive": true, "rss_mb": 59.3, "cpu_percent": 0.0, "event": "heartbeat", "timestamp": "2025-09-18T17:07:52.387506Z", "level": "info"}
Running job "task_wrapper (trigger: interval[0:05:07.070337], next run at: 2025-09-18 19:13:05 CEST)" (scheduled at 2025-09-18 19:07:58.150694+02:00)
{"task": "derivatives_oi", "ts": "2025-09-18T17:07:58.163029Z", "event": "task_start", "timestamp": "2025-09-18T17:07:58.163029Z", "level": "info"}
{"symbol": "BTCUSDT", "event": "deriv_cache_hit", "timestamp": "2025-09-18T17:07:58.165028Z", "level": "info"}
{"task": "derivatives_oi", "event": "task_ok", "timestamp": "2025-09-18T17:07:58.166019Z", "level": "info"}
{"task": "derivatives_oi", "duration": 0.00326, "event": "task_end", "timestamp": "2025-09-18T17:07:58.166289Z", "level": "info"}
Job "task_wrapper (trigger: interval[0:05:07.070337], next run at: 2025-09-18 19:13:05 CEST)" executed successfully
{"alive": true, "rss_mb": 59.3, "cpu_percent": 0.0, "event": "heartbeat", "timestamp": "2025-09-18T17:08:22.397243Z", "level": "info"}
Running job "task_wrapper (trigger: interval[0:05:03.285188], next run at: 2025-09-18 19:13:52 CEST)" (scheduled at 2025-09-18 19:08:48.778437+02:00)
{"task": "derivatives_lsr", "ts": "2025-09-18T17:08:48.792326Z", "event": "task_start", "timestamp": "2025-09-18T17:08:48.792326Z", "level": "info"}
{"symbol": "BTCUSDT", "metric": "long_short_ratio", "event": "deriv_cache_hit", "timestamp": "2025-09-18T17:08:48.793323Z", "level": "info"}
{"task": "derivatives_lsr", "event": "task_ok", "timestamp": "2025-09-18T17:08:48.795323Z", "level": "info"}
{"task": "derivatives_lsr", "duration": 0.003994, "event": "task_end", "timestamp": "2025-09-18T17:08:48.796320Z", "level": "info"}
Job "task_wrapper (trigger: interval[0:05:03.285188], next run at: 2025-09-18 19:13:52 CEST)" executed successfully
{"alive": true, "rss_mb": 59.3, "cpu_percent": 0.0, "event": "heartbeat", "timestamp": "2025-09-18T17:08:52.408778Z", "level": "info"}
Running job "task_wrapper (trigger: interval[0:29:49.249948], next run at: 2025-09-18 19:39:03 CEST)" (scheduled at 2025-09-18 19:09:13.929167+02:00)
{"task": "onchain_tx", "ts": "2025-09-18T17:09:13.933948Z", "event": "task_start", "timestamp": "2025-09-18T17:09:13.933948Z", "level": "info"}
HTTP Request: GET https://api.blockchain.info/q/getblockcount "HTTP/1.1 200 OK"
{"symbol": "BTC", "source": "blockchain.info", "event": "onchain_success", "timestamp": "2025-09-18T17:09:14.552903Z", "level": "info"}
{"task": "onchain_tx", "event": "task_ok", "timestamp": "2025-09-18T17:09:14.553918Z", "level": "info"}
{"task": "onchain_tx", "duration": 0.620971, "event": "task_end", "timestamp": "2025-09-18T17:09:14.554919Z", "level": "info"}
Job "task_wrapper (trigger: interval[0:29:49.249948], next run at: 2025-09-18 19:39:03 CEST)" executed successfully
{"alive": true, "rss_mb": 59.4, "cpu_percent": 0.0, "event": "heartbeat", "timestamp": "2025-09-18T17:09:22.406125Z", "level": "info"}
Running job "task_wrapper (trigger: interval[0:05:08.878330], next run at: 2025-09-18 19:14:48 CEST)" (scheduled at 2025-09-18 19:09:39.680784+02:00)
{"task": "macro", "ts": "2025-09-18T17:09:39.689692Z", "event": "task_start", "timestamp": "2025-09-18T17:09:39.689692Z", "level": "info"}
{"symbol": "bitcoin", "event": "macro_cache_hit", "timestamp": "2025-09-18T17:09:39.690689Z", "level": "info"}
{"task": "macro", "event": "task_ok", "timestamp": "2025-09-18T17:09:39.692693Z", "level": "info"}
{"task": "macro", "duration": 0.004002, "event": "task_end", "timestamp": "2025-09-18T17:09:39.693694Z", "level": "info"}
Job "task_wrapper (trigger: interval[0:05:08.878330], next run at: 2025-09-18 19:14:48 CEST)" executed successfully
{"alive": true, "rss_mb": 59.4, "cpu_percent": 0.0, "event": "heartbeat", "timestamp": "2025-09-18T17:09:52.420055Z", "level": "info"}
{"alive": true, "rss_mb": 59.4, "cpu_percent": 0.0, "event": "heartbeat", "timestamp": "2025-09-18T17:10:22.432783Z", "level": "info"}
{"alive": true, "rss_mb": 59.4, "cpu_percent": 0.0, "event": "heartbeat", "timestamp": "2025-09-18T17:10:52.450200Z", "level": "info"}
{"alive": true, "rss_mb": 59.4, "cpu_percent": 0.0, "event": "heartbeat", "timestamp": "2025-09-18T17:11:22.461375Z", "level": "info"}
{"alive": true, "rss_mb": 59.4, "cpu_percent": 0.0, "event": "heartbeat", "timestamp": "2025-09-18T17:11:52.468231Z", "level": "info"}
{"alive": true, "rss_mb": 59.4, "cpu_percent": 0.0, "event": "heartbeat", "timestamp": "2025-09-18T17:12:22.479224Z", "level": "info"}
{"alive": true, "rss_mb": 59.4, "cpu_percent": 0.0, "event": "heartbeat", "timestamp": "2025-09-18T17:12:52.493659Z", "level": "info"}
Running job "task_wrapper (trigger: interval[0:05:07.070337], next run at: 2025-09-18 19:18:12 CEST)" (scheduled at 2025-09-18 19:13:05.221031+02:00)
{"task": "derivatives_oi", "ts": "2025-09-18T17:13:05.235761Z", "event": "task_start", "timestamp": "2025-09-18T17:13:05.235761Z", "level": "info"}
{"symbol": "BTCUSDT", "event": "deriv_cache_hit", "timestamp": "2025-09-18T17:13:05.236768Z", "level": "info"}
{"task": "derivatives_oi", "event": "task_ok", "timestamp": "2025-09-18T17:13:05.237764Z", "level": "info"}
{"task": "derivatives_oi", "duration": 0.003013, "event": "task_end", "timestamp": "2025-09-18T17:13:05.238774Z", "level": "info"}
Job "task_wrapper (trigger: interval[0:05:07.070337], next run at: 2025-09-18 19:18:12 CEST)" executed successfully
{"alive": true, "rss_mb": 59.4, "cpu_percent": 0.0, "event": "heartbeat", "timestamp": "2025-09-18T17:13:22.504668Z", "level": "info"}
Running job "task_wrapper (trigger: interval[0:05:03.285188], next run at: 2025-09-18 19:18:55 CEST)" (scheduled at 2025-09-18 19:13:52.063625+02:00)
{"task": "derivatives_lsr", "ts": "2025-09-18T17:13:52.080973Z", "event": "task_start", "timestamp": "2025-09-18T17:13:52.080973Z", "level": "info"}
{"symbol": "BTCUSDT", "metric": "long_short_ratio", "event": "deriv_cache_hit", "timestamp": "2025-09-18T17:13:52.081970Z", "level": "info"}
{"task": "derivatives_lsr", "event": "task_ok", "timestamp": "2025-09-18T17:13:52.083970Z", "level": "info"}
{"task": "derivatives_lsr", "duration": 0.002997, "event": "task_end", "timestamp": "2025-09-18T17:13:52.083970Z", "level": "info"}
Job "task_wrapper (trigger: interval[0:05:03.285188], next run at: 2025-09-18 19:18:55 CEST)" executed successfully
{"alive": true, "rss_mb": 59.4, "cpu_percent": 0.0, "event": "heartbeat", "timestamp": "2025-09-18T17:13:52.518824Z", "level": "info"}
{"alive": true, "rss_mb": 59.4, "cpu_percent": 0.0, "event": "heartbeat", "timestamp": "2025-09-18T17:14:22.519298Z", "level": "info"}
Running job "task_wrapper (trigger: interval[0:05:08.878330], next run at: 2025-09-18 19:19:57 CEST)" (scheduled at 2025-09-18 19:14:48.559114+02:00)
{"task": "macro", "ts": "2025-09-18T17:14:48.576074Z", "event": "task_start", "timestamp": "2025-09-18T17:14:48.576074Z", "level": "info"}
{"symbol": "bitcoin", "event": "macro_cache_hit", "timestamp": "2025-09-18T17:14:48.577074Z", "level": "info"}
{"task": "macro", "event": "task_ok", "timestamp": "2025-09-18T17:14:48.579076Z", "level": "info"}
{"task": "macro", "duration": 0.004005, "event": "task_end", "timestamp": "2025-09-18T17:14:48.580079Z", "level": "info"}
Job "task_wrapper (trigger: interval[0:05:08.878330], next run at: 2025-09-18 19:19:57 CEST)" executed successfully
{"alive": true, "rss_mb": 59.4, "cpu_percent": 0.0, "event": "heartbeat", "timestamp": "2025-09-18T17:14:52.535432Z", "level": "info"}
{"alive": true, "rss_mb": 59.4, "cpu_percent": 0.0, "event": "heartbeat", "timestamp": "2025-09-18T17:15:22.549786Z", "level": "info"}
{"alive": true, "rss_mb": 59.4, "cpu_percent": 0.0, "event": "heartbeat", "timestamp": "2025-09-18T17:15:52.551132Z", "level": "info"}
{"alive": true, "rss_mb": 59.4, "cpu_percent": 0.0, "event": "heartbeat", "timestamp": "2025-09-18T17:16:22.548867Z", "level": "info"}
{"alive": true, "rss_mb": 59.4, "cpu_percent": 0.0, "event": "heartbeat", "timestamp": "2025-09-18T17:16:52.557698Z", "level": "info"}
Running job "task_wrapper (trigger: interval[0:28:33.563456], next run at: 2025-09-18 19:45:42 CEST)" (scheduled at 2025-09-18 19:17:09.283898+02:00)
{"task": "onchain_hashrate", "ts": "2025-09-18T17:17:09.295718Z", "event": "task_start", "timestamp": "2025-09-18T17:17:09.295718Z", "level": "info"}
HTTP Request: GET https://api.blockchain.info/q/hashrate "HTTP/1.1 200 OK"
{"symbol": "BTC", "source": "blockchain.info", "event": "onchain_success", "timestamp": "2025-09-18T17:17:09.954008Z", "level": "info"}
{"task": "onchain_hashrate", "event": "task_ok", "timestamp": "2025-09-18T17:17:09.954998Z", "level": "info"}
{"task": "onchain_hashrate", "duration": 0.660273, "event": "task_end", "timestamp": "2025-09-18T17:17:09.955991Z", "level": "info"}
Job "task_wrapper (trigger: interval[0:28:33.563456], next run at: 2025-09-18 19:45:42 CEST)" executed successfully
{"alive": true, "rss_mb": 59.4, "cpu_percent": 0.0, "event": "heartbeat", "timestamp": "2025-09-18T17:17:22.569861Z", "level": "info"}
{"alive": true, "rss_mb": 59.4, "cpu_percent": 0.0, "event": "heartbeat", "timestamp": "2025-09-18T17:17:52.583986Z", "level": "info"}
Running job "task_wrapper (trigger: interval[0:05:07.070337], next run at: 2025-09-18 19:23:19 CEST)" (scheduled at 2025-09-18 19:18:12.291368+02:00)
{"task": "derivatives_oi", "ts": "2025-09-18T17:18:12.310881Z", "event": "task_start", "timestamp": "2025-09-18T17:18:12.310881Z", "level": "info"}
{"symbol": "BTCUSDT", "event": "deriv_cache_hit", "timestamp": "2025-09-18T17:18:12.312882Z", "level": "info"}
{"task": "derivatives_oi", "event": "task_ok", "timestamp": "2025-09-18T17:18:12.313876Z", "level": "info"}
{"task": "derivatives_oi", "duration": 0.003994, "event": "task_end", "timestamp": "2025-09-18T17:18:12.314875Z", "level": "info"}
Job "task_wrapper (trigger: interval[0:05:07.070337], next run at: 2025-09-18 19:23:19 CEST)" executed successfully
{"alive": true, "rss_mb": 59.4, "cpu_percent": 0.0, "event": "heartbeat", "timestamp": "2025-09-18T17:18:22.597219Z", "level": "info"}
{"alive": true, "rss_mb": 59.4, "cpu_percent": 0.0, "event": "heartbeat", "timestamp": "2025-09-18T17:18:52.612316Z", "level": "info"}
Running job "task_wrapper (trigger: interval[0:05:03.285188], next run at: 2025-09-18 19:23:58 CEST)" (scheduled at 2025-09-18 19:18:55.348813+02:00)
{"task": "derivatives_lsr", "ts": "2025-09-18T17:18:55.370953Z", "event": "task_start", "timestamp": "2025-09-18T17:18:55.370953Z", "level": "info"}
{"symbol": "BTCUSDT", "metric": "long_short_ratio", "event": "deriv_cache_hit", "timestamp": "2025-09-18T17:18:55.371946Z", "level": "info"}
{"task": "derivatives_lsr", "event": "task_ok", "timestamp": "2025-09-18T17:18:55.372948Z", "level": "info"}
{"task": "derivatives_lsr", "duration": 0.002997, "event": "task_end", "timestamp": "2025-09-18T17:18:55.373950Z", "level": "info"}
Job "task_wrapper (trigger: interval[0:05:03.285188], next run at: 2025-09-18 19:23:58 CEST)" executed successfully
{"alive": true, "rss_mb": 59.4, "cpu_percent": 0.0, "event": "heartbeat", "timestamp": "2025-09-18T17:19:22.632745Z", "level": "info"}
Running job "task_wrapper (trigger: interval[0:15:38.604368], next run at: 2025-09-18 19:35:07 CEST)" (scheduled at 2025-09-18 19:19:28.507801+02:00)
{"task": "defillama", "ts": "2025-09-18T17:19:28.523062Z", "event": "task_start", "timestamp": "2025-09-18T17:19:28.523062Z", "level": "info"}
{"chain": "ethereum", "event": "defillama_cache_hit", "timestamp": "2025-09-18T17:19:28.524061Z", "level": "info"}
{"task": "defillama", "event": "task_ok", "timestamp": "2025-09-18T17:19:28.525060Z", "level": "info"}
{"task": "defillama", "duration": 0.001998, "event": "task_end", "timestamp": "2025-09-18T17:19:28.525060Z", "level": "info"}
Job "task_wrapper (trigger: interval[0:15:38.604368], next run at: 2025-09-18 19:35:07 CEST)" executed successfully
{"alive": true, "rss_mb": 59.4, "cpu_percent": 0.0, "event": "heartbeat", "timestamp": "2025-09-18T17:19:52.635365Z", "level": "info"}
Running job "task_wrapper (trigger: interval[0:05:08.878330], next run at: 2025-09-18 19:25:06 CEST)" (scheduled at 2025-09-18 19:19:57.437444+02:00)
{"task": "macro", "ts": "2025-09-18T17:19:57.440328Z", "event": "task_start", "timestamp": "2025-09-18T17:19:57.440328Z", "level": "info"}
{"symbol": "bitcoin", "event": "macro_cache_hit", "timestamp": "2025-09-18T17:19:57.441322Z", "level": "info"}
{"task": "macro", "event": "task_ok", "timestamp": "2025-09-18T17:19:57.442322Z", "level": "info"}
{"task": "macro", "duration": 0.002993, "event": "task_end", "timestamp": "2025-09-18T17:19:57.443321Z", "level": "info"}
Job "task_wrapper (trigger: interval[0:05:08.878330], next run at: 2025-09-18 19:25:06 CEST)" executed successfully
{"alive": true, "rss_mb": 59.4, "cpu_percent": 0.0, "event": "heartbeat", "timestamp": "2025-09-18T17:20:22.645263Z", "level": "info"}
{"alive": true, "rss_mb": 59.4, "cpu_percent": 0.0, "event": "heartbeat", "timestamp": "2025-09-18T17:20:52.649559Z", "level": "info"}
{"alive": true, "rss_mb": 59.4, "cpu_percent": 0.0, "event": "heartbeat", "timestamp": "2025-09-18T17:21:22.659275Z", "level": "info"}
{"alive": true, "rss_mb": 59.4, "cpu_percent": 0.0, "event": "heartbeat", "timestamp": "2025-09-18T17:21:52.673609Z", "level": "info"}
{"alive": true, "rss_mb": 59.4, "cpu_percent": 0.0, "event": "heartbeat", "timestamp": "2025-09-18T17:22:22.695891Z", "level": "info"}
{"alive": true, "rss_mb": 59.4, "cpu_percent": 0.0, "event": "heartbeat", "timestamp": "2025-09-18T17:22:52.706709Z", "level": "info"}
Running job "task_wrapper (trigger: interval[0:05:07.070337], next run at: 2025-09-18 19:28:26 CEST)" (scheduled at 2025-09-18 19:23:19.361705+02:00)
{"task": "derivatives_oi", "ts": "2025-09-18T17:23:19.380492Z", "event": "task_start", "timestamp": "2025-09-18T17:23:19.380492Z", "level": "info"}
{"symbol": "BTCUSDT", "event": "deriv_cache_hit", "timestamp": "2025-09-18T17:23:19.381495Z", "level": "info"}
{"task": "derivatives_oi", "event": "task_ok", "timestamp": "2025-09-18T17:23:19.381495Z", "level": "info"}
{"task": "derivatives_oi", "duration": 0.002004, "event": "task_end", "timestamp": "2025-09-18T17:23:19.382496Z", "level": "info"}
Job "task_wrapper (trigger: interval[0:05:07.070337], next run at: 2025-09-18 19:28:26 CEST)" executed successfully
{"alive": true, "rss_mb": 59.4, "cpu_percent": 0.0, "event": "heartbeat", "timestamp": "2025-09-18T17:23:22.707083Z", "level": "info"}
{"alive": true, "rss_mb": 59.4, "cpu_percent": 0.0, "event": "heartbeat", "timestamp": "2025-09-18T17:23:52.716382Z", "level": "info"}
Running job "task_wrapper (trigger: interval[0:05:03.285188], next run at: 2025-09-18 19:29:01 CEST)" (scheduled at 2025-09-18 19:23:58.634001+02:00)
{"task": "derivatives_lsr", "ts": "2025-09-18T17:23:58.645921Z", "event": "task_start", "timestamp": "2025-09-18T17:23:58.645921Z", "level": "info"}
{"symbol": "BTCUSDT", "metric": "long_short_ratio", "event": "deriv_cache_hit", "timestamp": "2025-09-18T17:23:58.646924Z", "level": "info"}
{"task": "derivatives_lsr", "event": "task_ok", "timestamp": "2025-09-18T17:23:58.648928Z", "level": "info"}
{"task": "derivatives_lsr", "duration": 0.004005, "event": "task_end", "timestamp": "2025-09-18T17:23:58.649926Z", "level": "info"}
Job "task_wrapper (trigger: interval[0:05:03.285188], next run at: 2025-09-18 19:29:01 CEST)" executed successfully
{"alive": true, "rss_mb": 59.4, "cpu_percent": 0.0, "event": "heartbeat", "timestamp": "2025-09-18T17:24:22.729922Z", "level": "info"}
{"alive": true, "rss_mb": 59.4, "cpu_percent": 0.0, "event": "heartbeat", "timestamp": "2025-09-18T17:24:52.737997Z", "level": "info"}
Running job "task_wrapper (trigger: interval[0:05:08.878330], next run at: 2025-09-18 19:30:15 CEST)" (scheduled at 2025-09-18 19:25:06.315774+02:00)
{"task": "macro", "ts": "2025-09-18T17:25:06.327132Z", "event": "task_start", "timestamp": "2025-09-18T17:25:06.327132Z", "level": "info"}
{"symbol": "bitcoin", "event": "macro_cache_hit", "timestamp": "2025-09-18T17:25:06.328136Z", "level": "info"}
{"task": "macro", "event": "task_ok", "timestamp": "2025-09-18T17:25:06.329144Z", "level": "info"}
{"task": "macro", "duration": 0.003002, "event": "task_end", "timestamp": "2025-09-18T17:25:06.330134Z", "level": "info"}
Job "task_wrapper (trigger: interval[0:05:08.878330], next run at: 2025-09-18 19:30:15 CEST)" executed successfully
{"alive": true, "rss_mb": 59.4, "cpu_percent": 0.0, "event": "heartbeat", "timestamp": "2025-09-18T17:25:22.749316Z", "level": "info"}
{"alive": true, "rss_mb": 59.4, "cpu_percent": 0.0, "event": "heartbeat", "timestamp": "2025-09-18T17:25:52.752207Z", "level": "info"}
{"alive": true, "rss_mb": 59.4, "cpu_percent": 0.0, "event": "heartbeat", "timestamp": "2025-09-18T17:26:22.762513Z", "level": "info"}
{"alive": true, "rss_mb": 59.4, "cpu_percent": 0.0, "event": "heartbeat", "timestamp": "2025-09-18T17:26:52.768558Z", "level": "info"}
{"alive": true, "rss_mb": 59.4, "cpu_percent": 0.0, "event": "heartbeat", "timestamp": "2025-09-18T17:27:22.765450Z", "level": "info"}
{"alive": true, "rss_mb": 59.4, "cpu_percent": 0.0, "event": "heartbeat", "timestamp": "2025-09-18T17:27:52.770705Z", "level": "info"}
{"alive": true, "rss_mb": 59.4, "cpu_percent": 0.0, "event": "heartbeat", "timestamp": "2025-09-18T17:28:22.778876Z", "level": "info"}
Running job "task_wrapper (trigger: interval[0:05:07.070337], next run at: 2025-09-18 19:33:33 CEST)" (scheduled at 2025-09-18 19:28:26.432042+02:00)
{"task": "derivatives_oi", "ts": "2025-09-18T17:28:26.441560Z", "event": "task_start", "timestamp": "2025-09-18T17:28:26.441560Z", "level": "info"}
{"symbol": "BTCUSDT", "event": "deriv_cache_hit", "timestamp": "2025-09-18T17:28:26.442561Z", "level": "info"}
{"task": "derivatives_oi", "event": "task_ok", "timestamp": "2025-09-18T17:28:26.443564Z", "level": "info"}
{"task": "derivatives_oi", "duration": 0.003, "event": "task_end", "timestamp": "2025-09-18T17:28:26.444560Z", "level": "info"}
Job "task_wrapper (trigger: interval[0:05:07.070337], next run at: 2025-09-18 19:33:33 CEST)" executed successfully
{"alive": true, "rss_mb": 59.4, "cpu_percent": 0.0, "event": "heartbeat", "timestamp": "2025-09-18T17:28:52.799150Z", "level": "info"}
Running job "task_wrapper (trigger: interval[0:05:03.285188], next run at: 2025-09-18 19:34:05 CEST)" (scheduled at 2025-09-18 19:29:01.919189+02:00)
{"task": "derivatives_lsr", "ts": "2025-09-18T17:29:01.931014Z", "event": "task_start", "timestamp": "2025-09-18T17:29:01.931014Z", "level": "info"}
{"symbol": "BTCUSDT", "metric": "long_short_ratio", "event": "deriv_cache_hit", "timestamp": "2025-09-18T17:29:01.931996Z", "level": "info"}
{"task": "derivatives_lsr", "event": "task_ok", "timestamp": "2025-09-18T17:29:01.933007Z", "level": "info"}
{"task": "derivatives_lsr", "duration": 0.002995, "event": "task_end", "timestamp": "2025-09-18T17:29:01.934009Z", "level": "info"}
Job "task_wrapper (trigger: interval[0:05:03.285188], next run at: 2025-09-18 19:34:05 CEST)" executed successfully
{"alive": true, "rss_mb": 59.4, "cpu_percent": 0.0, "event": "heartbeat", "timestamp": "2025-09-18T17:29:22.802832Z", "level": "info"}
{"alive": true, "rss_mb": 59.4, "cpu_percent": 0.0, "event": "heartbeat", "timestamp": "2025-09-18T17:29:52.820245Z", "level": "info"}
Running job "task_wrapper (trigger: interval[0:05:08.878330], next run at: 2025-09-18 19:35:24 CEST)" (scheduled at 2025-09-18 19:30:15.194104+02:00)
{"task": "macro", "ts": "2025-09-18T17:30:15.204731Z", "event": "task_start", "timestamp": "2025-09-18T17:30:15.204731Z", "level": "info"}
{"symbol": "bitcoin", "event": "macro_cache_hit", "timestamp": "2025-09-18T17:30:15.223731Z", "level": "info"}
{"task": "macro", "event": "task_ok", "timestamp": "2025-09-18T17:30:15.226738Z", "level": "info"}
{"task": "macro", "duration": 0.026009, "event": "task_end", "timestamp": "2025-09-18T17:30:15.230740Z", "level": "info"}
Job "task_wrapper (trigger: interval[0:05:08.878330], next run at: 2025-09-18 19:35:24 CEST)" executed successfully
{"alive": true, "rss_mb": 59.4, "cpu_percent": 0.0, "event": "heartbeat", "timestamp": "2025-09-18T17:30:22.823462Z", "level": "info"}
{"alive": true, "rss_mb": 59.4, "cpu_percent": 0.0, "event": "heartbeat", "timestamp": "2025-09-18T17:30:52.831377Z", "level": "info"}
{"alive": true, "rss_mb": 59.4, "cpu_percent": 0.0, "event": "heartbeat", "timestamp": "2025-09-18T17:31:22.849371Z", "level": "info"}
{"alive": true, "rss_mb": 59.4, "cpu_percent": 0.0, "event": "heartbeat", "timestamp": "2025-09-18T17:31:52.854511Z", "level": "info"}
{"alive": true, "rss_mb": 59.4, "cpu_percent": 0.0, "event": "heartbeat", "timestamp": "2025-09-18T17:32:22.867675Z", "level": "info"}
{"alive": true, "rss_mb": 59.4, "cpu_percent": 0.0, "event": "heartbeat", "timestamp": "2025-09-18T17:32:52.878881Z", "level": "info"}
{"alive": true, "rss_mb": 59.4, "cpu_percent": 0.0, "event": "heartbeat", "timestamp": "2025-09-18T17:33:22.887331Z", "level": "info"}
Running job "task_wrapper (trigger: interval[0:05:07.070337], next run at: 2025-09-18 19:38:40 CEST)" (scheduled at 2025-09-18 19:33:33.502379+02:00)
{"task": "derivatives_oi", "ts": "2025-09-18T17:33:33.513297Z", "event": "task_start", "timestamp": "2025-09-18T17:33:33.513297Z", "level": "info"}
{"symbol": "BTCUSDT", "event": "deriv_cache_hit", "timestamp": "2025-09-18T17:33:33.514301Z", "level": "info"}
{"task": "derivatives_oi", "event": "task_ok", "timestamp": "2025-09-18T17:33:33.516296Z", "level": "info"}
{"task": "derivatives_oi", "duration": 0.004, "event": "task_end", "timestamp": "2025-09-18T17:33:33.517297Z", "level": "info"}
Job "task_wrapper (trigger: interval[0:05:07.070337], next run at: 2025-09-18 19:38:40 CEST)" executed successfully
{"alive": true, "rss_mb": 59.4, "cpu_percent": 0.0, "event": "heartbeat", "timestamp": "2025-09-18T17:33:52.901201Z", "level": "info"}
Running job "task_wrapper (trigger: interval[0:05:03.285188], next run at: 2025-09-18 19:39:08 CEST)" (scheduled at 2025-09-18 19:34:05.204377+02:00)
{"task": "derivatives_lsr", "ts": "2025-09-18T17:34:05.209990Z", "event": "task_start", "timestamp": "2025-09-18T17:34:05.209990Z", "level": "info"}
{"symbol": "BTCUSDT", "metric": "long_short_ratio", "event": "deriv_cache_hit", "timestamp": "2025-09-18T17:34:05.210988Z", "level": "info"}
{"task": "derivatives_lsr", "event": "task_ok", "timestamp": "2025-09-18T17:34:05.211986Z", "level": "info"}
{"task": "derivatives_lsr", "duration": 0.002997, "event": "task_end", "timestamp": "2025-09-18T17:34:05.212987Z", "level": "info"}
Job "task_wrapper (trigger: interval[0:05:03.285188], next run at: 2025-09-18 19:39:08 CEST)" executed successfully
{"alive": true, "rss_mb": 59.4, "cpu_percent": 0.0, "event": "heartbeat", "timestamp": "2025-09-18T17:34:22.916408Z", "level": "info"}
Running job "task_wrapper (trigger: interval[0:29:42.286402], next run at: 2025-09-18 20:04:06 CEST)" (scheduled at 2025-09-18 19:34:24.639277+02:00)
{"task": "onchain_sopr", "ts": "2025-09-18T17:34:24.651475Z", "event": "task_start", "timestamp": "2025-09-18T17:34:24.651475Z", "level": "info"}
{"symbol": "BTC", "event": "onchain_cache_hit", "timestamp": "2025-09-18T17:34:24.653473Z", "level": "info"}
{"task": "onchain_sopr", "event": "task_ok", "timestamp": "2025-09-18T17:34:24.654485Z", "level": "info"}
{"task": "onchain_sopr", "duration": 0.004997, "event": "task_end", "timestamp": "2025-09-18T17:34:24.656472Z", "level": "info"}
Job "task_wrapper (trigger: interval[0:29:42.286402], next run at: 2025-09-18 20:04:06 CEST)" executed successfully
{"alive": true, "rss_mb": 59.4, "cpu_percent": 0.0, "event": "heartbeat", "timestamp": "2025-09-18T17:34:52.929687Z", "level": "info"}
Running job "task_wrapper (trigger: interval[0:15:38.604368], next run at: 2025-09-18 19:50:45 CEST)" (scheduled at 2025-09-18 19:35:07.112169+02:00)
{"task": "defillama", "ts": "2025-09-18T17:35:07.119488Z", "event": "task_start", "timestamp": "2025-09-18T17:35:07.119488Z", "level": "info"}
{"chain": "ethereum", "event": "defillama_cache_hit", "timestamp": "2025-09-18T17:35:07.121488Z", "level": "info"}
{"task": "defillama", "event": "task_ok", "timestamp": "2025-09-18T17:35:07.121488Z", "level": "info"}
{"task": "defillama", "duration": 0.00344, "event": "task_end", "timestamp": "2025-09-18T17:35:07.122928Z", "level": "info"}
Job "task_wrapper (trigger: interval[0:15:38.604368], next run at: 2025-09-18 19:50:45 CEST)" executed successfully
{"alive": true, "rss_mb": 59.4, "cpu_percent": 0.0, "event": "heartbeat", "timestamp": "2025-09-18T17:35:22.931533Z", "level": "info"}
Running job "task_wrapper (trigger: interval[0:05:08.878330], next run at: 2025-09-18 19:40:32 CEST)" (scheduled at 2025-09-18 19:35:24.072434+02:00)
{"task": "macro", "ts": "2025-09-18T17:35:24.078081Z", "event": "task_start", "timestamp": "2025-09-18T17:35:24.078081Z", "level": "info"}
{"symbol": "bitcoin", "event": "macro_cache_hit", "timestamp": "2025-09-18T17:35:24.079082Z", "level": "info"}
{"task": "macro", "event": "task_ok", "timestamp": "2025-09-18T17:35:24.080083Z", "level": "info"}
{"task": "macro", "duration": 0.003002, "event": "task_end", "timestamp": "2025-09-18T17:35:24.081083Z", "level": "info"}
Job "task_wrapper (trigger: interval[0:05:08.878330], next run at: 2025-09-18 19:40:32 CEST)" executed successfully
{"alive": true, "rss_mb": 59.4, "cpu_percent": 0.0, "event": "heartbeat", "timestamp": "2025-09-18T17:35:52.950349Z", "level": "info"}
{"alive": true, "rss_mb": 59.4, "cpu_percent": 0.0, "event": "heartbeat", "timestamp": "2025-09-18T17:36:22.971023Z", "level": "info"}
{"alive": true, "rss_mb": 59.4, "cpu_percent": 0.0, "event": "heartbeat", "timestamp": "2025-09-18T17:36:52.981087Z", "level": "info"}
{"alive": true, "rss_mb": 59.4, "cpu_percent": 0.0, "event": "heartbeat", "timestamp": "2025-09-18T17:37:22.988608Z", "level": "info"}
{"alive": true, "rss_mb": 59.4, "cpu_percent": 0.0, "event": "heartbeat", "timestamp": "2025-09-18T17:37:52.990029Z", "level": "info"}
{"alive": true, "rss_mb": 59.4, "cpu_percent": 0.0, "event": "heartbeat", "timestamp": "2025-09-18T17:38:22.996393Z", "level": "info"}
Running job "task_wrapper (trigger: interval[0:05:07.070337], next run at: 2025-09-18 19:43:47 CEST)" (scheduled at 2025-09-18 19:38:40.572716+02:00)
{"task": "derivatives_oi", "ts": "2025-09-18T17:38:40.577416Z", "event": "task_start", "timestamp": "2025-09-18T17:38:40.577416Z", "level": "info"}
{"symbol": "BTCUSDT", "event": "deriv_cache_hit", "timestamp": "2025-09-18T17:38:40.578418Z", "level": "info"}
{"task": "derivatives_oi", "event": "task_ok", "timestamp": "2025-09-18T17:38:40.579417Z", "level": "info"}
{"task": "derivatives_oi", "duration": 0.003019, "event": "task_end", "timestamp": "2025-09-18T17:38:40.580435Z", "level": "info"}
Job "task_wrapper (trigger: interval[0:05:07.070337], next run at: 2025-09-18 19:43:47 CEST)" executed successfully
{"alive": true, "rss_mb": 59.4, "cpu_percent": 0.0, "event": "heartbeat", "timestamp": "2025-09-18T17:38:53.015689Z", "level": "info"}
Running job "task_wrapper (trigger: interval[0:29:49.249948], next run at: 2025-09-18 20:08:52 CEST)" (scheduled at 2025-09-18 19:39:03.179115+02:00)
{"task": "onchain_tx", "ts": "2025-09-18T17:39:03.198282Z", "event": "task_start", "timestamp": "2025-09-18T17:39:03.198282Z", "level": "info"}
HTTP Request: GET https://api.blockchain.info/q/getblockcount "HTTP/1.1 200 OK"
{"symbol": "BTC", "source": "blockchain.info", "event": "onchain_success", "timestamp": "2025-09-18T17:39:03.775175Z", "level": "info"}
{"task": "onchain_tx", "event": "task_ok", "timestamp": "2025-09-18T17:39:03.777173Z", "level": "info"}
{"task": "onchain_tx", "duration": 0.578891, "event": "task_end", "timestamp": "2025-09-18T17:39:03.777173Z", "level": "info"}
Job "task_wrapper (trigger: interval[0:29:49.249948], next run at: 2025-09-18 20:08:52 CEST)" executed successfully
Running job "task_wrapper (trigger: interval[0:05:03.285188], next run at: 2025-09-18 19:44:11 CEST)" (scheduled at 2025-09-18 19:39:08.489565+02:00)
{"task": "derivatives_lsr", "ts": "2025-09-18T17:39:08.502689Z", "event": "task_start", "timestamp": "2025-09-18T17:39:08.502689Z", "level": "info"}
{"symbol": "BTCUSDT", "metric": "long_short_ratio", "event": "deriv_cache_hit", "timestamp": "2025-09-18T17:39:08.503709Z", "level": "info"}
{"task": "derivatives_lsr", "event": "task_ok", "timestamp": "2025-09-18T17:39:08.504708Z", "level": "info"}
{"task": "derivatives_lsr", "duration": 0.002019, "event": "task_end", "timestamp": "2025-09-18T17:39:08.505697Z", "level": "info"}
Job "task_wrapper (trigger: interval[0:05:03.285188], next run at: 2025-09-18 19:44:11 CEST)" executed successfully
{"alive": true, "rss_mb": 59.5, "cpu_percent": 0.0, "event": "heartbeat", "timestamp": "2025-09-18T17:39:23.015351Z", "level": "info"}
{"alive": true, "rss_mb": 59.5, "cpu_percent": 0.0, "event": "heartbeat", "timestamp": "2025-09-18T17:39:53.029523Z", "level": "info"}
{"alive": true, "rss_mb": 59.5, "cpu_percent": 0.0, "event": "heartbeat", "timestamp": "2025-09-18T17:40:23.042875Z", "level": "info"}
Running job "task_wrapper (trigger: interval[0:05:08.878330], next run at: 2025-09-18 19:45:41 CEST)" (scheduled at 2025-09-18 19:40:32.950764+02:00)
{"task": "macro", "ts": "2025-09-18T17:40:32.953830Z", "event": "task_start", "timestamp": "2025-09-18T17:40:32.953830Z", "level": "info"}
{"symbol": "bitcoin", "event": "macro_cache_hit", "timestamp": "2025-09-18T17:40:32.955360Z", "level": "info"}
{"task": "macro", "event": "task_ok", "timestamp": "2025-09-18T17:40:32.956380Z", "level": "info"}
{"task": "macro", "duration": 0.00255, "event": "task_end", "timestamp": "2025-09-18T17:40:32.956380Z", "level": "info"}
Job "task_wrapper (trigger: interval[0:05:08.878330], next run at: 2025-09-18 19:45:41 CEST)" executed successfully
{"alive": true, "rss_mb": 59.5, "cpu_percent": 0.0, "event": "heartbeat", "timestamp": "2025-09-18T17:40:53.054583Z", "level": "info"}
{"alive": true, "rss_mb": 59.5, "cpu_percent": 0.0, "event": "heartbeat", "timestamp": "2025-09-18T17:41:23.067278Z", "level": "info"}
{"alive": true, "rss_mb": 59.5, "cpu_percent": 0.0, "event": "heartbeat", "timestamp": "2025-09-18T17:41:53.070557Z", "level": "info"}
{"alive": true, "rss_mb": 59.5, "cpu_percent": 0.0, "event": "heartbeat", "timestamp": "2025-09-18T17:42:23.071501Z", "level": "info"}
{"alive": true, "rss_mb": 59.5, "cpu_percent": 0.0, "event": "heartbeat", "timestamp": "2025-09-18T17:42:53.077778Z", "level": "info"}
{"alive": true, "rss_mb": 59.5, "cpu_percent": 0.0, "event": "heartbeat", "timestamp": "2025-09-18T17:43:23.099959Z", "level": "info"}
Running job "task_wrapper (trigger: interval[0:05:07.070337], next run at: 2025-09-18 19:48:54 CEST)" (scheduled at 2025-09-18 19:43:47.643053+02:00)
{"task": "derivatives_oi", "ts": "2025-09-18T17:43:47.660362Z", "event": "task_start", "timestamp": "2025-09-18T17:43:47.660362Z", "level": "info"}
{"symbol": "BTCUSDT", "event": "deriv_cache_hit", "timestamp": "2025-09-18T17:43:47.661367Z", "level": "info"}
{"task": "derivatives_oi", "event": "task_ok", "timestamp": "2025-09-18T17:43:47.662365Z", "level": "info"}
{"task": "derivatives_oi", "duration": 0.003007, "event": "task_end", "timestamp": "2025-09-18T17:43:47.663369Z", "level": "info"}
Job "task_wrapper (trigger: interval[0:05:07.070337], next run at: 2025-09-18 19:48:54 CEST)" executed successfully
{"alive": true, "rss_mb": 59.5, "cpu_percent": 0.0, "event": "heartbeat", "timestamp": "2025-09-18T17:43:53.106541Z", "level": "info"}
Running job "task_wrapper (trigger: interval[0:05:03.285188], next run at: 2025-09-18 19:49:15 CEST)" (scheduled at 2025-09-18 19:44:11.774753+02:00)
{"task": "derivatives_lsr", "ts": "2025-09-18T17:44:11.791509Z", "event": "task_start", "timestamp": "2025-09-18T17:44:11.791509Z", "level": "info"}
{"symbol": "BTCUSDT", "metric": "long_short_ratio", "event": "deriv_cache_hit", "timestamp": "2025-09-18T17:44:11.792511Z", "level": "info"}
{"task": "derivatives_lsr", "event": "task_ok", "timestamp": "2025-09-18T17:44:11.793511Z", "level": "info"}
{"task": "derivatives_lsr", "duration": 0.002002, "event": "task_end", "timestamp": "2025-09-18T17:44:11.793511Z", "level": "info"}
Job "task_wrapper (trigger: interval[0:05:03.285188], next run at: 2025-09-18 19:49:15 CEST)" executed successfully
{"alive": true, "rss_mb": 59.5, "cpu_percent": 0.0, "event": "heartbeat", "timestamp": "2025-09-18T17:44:23.107887Z", "level": "info"}
Running job "task_wrapper (trigger: interval[0:59:55.343029], next run at: 2025-09-18 20:44:35 CEST)" (scheduled at 2025-09-18 19:44:40.046777+02:00)
{"task": "sentiment_fg", "ts": "2025-09-18T17:44:40.059344Z", "event": "task_start", "timestamp": "2025-09-18T17:44:40.059344Z", "level": "info"}
HTTP Request: GET https://api.alternative.me/fng/ "HTTP/1.1 200 OK"
{"metric": "fear_greed", "source": "alternative.me", "event": "sentiment_success", "timestamp": "2025-09-18T17:44:40.846911Z", "level": "info"}
{"task": "sentiment_fg", "event": "task_ok", "timestamp": "2025-09-18T17:44:40.848895Z", "level": "info"}
{"task": "sentiment_fg", "duration": 0.790562, "event": "task_end", "timestamp": "2025-09-18T17:44:40.849906Z", "level": "info"}
Job "task_wrapper (trigger: interval[0:59:55.343029], next run at: 2025-09-18 20:44:35 CEST)" executed successfully
{"alive": true, "rss_mb": 59.6, "cpu_percent": 0.0, "event": "heartbeat", "timestamp": "2025-09-18T17:44:53.120988Z", "level": "info"}
{"alive": true, "rss_mb": 59.6, "cpu_percent": 0.0, "event": "heartbeat", "timestamp": "2025-09-18T17:45:23.128238Z", "level": "info"}
Running job "task_wrapper (trigger: interval[0:05:08.878330], next run at: 2025-09-18 19:50:50 CEST)" (scheduled at 2025-09-18 19:45:41.829094+02:00)
{"task": "macro", "ts": "2025-09-18T17:45:41.854572Z", "event": "task_start", "timestamp": "2025-09-18T17:45:41.854572Z", "level": "info"}
{"symbol": "bitcoin", "event": "macro_cache_hit", "timestamp": "2025-09-18T17:45:41.856579Z", "level": "info"}
{"task": "macro", "event": "task_ok", "timestamp": "2025-09-18T17:45:41.857583Z", "level": "info"}
{"task": "macro", "duration": 0.003011, "event": "task_end", "timestamp": "2025-09-18T17:45:41.857583Z", "level": "info"}
Job "task_wrapper (trigger: interval[0:05:08.878330], next run at: 2025-09-18 19:50:50 CEST)" executed successfully
Running job "task_wrapper (trigger: interval[0:28:33.563456], next run at: 2025-09-18 20:14:16 CEST)" (scheduled at 2025-09-18 19:45:42.847354+02:00)
{"task": "onchain_hashrate", "ts": "2025-09-18T17:45:42.857796Z", "event": "task_start", "timestamp": "2025-09-18T17:45:42.857796Z", "level": "info"}
HTTP Request: GET https://api.blockchain.info/q/hashrate "HTTP/1.1 200 OK"
{"symbol": "BTC", "source": "blockchain.info", "event": "onchain_success", "timestamp": "2025-09-18T17:45:43.496014Z", "level": "info"}
{"task": "onchain_hashrate", "event": "task_ok", "timestamp": "2025-09-18T17:45:43.497004Z", "level": "info"}
{"task": "onchain_hashrate", "duration": 0.641247, "event": "task_end", "timestamp": "2025-09-18T17:45:43.499043Z", "level": "info"}
Job "task_wrapper (trigger: interval[0:28:33.563456], next run at: 2025-09-18 20:14:16 CEST)" executed successfully
{"alive": true, "rss_mb": 59.6, "cpu_percent": 0.0, "event": "heartbeat", "timestamp": "2025-09-18T17:45:53.133462Z", "level": "info"}
{"alive": true, "rss_mb": 59.6, "cpu_percent": 0.0, "event": "heartbeat", "timestamp": "2025-09-18T17:46:23.141592Z", "level": "info"}
{"alive": true, "rss_mb": 59.6, "cpu_percent": 0.0, "event": "heartbeat", "timestamp": "2025-09-18T17:46:53.157281Z", "level": "info"}
{"alive": true, "rss_mb": 59.5, "cpu_percent": 0.0, "event": "heartbeat", "timestamp": "2025-09-18T17:47:23.170723Z", "level": "info"}
{"alive": true, "rss_mb": 59.5, "cpu_percent": 0.0, "event": "heartbeat", "timestamp": "2025-09-18T17:47:53.183548Z", "level": "info"}
{"alive": true, "rss_mb": 59.5, "cpu_percent": 0.0, "event": "heartbeat", "timestamp": "2025-09-18T17:48:23.195508Z", "level": "info"}
{"alive": true, "rss_mb": 59.5, "cpu_percent": 0.0, "event": "heartbeat", "timestamp": "2025-09-18T17:48:53.201215Z", "level": "info"}
Running job "task_wrapper (trigger: interval[0:05:07.070337], next run at: 2025-09-18 19:54:01 CEST)" (scheduled at 2025-09-18 19:48:54.713390+02:00)
{"task": "derivatives_oi", "ts": "2025-09-18T17:48:54.721704Z", "event": "task_start", "timestamp": "2025-09-18T17:48:54.721704Z", "level": "info"}
{"symbol": "BTCUSDT", "event": "deriv_cache_hit", "timestamp": "2025-09-18T17:48:54.722713Z", "level": "info"}
{"task": "derivatives_oi", "event": "task_ok", "timestamp": "2025-09-18T17:48:54.723700Z", "level": "info"}
{"task": "derivatives_oi", "duration": 0.004, "event": "task_end", "timestamp": "2025-09-18T17:48:54.725704Z", "level": "info"}
Job "task_wrapper (trigger: interval[0:05:07.070337], next run at: 2025-09-18 19:54:01 CEST)" executed successfully
Running job "task_wrapper (trigger: interval[0:05:03.285188], next run at: 2025-09-18 19:54:18 CEST)" (scheduled at 2025-09-18 19:49:15.059941+02:00)
{"task": "derivatives_lsr", "ts": "2025-09-18T17:49:15.075115Z", "event": "task_start", "timestamp": "2025-09-18T17:49:15.075115Z", "level": "info"}
{"symbol": "BTCUSDT", "metric": "long_short_ratio", "event": "deriv_cache_hit", "timestamp": "2025-09-18T17:49:15.076120Z", "level": "info"}
{"task": "derivatives_lsr", "event": "task_ok", "timestamp": "2025-09-18T17:49:15.078114Z", "level": "info"}
{"task": "derivatives_lsr", "duration": 0.004001, "event": "task_end", "timestamp": "2025-09-18T17:49:15.079116Z", "level": "info"}
Job "task_wrapper (trigger: interval[0:05:03.285188], next run at: 2025-09-18 19:54:18 CEST)" executed successfully
{"alive": true, "rss_mb": 59.5, "cpu_percent": 0.0, "event": "heartbeat", "timestamp": "2025-09-18T17:49:23.218054Z", "level": "info"}
{"alive": true, "rss_mb": 59.5, "cpu_percent": 0.0, "event": "heartbeat", "timestamp": "2025-09-18T17:49:53.222824Z", "level": "info"}
{"alive": true, "rss_mb": 59.5, "cpu_percent": 0.0, "event": "heartbeat", "timestamp": "2025-09-18T17:50:23.223532Z", "level": "info"}
Running job "task_wrapper (trigger: interval[0:15:38.604368], next run at: 2025-09-18 20:06:24 CEST)" (scheduled at 2025-09-18 19:50:45.716537+02:00)
{"task": "defillama", "ts": "2025-09-18T17:50:45.730185Z", "event": "task_start", "timestamp": "2025-09-18T17:50:45.730185Z", "level": "info"}
{"chain": "ethereum", "event": "defillama_cache_hit", "timestamp": "2025-09-18T17:50:45.731186Z", "level": "info"}
{"task": "defillama", "event": "task_ok", "timestamp": "2025-09-18T17:50:45.732188Z", "level": "info"}
{"task": "defillama", "duration": 0.002003, "event": "task_end", "timestamp": "2025-09-18T17:50:45.732188Z", "level": "info"}
Job "task_wrapper (trigger: interval[0:15:38.604368], next run at: 2025-09-18 20:06:24 CEST)" executed successfully
Running job "task_wrapper (trigger: interval[0:05:08.878330], next run at: 2025-09-18 19:55:59 CEST)" (scheduled at 2025-09-18 19:50:50.707424+02:00)
{"task": "macro", "ts": "2025-09-18T17:50:50.711697Z", "event": "task_start", "timestamp": "2025-09-18T17:50:50.711697Z", "level": "info"}
{"symbol": "bitcoin", "event": "macro_cache_hit", "timestamp": "2025-09-18T17:50:50.712705Z", "level": "info"}
{"task": "macro", "event": "task_ok", "timestamp": "2025-09-18T17:50:50.713706Z", "level": "info"}
{"task": "macro", "duration": 0.003, "event": "task_end", "timestamp": "2025-09-18T17:50:50.714697Z", "level": "info"}
Job "task_wrapper (trigger: interval[0:05:08.878330], next run at: 2025-09-18 19:55:59 CEST)" executed successfully
{"alive": true, "rss_mb": 59.5, "cpu_percent": 0.0, "event": "heartbeat", "timestamp": "2025-09-18T17:50:53.227496Z", "level": "info"}
{"alive": true, "rss_mb": 59.5, "cpu_percent": 0.0, "event": "heartbeat", "timestamp": "2025-09-18T17:51:23.232316Z", "level": "info"}
{"alive": true, "rss_mb": 59.5, "cpu_percent": 0.0, "event": "heartbeat", "timestamp": "2025-09-18T17:51:53.240445Z", "level": "info"}
{"alive": true, "rss_mb": 59.5, "cpu_percent": 0.0, "event": "heartbeat", "timestamp": "2025-09-18T17:52:23.237287Z", "level": "info"}
{"alive": true, "rss_mb": 59.5, "cpu_percent": 0.0, "event": "heartbeat", "timestamp": "2025-09-18T17:52:53.242763Z", "level": "info"}
{"alive": true, "rss_mb": 59.5, "cpu_percent": 0.0, "event": "heartbeat", "timestamp": "2025-09-18T17:53:23.257166Z", "level": "info"}
{"alive": true, "rss_mb": 59.5, "cpu_percent": 0.0, "event": "heartbeat", "timestamp": "2025-09-18T17:53:53.266168Z", "level": "info"}
Running job "task_wrapper (trigger: interval[0:05:07.070337], next run at: 2025-09-18 19:59:08 CEST)" (scheduled at 2025-09-18 19:54:01.783727+02:00)
{"task": "derivatives_oi", "ts": "2025-09-18T17:54:01.800509Z", "event": "task_start", "timestamp": "2025-09-18T17:54:01.800509Z", "level": "info"}
{"symbol": "BTCUSDT", "event": "deriv_cache_hit", "timestamp": "2025-09-18T17:54:01.802504Z", "level": "info"}
{"task": "derivatives_oi", "event": "task_ok", "timestamp": "2025-09-18T17:54:01.803506Z", "level": "info"}
{"task": "derivatives_oi", "duration": 0.003995, "event": "task_end", "timestamp": "2025-09-18T17:54:01.804504Z", "level": "info"}
Job "task_wrapper (trigger: interval[0:05:07.070337], next run at: 2025-09-18 19:59:08 CEST)" executed successfully
Running job "task_wrapper (trigger: interval[0:05:03.285188], next run at: 2025-09-18 19:59:21 CEST)" (scheduled at 2025-09-18 19:54:18.345129+02:00)
{"task": "derivatives_lsr", "ts": "2025-09-18T17:54:18.366904Z", "event": "task_start", "timestamp": "2025-09-18T17:54:18.366904Z", "level": "info"}
{"symbol": "BTCUSDT", "metric": "long_short_ratio", "event": "deriv_cache_hit", "timestamp": "2025-09-18T17:54:18.367904Z", "level": "info"}
{"task": "derivatives_lsr", "event": "task_ok", "timestamp": "2025-09-18T17:54:18.368904Z", "level": "info"}
{"task": "derivatives_lsr", "duration": 0.002, "event": "task_end", "timestamp": "2025-09-18T17:54:18.368904Z", "level": "info"}
Job "task_wrapper (trigger: interval[0:05:03.285188], next run at: 2025-09-18 19:59:21 CEST)" executed successfully
{"alive": true, "rss_mb": 59.5, "cpu_percent": 0.0, "event": "heartbeat", "timestamp": "2025-09-18T17:54:23.291408Z", "level": "info"}
{"alive": true, "rss_mb": 59.5, "cpu_percent": 0.0, "event": "heartbeat", "timestamp": "2025-09-18T17:54:53.307123Z", "level": "info"}
{"alive": true, "rss_mb": 59.5, "cpu_percent": 0.0, "event": "heartbeat", "timestamp": "2025-09-18T17:55:23.325326Z", "level": "info"}
{"alive": true, "rss_mb": 59.5, "cpu_percent": 0.0, "event": "heartbeat", "timestamp": "2025-09-18T17:55:53.342084Z", "level": "info"}
Running job "task_wrapper (trigger: interval[0:05:08.878330], next run at: 2025-09-18 20:01:08 CEST)" (scheduled at 2025-09-18 19:55:59.585754+02:00)
{"task": "macro", "ts": "2025-09-18T17:55:59.602357Z", "event": "task_start", "timestamp": "2025-09-18T17:55:59.602357Z", "level": "info"}
{"symbol": "bitcoin", "event": "macro_cache_hit", "timestamp": "2025-09-18T17:55:59.603360Z", "level": "info"}
{"task": "macro", "event": "task_ok", "timestamp": "2025-09-18T17:55:59.604364Z", "level": "info"}
{"task": "macro", "duration": 0.004001, "event": "task_end", "timestamp": "2025-09-18T17:55:59.606358Z", "level": "info"}
Job "task_wrapper (trigger: interval[0:05:08.878330], next run at: 2025-09-18 20:01:08 CEST)" executed successfully
{"alive": true, "rss_mb": 59.5, "cpu_percent": 0.0, "event": "heartbeat", "timestamp": "2025-09-18T17:56:23.352736Z", "level": "info"}
{"alive": true, "rss_mb": 59.5, "cpu_percent": 0.0, "event": "heartbeat", "timestamp": "2025-09-18T17:56:53.358015Z", "level": "info"}
{"alive": true, "rss_mb": 59.5, "cpu_percent": 0.0, "event": "heartbeat", "timestamp": "2025-09-18T17:57:23.368116Z", "level": "info"}
{"alive": true, "rss_mb": 59.5, "cpu_percent": 0.0, "event": "heartbeat", "timestamp": "2025-09-18T17:57:53.372366Z", "level": "info"}
{"alive": true, "rss_mb": 59.5, "cpu_percent": 0.0, "event": "heartbeat", "timestamp": "2025-09-18T17:58:23.382116Z", "level": "info"}
{"alive": true, "rss_mb": 59.5, "cpu_percent": 0.0, "event": "heartbeat", "timestamp": "2025-09-18T17:58:53.396250Z", "level": "info"}
Running job "task_wrapper (trigger: interval[0:05:07.070337], next run at: 2025-09-18 20:04:15 CEST)" (scheduled at 2025-09-18 19:59:08.854064+02:00)
{"task": "derivatives_oi", "ts": "2025-09-18T17:59:08.861746Z", "event": "task_start", "timestamp": "2025-09-18T17:59:08.861746Z", "level": "info"}
{"symbol": "BTCUSDT", "event": "deriv_cache_hit", "timestamp": "2025-09-18T17:59:08.862744Z", "level": "info"}
{"task": "derivatives_oi", "event": "task_ok", "timestamp": "2025-09-18T17:59:08.863744Z", "level": "info"}
{"task": "derivatives_oi", "duration": 0.002191, "event": "task_end", "timestamp": "2025-09-18T17:59:08.863937Z", "level": "info"}
Job "task_wrapper (trigger: interval[0:05:07.070337], next run at: 2025-09-18 20:04:15 CEST)" executed successfully
Running job "task_wrapper (trigger: interval[0:05:03.285188], next run at: 2025-09-18 20:04:24 CEST)" (scheduled at 2025-09-18 19:59:21.630317+02:00)
{"task": "derivatives_lsr", "ts": "2025-09-18T17:59:21.635685Z", "event": "task_start", "timestamp": "2025-09-18T17:59:21.635685Z", "level": "info"}
{"symbol": "BTCUSDT", "metric": "long_short_ratio", "event": "deriv_cache_hit", "timestamp": "2025-09-18T17:59:21.636676Z", "level": "info"}
{"task": "derivatives_lsr", "event": "task_ok", "timestamp": "2025-09-18T17:59:21.638686Z", "level": "info"}
{"task": "derivatives_lsr", "duration": 0.00399, "event": "task_end", "timestamp": "2025-09-18T17:59:21.639675Z", "level": "info"}
Job "task_wrapper (trigger: interval[0:05:03.285188], next run at: 2025-09-18 20:04:24 CEST)" executed successfully
{"alive": true, "rss_mb": 59.5, "cpu_percent": 0.0, "event": "heartbeat", "timestamp": "2025-09-18T17:59:23.401233Z", "level": "info"}
{"alive": true, "rss_mb": 59.5, "cpu_percent": 0.0, "event": "heartbeat", "timestamp": "2025-09-18T17:59:53.403780Z", "level": "info"}
{"alive": true, "rss_mb": 59.5, "cpu_percent": 0.0, "event": "heartbeat", "timestamp": "2025-09-18T18:00:23.413832Z", "level": "info"}
{"alive": true, "rss_mb": 59.5, "cpu_percent": 0.0, "event": "heartbeat", "timestamp": "2025-09-18T18:00:53.427265Z", "level": "info"}
Running job "task_wrapper (trigger: interval[0:05:08.878330], next run at: 2025-09-18 20:06:17 CEST)" (scheduled at 2025-09-18 20:01:08.464084+02:00)
{"task": "macro", "ts": "2025-09-18T18:01:08.474644Z", "event": "task_start", "timestamp": "2025-09-18T18:01:08.474644Z", "level": "info"}
{"symbol": "bitcoin", "event": "macro_cache_hit", "timestamp": "2025-09-18T18:01:08.475644Z", "level": "info"}
{"task": "macro", "event": "task_ok", "timestamp": "2025-09-18T18:01:08.475644Z", "level": "info"}
{"task": "macro", "duration": 0.002002, "event": "task_end", "timestamp": "2025-09-18T18:01:08.476646Z", "level": "info"}
Job "task_wrapper (trigger: interval[0:05:08.878330], next run at: 2025-09-18 20:06:17 CEST)" executed successfully
{"alive": true, "rss_mb": 59.5, "cpu_percent": 0.0, "event": "heartbeat", "timestamp": "2025-09-18T18:01:23.432560Z", "level": "info"}
{"alive": true, "rss_mb": 59.5, "cpu_percent": 0.0, "event": "heartbeat", "timestamp": "2025-09-18T18:01:53.448080Z", "level": "info"}
{"alive": true, "rss_mb": 59.5, "cpu_percent": 0.0, "event": "heartbeat", "timestamp": "2025-09-18T18:02:23.450883Z", "level": "info"}
{"alive": true, "rss_mb": 59.5, "cpu_percent": 0.0, "event": "heartbeat", "timestamp": "2025-09-18T18:02:53.462937Z", "level": "info"}
{"alive": true, "rss_mb": 59.5, "cpu_percent": 0.0, "event": "heartbeat", "timestamp": "2025-09-18T18:03:23.480959Z", "level": "info"}
{"alive": true, "rss_mb": 59.5, "cpu_percent": 0.0, "event": "heartbeat", "timestamp": "2025-09-18T18:03:53.497331Z", "level": "info"}
Running job "task_wrapper (trigger: interval[0:29:42.286402], next run at: 2025-09-18 20:33:49 CEST)" (scheduled at 2025-09-18 20:04:06.925679+02:00)
{"task": "onchain_sopr", "ts": "2025-09-18T18:04:06.930933Z", "event": "task_start", "timestamp": "2025-09-18T18:04:06.930933Z", "level": "info"}
{"symbol": "BTC", "event": "onchain_cache_hit", "timestamp": "2025-09-18T18:04:06.931936Z", "level": "info"}
{"task": "onchain_sopr", "event": "task_ok", "timestamp": "2025-09-18T18:04:06.932934Z", "level": "info"}
{"task": "onchain_sopr", "duration": 0.003004, "event": "task_end", "timestamp": "2025-09-18T18:04:06.933937Z", "level": "info"}
Job "task_wrapper (trigger: interval[0:29:42.286402], next run at: 2025-09-18 20:33:49 CEST)" executed successfully
Running job "task_wrapper (trigger: interval[0:05:07.070337], next run at: 2025-09-18 20:09:22 CEST)" (scheduled at 2025-09-18 20:04:15.924401+02:00)
{"task": "derivatives_oi", "ts": "2025-09-18T18:04:15.928747Z", "event": "task_start", "timestamp": "2025-09-18T18:04:15.928747Z", "level": "info"}
{"symbol": "BTCUSDT", "event": "deriv_cache_hit", "timestamp": "2025-09-18T18:04:15.929745Z", "level": "info"}
{"task": "derivatives_oi", "event": "task_ok", "timestamp": "2025-09-18T18:04:15.931746Z", "level": "info"}
{"task": "derivatives_oi", "duration": 0.004002, "event": "task_end", "timestamp": "2025-09-18T18:04:15.932749Z", "level": "info"}
Job "task_wrapper (trigger: interval[0:05:07.070337], next run at: 2025-09-18 20:09:22 CEST)" executed successfully
{"alive": true, "rss_mb": 59.5, "cpu_percent": 0.0, "event": "heartbeat", "timestamp": "2025-09-18T18:04:23.508289Z", "level": "info"}
Running job "task_wrapper (trigger: interval[0:05:03.285188], next run at: 2025-09-18 20:09:28 CEST)" (scheduled at 2025-09-18 20:04:24.915505+02:00)
{"task": "derivatives_lsr", "ts": "2025-09-18T18:04:24.932358Z", "event": "task_start", "timestamp": "2025-09-18T18:04:24.932358Z", "level": "info"}
{"symbol": "BTCUSDT", "metric": "long_short_ratio", "event": "deriv_cache_hit", "timestamp": "2025-09-18T18:04:24.933359Z", "level": "info"}
{"task": "derivatives_lsr", "event": "task_ok", "timestamp": "2025-09-18T18:04:24.934364Z", "level": "info"}
{"task": "derivatives_lsr", "duration": 0.003002, "event": "task_end", "timestamp": "2025-09-18T18:04:24.935360Z", "level": "info"}
Job "task_wrapper (trigger: interval[0:05:03.285188], next run at: 2025-09-18 20:09:28 CEST)" executed successfully
{"alive": true, "rss_mb": 59.5, "cpu_percent": 0.0, "event": "heartbeat", "timestamp": "2025-09-18T18:04:53.511591Z", "level": "info"}
{"alive": true, "rss_mb": 59.5, "cpu_percent": 0.0, "event": "heartbeat", "timestamp": "2025-09-18T18:05:23.534957Z", "level": "info"}
{"alive": true, "rss_mb": 59.5, "cpu_percent": 0.0, "event": "heartbeat", "timestamp": "2025-09-18T18:05:53.550457Z", "level": "info"}
Running job "task_wrapper (trigger: interval[0:05:08.878330], next run at: 2025-09-18 20:11:26 CEST)" (scheduled at 2025-09-18 20:06:17.342414+02:00)
{"task": "macro", "ts": "2025-09-18T18:06:17.358765Z", "event": "task_start", "timestamp": "2025-09-18T18:06:17.358765Z", "level": "info"}
{"symbol": "bitcoin", "event": "macro_cache_hit", "timestamp": "2025-09-18T18:06:17.359765Z", "level": "info"}
{"task": "macro", "event": "task_ok", "timestamp": "2025-09-18T18:06:17.360766Z", "level": "info"}
{"task": "macro", "duration": 0.003, "event": "task_end", "timestamp": "2025-09-18T18:06:17.361765Z", "level": "info"}
Job "task_wrapper (trigger: interval[0:05:08.878330], next run at: 2025-09-18 20:11:26 CEST)" executed successfully
{"alive": true, "rss_mb": 59.5, "cpu_percent": 0.0, "event": "heartbeat", "timestamp": "2025-09-18T18:06:23.547364Z", "level": "info"}
Running job "task_wrapper (trigger: interval[0:15:38.604368], next run at: 2025-09-18 20:22:02 CEST)" (scheduled at 2025-09-18 20:06:24.320905+02:00)
{"task": "defillama", "ts": "2025-09-18T18:06:24.334497Z", "event": "task_start", "timestamp": "2025-09-18T18:06:24.334497Z", "level": "info"}
{"chain": "ethereum", "event": "defillama_cache_hit", "timestamp": "2025-09-18T18:06:24.335480Z", "level": "info"}
{"task": "defillama", "event": "task_ok", "timestamp": "2025-09-18T18:06:24.336489Z", "level": "info"}
{"task": "defillama", "duration": 0.002982, "event": "task_end", "timestamp": "2025-09-18T18:06:24.337479Z", "level": "info"}
Job "task_wrapper (trigger: interval[0:15:38.604368], next run at: 2025-09-18 20:22:02 CEST)" executed successfully
{"alive": true, "rss_mb": 59.5, "cpu_percent": 0.0, "event": "heartbeat", "timestamp": "2025-09-18T18:06:53.554197Z", "level": "info"}
{"alive": true, "rss_mb": 59.5, "cpu_percent": 0.0, "event": "heartbeat", "timestamp": "2025-09-18T18:07:23.557988Z", "level": "info"}
{"alive": true, "rss_mb": 59.5, "cpu_percent": 0.0, "event": "heartbeat", "timestamp": "2025-09-18T18:07:53.574044Z", "level": "info"}
{"alive": true, "rss_mb": 59.5, "cpu_percent": 0.0, "event": "heartbeat", "timestamp": "2025-09-18T18:08:23.589129Z", "level": "info"}
Running job "task_wrapper (trigger: interval[0:29:49.249948], next run at: 2025-09-18 20:38:41 CEST)" (scheduled at 2025-09-18 20:08:52.429063+02:00)
{"task": "onchain_tx", "ts": "2025-09-18T18:08:52.438631Z", "event": "task_start", "timestamp": "2025-09-18T18:08:52.438631Z", "level": "info"}
HTTP Request: GET https://api.blockchain.info/q/getblockcount "HTTP/1.1 200 OK"
{"symbol": "BTC", "source": "blockchain.info", "event": "onchain_success", "timestamp": "2025-09-18T18:08:53.050330Z", "level": "info"}
{"task": "onchain_tx", "event": "task_ok", "timestamp": "2025-09-18T18:08:53.051314Z", "level": "info"}
{"task": "onchain_tx", "duration": 0.613684, "event": "task_end", "timestamp": "2025-09-18T18:08:53.052315Z", "level": "info"}
Job "task_wrapper (trigger: interval[0:29:49.249948], next run at: 2025-09-18 20:38:41 CEST)" executed successfully
{"alive": true, "rss_mb": 59.7, "cpu_percent": 0.0, "event": "heartbeat", "timestamp": "2025-09-18T18:08:53.614911Z", "level": "info"}
Running job "task_wrapper (trigger: interval[0:05:07.070337], next run at: 2025-09-18 20:14:30 CEST)" (scheduled at 2025-09-18 20:09:22.994738+02:00)
{"task": "derivatives_oi", "ts": "2025-09-18T18:09:23.000474Z", "event": "task_start", "timestamp": "2025-09-18T18:09:23.000474Z", "level": "info"}
{"symbol": "BTCUSDT", "event": "deriv_cache_hit", "timestamp": "2025-09-18T18:09:23.001482Z", "level": "info"}
{"task": "derivatives_oi", "event": "task_ok", "timestamp": "2025-09-18T18:09:23.003479Z", "level": "info"}
{"task": "derivatives_oi", "duration": 0.003005, "event": "task_end", "timestamp": "2025-09-18T18:09:23.003479Z", "level": "info"}
Job "task_wrapper (trigger: interval[0:05:07.070337], next run at: 2025-09-18 20:14:30 CEST)" executed successfully
{"alive": true, "rss_mb": 59.7, "cpu_percent": 0.0, "event": "heartbeat", "timestamp": "2025-09-18T18:09:23.627991Z", "level": "info"}
Running job "task_wrapper (trigger: interval[0:05:03.285188], next run at: 2025-09-18 20:14:31 CEST)" (scheduled at 2025-09-18 20:09:28.200693+02:00)
{"task": "derivatives_lsr", "ts": "2025-09-18T18:09:28.221277Z", "event": "task_start", "timestamp": "2025-09-18T18:09:28.221277Z", "level": "info"}
{"symbol": "BTCUSDT", "metric": "long_short_ratio", "event": "deriv_cache_hit", "timestamp": "2025-09-18T18:09:28.222273Z", "level": "info"}
{"task": "derivatives_lsr", "event": "task_ok", "timestamp": "2025-09-18T18:09:28.223276Z", "level": "info"}
{"task": "derivatives_lsr", "duration": 0.003007, "event": "task_end", "timestamp": "2025-09-18T18:09:28.224284Z", "level": "info"}
Job "task_wrapper (trigger: interval[0:05:03.285188], next run at: 2025-09-18 20:14:31 CEST)" executed successfully
{"alive": true, "rss_mb": 59.7, "cpu_percent": 0.0, "event": "heartbeat", "timestamp": "2025-09-18T18:09:53.640611Z", "level": "info"}
{"alive": true, "rss_mb": 59.7, "cpu_percent": 0.0, "event": "heartbeat", "timestamp": "2025-09-18T18:10:23.639373Z", "level": "info"}
{"alive": true, "rss_mb": 59.7, "cpu_percent": 0.0, "event": "heartbeat", "timestamp": "2025-09-18T18:10:53.654783Z", "level": "info"}
{"alive": true, "rss_mb": 59.7, "cpu_percent": 0.0, "event": "heartbeat", "timestamp": "2025-09-18T18:11:23.667955Z", "level": "info"}
Running job "task_wrapper (trigger: interval[0:05:08.878330], next run at: 2025-09-18 20:16:35 CEST)" (scheduled at 2025-09-18 20:11:26.220744+02:00)
{"task": "macro", "ts": "2025-09-18T18:11:26.234903Z", "event": "task_start", "timestamp": "2025-09-18T18:11:26.234903Z", "level": "info"}
{"symbol": "bitcoin", "event": "macro_cache_hit", "timestamp": "2025-09-18T18:11:26.236901Z", "level": "info"}
{"task": "macro", "event": "task_ok", "timestamp": "2025-09-18T18:11:26.237901Z", "level": "info"}
{"task": "macro", "duration": 0.003998, "event": "task_end", "timestamp": "2025-09-18T18:11:26.238901Z", "level": "info"}
Job "task_wrapper (trigger: interval[0:05:08.878330], next run at: 2025-09-18 20:16:35 CEST)" executed successfully
{"alive": true, "rss_mb": 59.7, "cpu_percent": 0.0, "event": "heartbeat", "timestamp": "2025-09-18T18:11:53.691523Z", "level": "info"}
{"alive": true, "rss_mb": 59.7, "cpu_percent": 0.0, "event": "heartbeat", "timestamp": "2025-09-18T18:12:23.692261Z", "level": "info"}
{"alive": true, "rss_mb": 59.7, "cpu_percent": 0.0, "event": "heartbeat", "timestamp": "2025-09-18T18:12:53.696247Z", "level": "info"}
{"alive": true, "rss_mb": 59.7, "cpu_percent": 0.0, "event": "heartbeat", "timestamp": "2025-09-18T18:13:23.694477Z", "level": "info"}
{"alive": true, "rss_mb": 59.7, "cpu_percent": 0.0, "event": "heartbeat", "timestamp": "2025-09-18T18:13:53.708522Z", "level": "info"}
Running job "task_wrapper (trigger: interval[0:28:33.563456], next run at: 2025-09-18 20:42:49 CEST)" (scheduled at 2025-09-18 20:14:16.410810+02:00)
{"task": "onchain_hashrate", "ts": "2025-09-18T18:14:16.433239Z", "event": "task_start", "timestamp": "2025-09-18T18:14:16.433239Z", "level": "info"}
HTTP Request: GET https://api.blockchain.info/q/hashrate "HTTP/1.1 200 OK"
{"symbol": "BTC", "source": "blockchain.info", "event": "onchain_success", "timestamp": "2025-09-18T18:14:17.448657Z", "level": "info"}
{"task": "onchain_hashrate", "event": "task_ok", "timestamp": "2025-09-18T18:14:17.450663Z", "level": "info"}
{"task": "onchain_hashrate", "duration": 1.018426, "event": "task_end", "timestamp": "2025-09-18T18:14:17.451665Z", "level": "info"}
Job "task_wrapper (trigger: interval[0:28:33.563456], next run at: 2025-09-18 20:42:49 CEST)" executed successfully
{"alive": true, "rss_mb": 59.8, "cpu_percent": 0.0, "event": "heartbeat", "timestamp": "2025-09-18T18:14:23.720345Z", "level": "info"}
Running job "task_wrapper (trigger: interval[0:05:07.070337], next run at: 2025-09-18 20:19:37 CEST)" (scheduled at 2025-09-18 20:14:30.065075+02:00)
{"task": "derivatives_oi", "ts": "2025-09-18T18:14:30.074640Z", "event": "task_start", "timestamp": "2025-09-18T18:14:30.074640Z", "level": "info"}
{"symbol": "BTCUSDT", "event": "deriv_cache_hit", "timestamp": "2025-09-18T18:14:30.075638Z", "level": "info"}
{"task": "derivatives_oi", "event": "task_ok", "timestamp": "2025-09-18T18:14:30.076655Z", "level": "info"}
{"task": "derivatives_oi", "duration": 0.002996, "event": "task_end", "timestamp": "2025-09-18T18:14:30.077636Z", "level": "info"}
Job "task_wrapper (trigger: interval[0:05:07.070337], next run at: 2025-09-18 20:19:37 CEST)" executed successfully
Running job "task_wrapper (trigger: interval[0:05:03.285188], next run at: 2025-09-18 20:19:34 CEST)" (scheduled at 2025-09-18 20:14:31.485881+02:00)
{"task": "derivatives_lsr", "ts": "2025-09-18T18:14:31.493881Z", "event": "task_start", "timestamp": "2025-09-18T18:14:31.493881Z", "level": "info"}
{"symbol": "BTCUSDT", "metric": "long_short_ratio", "event": "deriv_cache_hit", "timestamp": "2025-09-18T18:14:31.494872Z", "level": "info"}
{"task": "derivatives_lsr", "event": "task_ok", "timestamp": "2025-09-18T18:14:31.495884Z", "level": "info"}
{"task": "derivatives_lsr", "duration": 0.002003, "event": "task_end", "timestamp": "2025-09-18T18:14:31.495884Z", "level": "info"}
Job "task_wrapper (trigger: interval[0:05:03.285188], next run at: 2025-09-18 20:19:34 CEST)" executed successfully
{"alive": true, "rss_mb": 59.8, "cpu_percent": 0.0, "event": "heartbeat", "timestamp": "2025-09-18T18:14:53.726049Z", "level": "info"}
{"alive": true, "rss_mb": 59.8, "cpu_percent": 0.0, "event": "heartbeat", "timestamp": "2025-09-18T18:15:23.722170Z", "level": "info"}
{"alive": true, "rss_mb": 59.8, "cpu_percent": 0.0, "event": "heartbeat", "timestamp": "2025-09-18T18:15:53.724701Z", "level": "info"}
{"alive": true, "rss_mb": 59.8, "cpu_percent": 0.0, "event": "heartbeat", "timestamp": "2025-09-18T18:16:23.726287Z", "level": "info"}
Running job "task_wrapper (trigger: interval[0:05:08.878330], next run at: 2025-09-18 20:21:43 CEST)" (scheduled at 2025-09-18 20:16:35.099074+02:00)
{"task": "macro", "ts": "2025-09-18T18:16:35.109289Z", "event": "task_start", "timestamp": "2025-09-18T18:16:35.109289Z", "level": "info"}
{"symbol": "bitcoin", "event": "macro_cache_hit", "timestamp": "2025-09-18T18:16:35.111289Z", "level": "info"}
{"task": "macro", "event": "task_ok", "timestamp": "2025-09-18T18:16:35.112290Z", "level": "info"}
{"task": "macro", "duration": 0.003279, "event": "task_end", "timestamp": "2025-09-18T18:16:35.112568Z", "level": "info"}
Job "task_wrapper (trigger: interval[0:05:08.878330], next run at: 2025-09-18 20:21:43 CEST)" executed successfully
{"alive": true, "rss_mb": 59.8, "cpu_percent": 0.0, "event": "heartbeat", "timestamp": "2025-09-18T18:16:53.727849Z", "level": "info"}
{"alive": true, "rss_mb": 59.8, "cpu_percent": 0.0, "event": "heartbeat", "timestamp": "2025-09-18T18:17:23.726593Z", "level": "info"}
{"alive": true, "rss_mb": 59.7, "cpu_percent": 0.0, "event": "heartbeat", "timestamp": "2025-09-18T18:17:53.731956Z", "level": "info"}
{"alive": true, "rss_mb": 59.7, "cpu_percent": 0.0, "event": "heartbeat", "timestamp": "2025-09-18T18:18:23.742884Z", "level": "info"}
{"alive": true, "rss_mb": 59.7, "cpu_percent": 0.0, "event": "heartbeat", "timestamp": "2025-09-18T18:18:53.745526Z", "level": "info"}
{"alive": true, "rss_mb": 59.7, "cpu_percent": 0.0, "event": "heartbeat", "timestamp": "2025-09-18T18:19:23.768268Z", "level": "info"}
Running job "task_wrapper (trigger: interval[0:05:03.285188], next run at: 2025-09-18 20:24:38 CEST)" (scheduled at 2025-09-18 20:19:34.771069+02:00)
{"task": "derivatives_lsr", "ts": "2025-09-18T18:19:34.789461Z", "event": "task_start", "timestamp": "2025-09-18T18:19:34.790460Z", "level": "info"}
{"symbol": "BTCUSDT", "metric": "long_short_ratio", "event": "deriv_cache_hit", "timestamp": "2025-09-18T18:19:34.791448Z", "level": "info"}
{"task": "derivatives_lsr", "event": "task_ok", "timestamp": "2025-09-18T18:19:34.792464Z", "level": "info"}
{"task": "derivatives_lsr", "duration": 0.003979, "event": "task_end", "timestamp": "2025-09-18T18:19:34.793440Z", "level": "info"}
Job "task_wrapper (trigger: interval[0:05:03.285188], next run at: 2025-09-18 20:24:38 CEST)" executed successfully
Running job "task_wrapper (trigger: interval[0:05:07.070337], next run at: 2025-09-18 20:24:44 CEST)" (scheduled at 2025-09-18 20:19:37.135412+02:00)
{"task": "derivatives_oi", "ts": "2025-09-18T18:19:37.136757Z", "event": "task_start", "timestamp": "2025-09-18T18:19:37.136757Z", "level": "info"}
{"symbol": "BTCUSDT", "event": "deriv_cache_hit", "timestamp": "2025-09-18T18:19:37.137751Z", "level": "info"}
{"task": "derivatives_oi", "event": "task_ok", "timestamp": "2025-09-18T18:19:37.138749Z", "level": "info"}
{"task": "derivatives_oi", "duration": 0.002979, "event": "task_end", "timestamp": "2025-09-18T18:19:37.139736Z", "level": "info"}
Job "task_wrapper (trigger: interval[0:05:07.070337], next run at: 2025-09-18 20:24:44 CEST)" executed successfully
{"alive": true, "rss_mb": 59.7, "cpu_percent": 0.0, "event": "heartbeat", "timestamp": "2025-09-18T18:19:53.781629Z", "level": "info"}
{"alive": true, "rss_mb": 59.7, "cpu_percent": 0.0, "event": "heartbeat", "timestamp": "2025-09-18T18:20:23.801494Z", "level": "info"}
{"alive": true, "rss_mb": 59.7, "cpu_percent": 0.0, "event": "heartbeat", "timestamp": "2025-09-18T18:20:53.802607Z", "level": "info"}
{"alive": true, "rss_mb": 59.7, "cpu_percent": 0.0, "event": "heartbeat", "timestamp": "2025-09-18T18:21:23.808617Z", "level": "info"}
Running job "task_wrapper (trigger: interval[0:05:08.878330], next run at: 2025-09-18 20:26:52 CEST)" (scheduled at 2025-09-18 20:21:43.977404+02:00)
{"task": "macro", "ts": "2025-09-18T18:21:43.986252Z", "event": "task_start", "timestamp": "2025-09-18T18:21:43.986252Z", "level": "info"}
{"symbol": "bitcoin", "event": "macro_cache_hit", "timestamp": "2025-09-18T18:21:43.987256Z", "level": "info"}
{"task": "macro", "event": "task_ok", "timestamp": "2025-09-18T18:21:43.988253Z", "level": "info"}
{"task": "macro", "duration": 0.003006, "event": "task_end", "timestamp": "2025-09-18T18:21:43.989258Z", "level": "info"}
Job "task_wrapper (trigger: interval[0:05:08.878330], next run at: 2025-09-18 20:26:52 CEST)" executed successfully
{"alive": true, "rss_mb": 59.7, "cpu_percent": 0.0, "event": "heartbeat", "timestamp": "2025-09-18T18:21:53.830510Z", "level": "info"}
Running job "task_wrapper (trigger: interval[0:15:38.604368], next run at: 2025-09-18 20:37:41 CEST)" (scheduled at 2025-09-18 20:22:02.925273+02:00)
{"task": "defillama", "ts": "2025-09-18T18:22:02.941755Z", "event": "task_start", "timestamp": "2025-09-18T18:22:02.941755Z", "level": "info"}
{"chain": "ethereum", "event": "defillama_cache_hit", "timestamp": "2025-09-18T18:22:02.942738Z", "level": "info"}
{"task": "defillama", "event": "task_ok", "timestamp": "2025-09-18T18:22:02.943736Z", "level": "info"}
{"task": "defillama", "duration": 0.002983, "event": "task_end", "timestamp": "2025-09-18T18:22:02.944738Z", "level": "info"}
Job "task_wrapper (trigger: interval[0:15:38.604368], next run at: 2025-09-18 20:37:41 CEST)" executed successfully
{"alive": true, "rss_mb": 59.7, "cpu_percent": 0.0, "event": "heartbeat", "timestamp": "2025-09-18T18:22:23.839280Z", "level": "info"}
{"alive": true, "rss_mb": 59.7, "cpu_percent": 0.0, "event": "heartbeat", "timestamp": "2025-09-18T18:22:53.849714Z", "level": "info"}
{"alive": true, "rss_mb": 59.7, "cpu_percent": 0.0, "event": "heartbeat", "timestamp": "2025-09-18T18:23:23.857423Z", "level": "info"}
{"alive": true, "rss_mb": 59.7, "cpu_percent": 0.0, "event": "heartbeat", "timestamp": "2025-09-18T18:23:53.863810Z", "level": "info"}
{"alive": true, "rss_mb": 59.7, "cpu_percent": 0.0, "event": "heartbeat", "timestamp": "2025-09-18T18:24:23.859562Z", "level": "info"}
Running job "task_wrapper (trigger: interval[0:05:03.285188], next run at: 2025-09-18 20:29:41 CEST)" (scheduled at 2025-09-18 20:24:38.056257+02:00)
{"task": "derivatives_lsr", "ts": "2025-09-18T18:24:38.069543Z", "event": "task_start", "timestamp": "2025-09-18T18:24:38.069543Z", "level": "info"}
{"symbol": "BTCUSDT", "metric": "long_short_ratio", "event": "deriv_cache_hit", "timestamp": "2025-09-18T18:24:38.070544Z", "level": "info"}
{"task": "derivatives_lsr", "event": "task_ok", "timestamp": "2025-09-18T18:24:38.071542Z", "level": "info"}
{"task": "derivatives_lsr", "duration": 0.002997, "event": "task_end", "timestamp": "2025-09-18T18:24:38.072540Z", "level": "info"}
Job "task_wrapper (trigger: interval[0:05:03.285188], next run at: 2025-09-18 20:29:41 CEST)" executed successfully
Running job "task_wrapper (trigger: interval[0:05:07.070337], next run at: 2025-09-18 20:29:51 CEST)" (scheduled at 2025-09-18 20:24:44.205749+02:00)
{"task": "derivatives_oi", "ts": "2025-09-18T18:24:44.213171Z", "event": "task_start", "timestamp": "2025-09-18T18:24:44.213171Z", "level": "info"}
{"symbol": "BTCUSDT", "event": "deriv_cache_hit", "timestamp": "2025-09-18T18:24:44.214184Z", "level": "info"}
{"task": "derivatives_oi", "event": "task_ok", "timestamp": "2025-09-18T18:24:44.216179Z", "level": "info"}
{"task": "derivatives_oi", "duration": 0.003998, "event": "task_end", "timestamp": "2025-09-18T18:24:44.217169Z", "level": "info"}
Job "task_wrapper (trigger: interval[0:05:07.070337], next run at: 2025-09-18 20:29:51 CEST)" executed successfully
{"alive": true, "rss_mb": 59.7, "cpu_percent": 0.0, "event": "heartbeat", "timestamp": "2025-09-18T18:24:53.862659Z", "level": "info"}
{"alive": true, "rss_mb": 59.7, "cpu_percent": 0.0, "event": "heartbeat", "timestamp": "2025-09-18T18:25:23.874998Z", "level": "info"}
{"alive": true, "rss_mb": 59.7, "cpu_percent": 0.0, "event": "heartbeat", "timestamp": "2025-09-18T18:25:53.888827Z", "level": "info"}
{"alive": true, "rss_mb": 59.7, "cpu_percent": 0.0, "event": "heartbeat", "timestamp": "2025-09-18T18:26:23.907367Z", "level": "info"}
Running job "task_wrapper (trigger: interval[0:05:08.878330], next run at: 2025-09-18 20:32:01 CEST)" (scheduled at 2025-09-18 20:26:52.855734+02:00)
{"task": "macro", "ts": "2025-09-18T18:26:52.860349Z", "event": "task_start", "timestamp": "2025-09-18T18:26:52.860349Z", "level": "info"}
{"symbol": "bitcoin", "event": "macro_cache_hit", "timestamp": "2025-09-18T18:26:52.861345Z", "level": "info"}
{"task": "macro", "event": "task_ok", "timestamp": "2025-09-18T18:26:52.862524Z", "level": "info"}
{"task": "macro", "duration": 0.003174, "event": "task_end", "timestamp": "2025-09-18T18:26:52.863523Z", "level": "info"}
Job "task_wrapper (trigger: interval[0:05:08.878330], next run at: 2025-09-18 20:32:01 CEST)" executed successfully
{"alive": true, "rss_mb": 59.7, "cpu_percent": 0.0, "event": "heartbeat", "timestamp": "2025-09-18T18:26:53.924597Z", "level": "info"}
{"alive": true, "rss_mb": 59.7, "cpu_percent": 0.0, "event": "heartbeat", "timestamp": "2025-09-18T18:27:23.944278Z", "level": "info"}
{"alive": true, "rss_mb": 59.7, "cpu_percent": 0.0, "event": "heartbeat", "timestamp": "2025-09-18T18:27:53.959517Z", "level": "info"}
{"alive": true, "rss_mb": 59.7, "cpu_percent": 0.0, "event": "heartbeat", "timestamp": "2025-09-18T18:28:23.963239Z", "level": "info"}
{"alive": true, "rss_mb": 59.7, "cpu_percent": 0.0, "event": "heartbeat", "timestamp": "2025-09-18T18:28:53.975473Z", "level": "info"}
{"alive": true, "rss_mb": 59.7, "cpu_percent": 0.0, "event": "heartbeat", "timestamp": "2025-09-18T18:29:23.971674Z", "level": "info"}
Running job "task_wrapper (trigger: interval[0:05:03.285188], next run at: 2025-09-18 20:34:44 CEST)" (scheduled at 2025-09-18 20:29:41.341445+02:00)
{"task": "derivatives_lsr", "ts": "2025-09-18T18:29:41.362438Z", "event": "task_start", "timestamp": "2025-09-18T18:29:41.362438Z", "level": "info"}
{"symbol": "BTCUSDT", "metric": "long_short_ratio", "event": "deriv_cache_hit", "timestamp": "2025-09-18T18:29:41.363435Z", "level": "info"}
{"task": "derivatives_lsr", "event": "task_ok", "timestamp": "2025-09-18T18:29:41.364436Z", "level": "info"}
{"task": "derivatives_lsr", "duration": 0.001998, "event": "task_end", "timestamp": "2025-09-18T18:29:41.364436Z", "level": "info"}
Job "task_wrapper (trigger: interval[0:05:03.285188], next run at: 2025-09-18 20:34:44 CEST)" executed successfully
Running job "task_wrapper (trigger: interval[0:05:07.070337], next run at: 2025-09-18 20:34:58 CEST)" (scheduled at 2025-09-18 20:29:51.276086+02:00)
{"task": "derivatives_oi", "ts": "2025-09-18T18:29:51.300036Z", "event": "task_start", "timestamp": "2025-09-18T18:29:51.300036Z", "level": "info"}
{"symbol": "BTCUSDT", "event": "deriv_cache_hit", "timestamp": "2025-09-18T18:29:51.301037Z", "level": "info"}
{"task": "derivatives_oi", "event": "task_ok", "timestamp": "2025-09-18T18:29:51.302039Z", "level": "info"}
{"task": "derivatives_oi", "duration": 0.002003, "event": "task_end", "timestamp": "2025-09-18T18:29:51.302039Z", "level": "info"}
Job "task_wrapper (trigger: interval[0:05:07.070337], next run at: 2025-09-18 20:34:58 CEST)" executed successfully
{"alive": true, "rss_mb": 59.7, "cpu_percent": 0.0, "event": "heartbeat", "timestamp": "2025-09-18T18:29:53.980732Z", "level": "info"}
{"alive": true, "rss_mb": 59.7, "cpu_percent": 0.0, "event": "heartbeat", "timestamp": "2025-09-18T18:30:23.984669Z", "level": "info"}
{"alive": true, "rss_mb": 59.7, "cpu_percent": 0.0, "event": "heartbeat", "timestamp": "2025-09-18T18:30:53.995884Z", "level": "info"}
{"alive": true, "rss_mb": 59.7, "cpu_percent": 0.0, "event": "heartbeat", "timestamp": "2025-09-18T18:31:24.006387Z", "level": "info"}
{"alive": true, "rss_mb": 59.7, "cpu_percent": 0.0, "event": "heartbeat", "timestamp": "2025-09-18T18:31:54.021096Z", "level": "info"}
Running job "task_wrapper (trigger: interval[0:05:08.878330], next run at: 2025-09-18 20:37:10 CEST)" (scheduled at 2025-09-18 20:32:01.734064+02:00)
{"task": "macro", "ts": "2025-09-18T18:32:01.743750Z", "event": "task_start", "timestamp": "2025-09-18T18:32:01.743750Z", "level": "info"}
{"symbol": "bitcoin", "event": "macro_cache_hit", "timestamp": "2025-09-18T18:32:01.744748Z", "level": "info"}
{"task": "macro", "event": "task_ok", "timestamp": "2025-09-18T18:32:01.745749Z", "level": "info"}
{"task": "macro", "duration": 0.002997, "event": "task_end", "timestamp": "2025-09-18T18:32:01.746747Z", "level": "info"}
Job "task_wrapper (trigger: interval[0:05:08.878330], next run at: 2025-09-18 20:37:10 CEST)" executed successfully
{"alive": true, "rss_mb": 59.7, "cpu_percent": 0.0, "event": "heartbeat", "timestamp": "2025-09-18T18:32:24.028784Z", "level": "info"}
{"alive": true, "rss_mb": 59.7, "cpu_percent": 0.0, "event": "heartbeat", "timestamp": "2025-09-18T18:32:54.043132Z", "level": "info"}
{"alive": true, "rss_mb": 59.7, "cpu_percent": 0.0, "event": "heartbeat", "timestamp": "2025-09-18T18:33:24.049596Z", "level": "info"}
Running job "task_wrapper (trigger: interval[0:29:42.286402], next run at: 2025-09-18 21:03:31 CEST)" (scheduled at 2025-09-18 20:33:49.212081+02:00)
{"task": "onchain_sopr", "ts": "2025-09-18T18:33:49.222364Z", "event": "task_start", "timestamp": "2025-09-18T18:33:49.222364Z", "level": "info"}
{"symbol": "BTC", "event": "onchain_cache_hit", "timestamp": "2025-09-18T18:33:49.223350Z", "level": "info"}
{"task": "onchain_sopr", "event": "task_ok", "timestamp": "2025-09-18T18:33:49.224349Z", "level": "info"}
{"task": "onchain_sopr", "duration": 0.002986, "event": "task_end", "timestamp": "2025-09-18T18:33:49.225350Z", "level": "info"}
Job "task_wrapper (trigger: interval[0:29:42.286402], next run at: 2025-09-18 21:03:31 CEST)" executed successfully
{"alive": true, "rss_mb": 59.7, "cpu_percent": 0.0, "event": "heartbeat", "timestamp": "2025-09-18T18:33:54.054524Z", "level": "info"}
{"alive": true, "rss_mb": 59.7, "cpu_percent": 0.0, "event": "heartbeat", "timestamp": "2025-09-18T18:34:24.051473Z", "level": "info"}
Running job "task_wrapper (trigger: interval[0:05:03.285188], next run at: 2025-09-18 20:39:47 CEST)" (scheduled at 2025-09-18 20:34:44.626633+02:00)
{"task": "derivatives_lsr", "ts": "2025-09-18T18:34:44.634558Z", "event": "task_start", "timestamp": "2025-09-18T18:34:44.634558Z", "level": "info"}
{"symbol": "BTCUSDT", "metric": "long_short_ratio", "event": "deriv_cache_hit", "timestamp": "2025-09-18T18:34:44.635558Z", "level": "info"}
{"task": "derivatives_lsr", "event": "task_ok", "timestamp": "2025-09-18T18:34:44.637561Z", "level": "info"}
{"task": "derivatives_lsr", "duration": 0.004021, "event": "task_end", "timestamp": "2025-09-18T18:34:44.638579Z", "level": "info"}
Job "task_wrapper (trigger: interval[0:05:03.285188], next run at: 2025-09-18 20:39:47 CEST)" executed successfully
{"alive": true, "rss_mb": 59.7, "cpu_percent": 0.0, "event": "heartbeat", "timestamp": "2025-09-18T18:34:54.049246Z", "level": "info"}
Running job "task_wrapper (trigger: interval[0:05:07.070337], next run at: 2025-09-18 20:40:05 CEST)" (scheduled at 2025-09-18 20:34:58.346423+02:00)
{"task": "derivatives_oi", "ts": "2025-09-18T18:34:58.352633Z", "event": "task_start", "timestamp": "2025-09-18T18:34:58.352633Z", "level": "info"}
{"symbol": "BTCUSDT", "event": "deriv_cache_hit", "timestamp": "2025-09-18T18:34:58.353637Z", "level": "info"}
{"task": "derivatives_oi", "event": "task_ok", "timestamp": "2025-09-18T18:34:58.354650Z", "level": "info"}
{"task": "derivatives_oi", "duration": 0.003017, "event": "task_end", "timestamp": "2025-09-18T18:34:58.355650Z", "level": "info"}
Job "task_wrapper (trigger: interval[0:05:07.070337], next run at: 2025-09-18 20:40:05 CEST)" executed successfully
{"alive": true, "rss_mb": 59.7, "cpu_percent": 0.0, "event": "heartbeat", "timestamp": "2025-09-18T18:35:24.049445Z", "level": "info"}
{"alive": true, "rss_mb": 59.7, "cpu_percent": 0.0, "event": "heartbeat", "timestamp": "2025-09-18T18:35:54.061278Z", "level": "info"}
{"alive": true, "rss_mb": 59.7, "cpu_percent": 0.0, "event": "heartbeat", "timestamp": "2025-09-18T18:36:24.073100Z", "level": "info"}
{"alive": true, "rss_mb": 59.7, "cpu_percent": 0.0, "event": "heartbeat", "timestamp": "2025-09-18T18:36:54.085105Z", "level": "info"}
Running job "task_wrapper (trigger: interval[0:05:08.878330], next run at: 2025-09-18 20:42:19 CEST)" (scheduled at 2025-09-18 20:37:10.612394+02:00)
{"task": "macro", "ts": "2025-09-18T18:37:10.622219Z", "event": "task_start", "timestamp": "2025-09-18T18:37:10.622219Z", "level": "info"}
{"symbol": "bitcoin", "event": "macro_cache_hit", "timestamp": "2025-09-18T18:37:10.623208Z", "level": "info"}
{"task": "macro", "event": "task_ok", "timestamp": "2025-09-18T18:37:10.623208Z", "level": "info"}
{"task": "macro", "duration": 0.002001, "event": "task_end", "timestamp": "2025-09-18T18:37:10.624220Z", "level": "info"}
Job "task_wrapper (trigger: interval[0:05:08.878330], next run at: 2025-09-18 20:42:19 CEST)" executed successfully
{"alive": true, "rss_mb": 59.7, "cpu_percent": 0.0, "event": "heartbeat", "timestamp": "2025-09-18T18:37:24.093605Z", "level": "info"}
Running job "task_wrapper (trigger: interval[0:15:38.604368], next run at: 2025-09-18 20:53:20 CEST)" (scheduled at 2025-09-18 20:37:41.529641+02:00)
{"task": "defillama", "ts": "2025-09-18T18:37:41.544053Z", "event": "task_start", "timestamp": "2025-09-18T18:37:41.544053Z", "level": "info"}
{"chain": "ethereum", "event": "defillama_cache_hit", "timestamp": "2025-09-18T18:37:41.545058Z", "level": "info"}
{"task": "defillama", "event": "task_ok", "timestamp": "2025-09-18T18:37:41.546057Z", "level": "info"}
{"task": "defillama", "duration": 0.002995, "event": "task_end", "timestamp": "2025-09-18T18:37:41.547048Z", "level": "info"}
Job "task_wrapper (trigger: interval[0:15:38.604368], next run at: 2025-09-18 20:53:20 CEST)" executed successfully
{"alive": true, "rss_mb": 59.7, "cpu_percent": 0.0, "event": "heartbeat", "timestamp": "2025-09-18T18:37:54.111161Z", "level": "info"}
{"alive": true, "rss_mb": 59.7, "cpu_percent": 0.0, "event": "heartbeat", "timestamp": "2025-09-18T18:38:24.119128Z", "level": "info"}
Running job "task_wrapper (trigger: interval[0:29:49.249948], next run at: 2025-09-18 21:08:30 CEST)" (scheduled at 2025-09-18 20:38:41.679011+02:00)
{"task": "onchain_tx", "ts": "2025-09-18T18:38:41.682477Z", "event": "task_start", "timestamp": "2025-09-18T18:38:41.682477Z", "level": "info"}
HTTP Request: GET https://api.blockchain.info/q/getblockcount "HTTP/1.1 200 OK"
{"symbol": "BTC", "source": "blockchain.info", "event": "onchain_success", "timestamp": "2025-09-18T18:38:42.374134Z", "level": "info"}
{"task": "onchain_tx", "event": "task_ok", "timestamp": "2025-09-18T18:38:42.376137Z", "level": "info"}
{"task": "onchain_tx", "duration": 0.694655, "event": "task_end", "timestamp": "2025-09-18T18:38:42.377132Z", "level": "info"}
Job "task_wrapper (trigger: interval[0:29:49.249948], next run at: 2025-09-18 21:08:30 CEST)" executed successfully
{"alive": true, "rss_mb": 59.7, "cpu_percent": 0.0, "event": "heartbeat", "timestamp": "2025-09-18T18:38:54.135755Z", "level": "info"}
{"alive": true, "rss_mb": 59.7, "cpu_percent": 0.0, "event": "heartbeat", "timestamp": "2025-09-18T18:39:24.148143Z", "level": "info"}
Running job "task_wrapper (trigger: interval[0:05:03.285188], next run at: 2025-09-18 20:44:51 CEST)" (scheduled at 2025-09-18 20:39:47.911821+02:00)
{"task": "derivatives_lsr", "ts": "2025-09-18T18:39:47.917740Z", "event": "task_start", "timestamp": "2025-09-18T18:39:47.917740Z", "level": "info"}
{"symbol": "BTCUSDT", "metric": "long_short_ratio", "event": "deriv_cache_hit", "timestamp": "2025-09-18T18:39:47.918774Z", "level": "info"}
{"task": "derivatives_lsr", "event": "task_ok", "timestamp": "2025-09-18T18:39:47.919752Z", "level": "info"}
{"task": "derivatives_lsr", "duration": 0.003042, "event": "task_end", "timestamp": "2025-09-18T18:39:47.920782Z", "level": "info"}
Job "task_wrapper (trigger: interval[0:05:03.285188], next run at: 2025-09-18 20:44:51 CEST)" executed successfully
{"alive": true, "rss_mb": 59.7, "cpu_percent": 0.0, "event": "heartbeat", "timestamp": "2025-09-18T18:39:54.144871Z", "level": "info"}
Running job "task_wrapper (trigger: interval[0:05:07.070337], next run at: 2025-09-18 20:45:12 CEST)" (scheduled at 2025-09-18 20:40:05.416760+02:00)
{"task": "derivatives_oi", "ts": "2025-09-18T18:40:05.431206Z", "event": "task_start", "timestamp": "2025-09-18T18:40:05.431206Z", "level": "info"}
{"symbol": "BTCUSDT", "event": "deriv_cache_hit", "timestamp": "2025-09-18T18:40:05.433208Z", "level": "info"}
{"task": "derivatives_oi", "event": "task_ok", "timestamp": "2025-09-18T18:40:05.434202Z", "level": "info"}
{"task": "derivatives_oi", "duration": 0.002996, "event": "task_end", "timestamp": "2025-09-18T18:40:05.434202Z", "level": "info"}
Job "task_wrapper (trigger: interval[0:05:07.070337], next run at: 2025-09-18 20:45:12 CEST)" executed successfully
{"alive": true, "rss_mb": 59.7, "cpu_percent": 0.0, "event": "heartbeat", "timestamp": "2025-09-18T18:40:24.159085Z", "level": "info"}
{"alive": true, "rss_mb": 59.7, "cpu_percent": 0.0, "event": "heartbeat", "timestamp": "2025-09-18T18:40:54.161904Z", "level": "info"}
{"alive": true, "rss_mb": 59.7, "cpu_percent": 0.0, "event": "heartbeat", "timestamp": "2025-09-18T18:41:24.163478Z", "level": "info"}
{"alive": true, "rss_mb": 59.7, "cpu_percent": 0.0, "event": "heartbeat", "timestamp": "2025-09-18T18:41:54.177157Z", "level": "info"}
Running job "task_wrapper (trigger: interval[0:05:08.878330], next run at: 2025-09-18 20:47:28 CEST)" (scheduled at 2025-09-18 20:42:19.490724+02:00)
{"task": "macro", "ts": "2025-09-18T18:42:19.506304Z", "event": "task_start", "timestamp": "2025-09-18T18:42:19.506304Z", "level": "info"}
{"symbol": "bitcoin", "event": "macro_cache_hit", "timestamp": "2025-09-18T18:42:19.507293Z", "level": "info"}
{"task": "macro", "event": "task_ok", "timestamp": "2025-09-18T18:42:19.508300Z", "level": "info"}
{"task": "macro", "duration": 0.003012, "event": "task_end", "timestamp": "2025-09-18T18:42:19.509316Z", "level": "info"}
Job "task_wrapper (trigger: interval[0:05:08.878330], next run at: 2025-09-18 20:47:28 CEST)" executed successfully
{"alive": true, "rss_mb": 59.7, "cpu_percent": 0.0, "event": "heartbeat", "timestamp": "2025-09-18T18:42:24.186983Z", "level": "info"}
Running job "task_wrapper (trigger: interval[0:28:33.563456], next run at: 2025-09-18 21:11:23 CEST)" (scheduled at 2025-09-18 20:42:49.974266+02:00)
{"task": "onchain_hashrate", "ts": "2025-09-18T18:42:49.977240Z", "event": "task_start", "timestamp": "2025-09-18T18:42:49.977240Z", "level": "info"}
HTTP Request: GET https://api.blockchain.info/q/hashrate "HTTP/1.1 200 OK"
{"symbol": "BTC", "source": "blockchain.info", "event": "onchain_success", "timestamp": "2025-09-18T18:42:50.542891Z", "level": "info"}
{"task": "onchain_hashrate", "event": "task_ok", "timestamp": "2025-09-18T18:42:50.543891Z", "level": "info"}
{"task": "onchain_hashrate", "duration": 0.567649, "event": "task_end", "timestamp": "2025-09-18T18:42:50.544889Z", "level": "info"}
Job "task_wrapper (trigger: interval[0:28:33.563456], next run at: 2025-09-18 21:11:23 CEST)" executed successfully
{"alive": true, "rss_mb": 59.7, "cpu_percent": 0.0, "event": "heartbeat", "timestamp": "2025-09-18T18:42:54.195634Z", "level": "info"}
{"alive": true, "rss_mb": 59.7, "cpu_percent": 0.0, "event": "heartbeat", "timestamp": "2025-09-18T18:43:24.203102Z", "level": "info"}
{"alive": true, "rss_mb": 59.7, "cpu_percent": 0.0, "event": "heartbeat", "timestamp": "2025-09-18T18:43:54.206589Z", "level": "info"}
{"alive": true, "rss_mb": 59.7, "cpu_percent": 0.0, "event": "heartbeat", "timestamp": "2025-09-18T18:44:24.217466Z", "level": "info"}
Running job "task_wrapper (trigger: interval[0:59:55.343029], next run at: 2025-09-18 21:44:30 CEST)" (scheduled at 2025-09-18 20:44:35.389806+02:00)
{"task": "sentiment_fg", "ts": "2025-09-18T18:44:35.399679Z", "event": "task_start", "timestamp": "2025-09-18T18:44:35.399679Z", "level": "info"}
{"metric": "fear_greed", "event": "sentiment_cache_hit", "timestamp": "2025-09-18T18:44:35.400702Z", "level": "info"}
{"task": "sentiment_fg", "event": "task_ok", "timestamp": "2025-09-18T18:44:35.401698Z", "level": "info"}
{"task": "sentiment_fg", "duration": 0.003019, "event": "task_end", "timestamp": "2025-09-18T18:44:35.402698Z", "level": "info"}
Job "task_wrapper (trigger: interval[0:59:55.343029], next run at: 2025-09-18 21:44:30 CEST)" executed successfully
Running job "task_wrapper (trigger: interval[0:05:03.285188], next run at: 2025-09-18 20:49:54 CEST)" (scheduled at 2025-09-18 20:44:51.197009+02:00)
{"task": "derivatives_lsr", "ts": "2025-09-18T18:44:51.214645Z", "event": "task_start", "timestamp": "2025-09-18T18:44:51.214645Z", "level": "info"}
{"symbol": "BTCUSDT", "metric": "long_short_ratio", "event": "deriv_cache_hit", "timestamp": "2025-09-18T18:44:51.216647Z", "level": "info"}
{"task": "derivatives_lsr", "event": "task_ok", "timestamp": "2025-09-18T18:44:51.217645Z", "level": "info"}
{"task": "derivatives_lsr", "duration": 0.003, "event": "task_end", "timestamp": "2025-09-18T18:44:51.217645Z", "level": "info"}
Job "task_wrapper (trigger: interval[0:05:03.285188], next run at: 2025-09-18 20:49:54 CEST)" executed successfully
{"alive": true, "rss_mb": 59.7, "cpu_percent": 0.0, "event": "heartbeat", "timestamp": "2025-09-18T18:44:54.233813Z", "level": "info"}
Running job "task_wrapper (trigger: interval[0:05:07.070337], next run at: 2025-09-18 20:50:19 CEST)" (scheduled at 2025-09-18 20:45:12.487097+02:00)
{"task": "derivatives_oi", "ts": "2025-09-18T18:45:12.504188Z", "event": "task_start", "timestamp": "2025-09-18T18:45:12.504188Z", "level": "info"}
{"symbol": "BTCUSDT", "event": "deriv_cache_hit", "timestamp": "2025-09-18T18:45:12.505191Z", "level": "info"}
{"task": "derivatives_oi", "event": "task_ok", "timestamp": "2025-09-18T18:45:12.506191Z", "level": "info"}
{"task": "derivatives_oi", "duration": 0.003006, "event": "task_end", "timestamp": "2025-09-18T18:45:12.507194Z", "level": "info"}
Job "task_wrapper (trigger: interval[0:05:07.070337], next run at: 2025-09-18 20:50:19 CEST)" executed successfully
{"alive": true, "rss_mb": 59.7, "cpu_percent": 0.0, "event": "heartbeat", "timestamp": "2025-09-18T18:45:24.246495Z", "level": "info"}
{"alive": true, "rss_mb": 59.7, "cpu_percent": 0.0, "event": "heartbeat", "timestamp": "2025-09-18T18:45:54.262492Z", "level": "info"}
{"alive": true, "rss_mb": 59.7, "cpu_percent": 0.0, "event": "heartbeat", "timestamp": "2025-09-18T18:46:24.273521Z", "level": "info"}
{"alive": true, "rss_mb": 59.7, "cpu_percent": 0.0, "event": "heartbeat", "timestamp": "2025-09-18T18:46:54.289457Z", "level": "info"}
{"alive": true, "rss_mb": 59.7, "cpu_percent": 0.0, "event": "heartbeat", "timestamp": "2025-09-18T18:47:24.299681Z", "level": "info"}
Running job "task_wrapper (trigger: interval[0:05:08.878330], next run at: 2025-09-18 20:52:37 CEST)" (scheduled at 2025-09-18 20:47:28.369054+02:00)
{"task": "macro", "ts": "2025-09-18T18:47:28.379751Z", "event": "task_start", "timestamp": "2025-09-18T18:47:28.379751Z", "level": "info"}
{"symbol": "bitcoin", "event": "macro_cache_hit", "timestamp": "2025-09-18T18:47:28.380759Z", "level": "info"}
{"task": "macro", "event": "task_ok", "timestamp": "2025-09-18T18:47:28.380759Z", "level": "info"}
{"task": "macro", "duration": 0.00201, "event": "task_end", "timestamp": "2025-09-18T18:47:28.381761Z", "level": "info"}
Job "task_wrapper (trigger: interval[0:05:08.878330], next run at: 2025-09-18 20:52:37 CEST)" executed successfully
{"alive": true, "rss_mb": 59.6, "cpu_percent": 0.0, "event": "heartbeat", "timestamp": "2025-09-18T18:47:54.319288Z", "level": "info"}
{"alive": true, "rss_mb": 59.6, "cpu_percent": 0.0, "event": "heartbeat", "timestamp": "2025-09-18T18:48:24.321089Z", "level": "info"}
{"alive": true, "rss_mb": 59.6, "cpu_percent": 0.0, "event": "heartbeat", "timestamp": "2025-09-18T18:48:54.336798Z", "level": "info"}
{"alive": true, "rss_mb": 59.6, "cpu_percent": 0.0, "event": "heartbeat", "timestamp": "2025-09-18T18:49:24.350049Z", "level": "info"}
{"alive": true, "rss_mb": 59.6, "cpu_percent": 0.0, "event": "heartbeat", "timestamp": "2025-09-18T18:49:54.353005Z", "level": "info"}
Running job "task_wrapper (trigger: interval[0:05:03.285188], next run at: 2025-09-18 20:54:57 CEST)" (scheduled at 2025-09-18 20:49:54.482197+02:00)
{"task": "derivatives_lsr", "ts": "2025-09-18T18:49:54.494293Z", "event": "task_start", "timestamp": "2025-09-18T18:49:54.494293Z", "level": "info"}
{"symbol": "BTCUSDT", "metric": "long_short_ratio", "event": "deriv_cache_hit", "timestamp": "2025-09-18T18:49:54.495291Z", "level": "info"}
{"task": "derivatives_lsr", "event": "task_ok", "timestamp": "2025-09-18T18:49:54.496285Z", "level": "info"}
{"task": "derivatives_lsr", "duration": 0.003012, "event": "task_end", "timestamp": "2025-09-18T18:49:54.497305Z", "level": "info"}
Job "task_wrapper (trigger: interval[0:05:03.285188], next run at: 2025-09-18 20:54:57 CEST)" executed successfully
Running job "task_wrapper (trigger: interval[0:05:07.070337], next run at: 2025-09-18 20:55:26 CEST)" (scheduled at 2025-09-18 20:50:19.557434+02:00)
{"task": "derivatives_oi", "ts": "2025-09-18T18:50:19.566415Z", "event": "task_start", "timestamp": "2025-09-18T18:50:19.566415Z", "level": "info"}
{"symbol": "BTCUSDT", "event": "deriv_cache_hit", "timestamp": "2025-09-18T18:50:19.567415Z", "level": "info"}
{"task": "derivatives_oi", "event": "task_ok", "timestamp": "2025-09-18T18:50:19.568417Z", "level": "info"}
{"task": "derivatives_oi", "duration": 0.003001, "event": "task_end", "timestamp": "2025-09-18T18:50:19.569416Z", "level": "info"}
Job "task_wrapper (trigger: interval[0:05:07.070337], next run at: 2025-09-18 20:55:26 CEST)" executed successfully
{"alive": true, "rss_mb": 59.6, "cpu_percent": 0.0, "event": "heartbeat", "timestamp": "2025-09-18T18:50:24.357112Z", "level": "info"}
{"alive": true, "rss_mb": 59.6, "cpu_percent": 0.0, "event": "heartbeat", "timestamp": "2025-09-18T18:50:54.372932Z", "level": "info"}
{"alive": true, "rss_mb": 59.6, "cpu_percent": 0.0, "event": "heartbeat", "timestamp": "2025-09-18T18:51:24.399933Z", "level": "info"}
{"alive": true, "rss_mb": 59.6, "cpu_percent": 0.0, "event": "heartbeat", "timestamp": "2025-09-18T18:51:54.413155Z", "level": "info"}
{"alive": true, "rss_mb": 59.6, "cpu_percent": 0.0, "event": "heartbeat", "timestamp": "2025-09-18T18:52:24.422159Z", "level": "info"}
Running job "task_wrapper (trigger: interval[0:05:08.878330], next run at: 2025-09-18 20:57:46 CEST)" (scheduled at 2025-09-18 20:52:37.247384+02:00)
{"task": "macro", "ts": "2025-09-18T18:52:37.252785Z", "event": "task_start", "timestamp": "2025-09-18T18:52:37.252785Z", "level": "info"}
{"symbol": "bitcoin", "event": "macro_cache_hit", "timestamp": "2025-09-18T18:52:37.252785Z", "level": "info"}
{"task": "macro", "event": "task_ok", "timestamp": "2025-09-18T18:52:37.253786Z", "level": "info"}
{"task": "macro", "duration": 0.002, "event": "task_end", "timestamp": "2025-09-18T18:52:37.254785Z", "level": "info"}
Job "task_wrapper (trigger: interval[0:05:08.878330], next run at: 2025-09-18 20:57:46 CEST)" executed successfully
{"alive": true, "rss_mb": 59.6, "cpu_percent": 0.0, "event": "heartbeat", "timestamp": "2025-09-18T18:52:54.444424Z", "level": "info"}
Running job "task_wrapper (trigger: interval[0:15:38.604368], next run at: 2025-09-18 21:08:58 CEST)" (scheduled at 2025-09-18 20:53:20.134009+02:00)
{"task": "defillama", "ts": "2025-09-18T18:53:20.144510Z", "event": "task_start", "timestamp": "2025-09-18T18:53:20.144510Z", "level": "info"}
{"chain": "ethereum", "event": "defillama_cache_hit", "timestamp": "2025-09-18T18:53:20.145512Z", "level": "info"}
{"task": "defillama", "event": "task_ok", "timestamp": "2025-09-18T18:53:20.146529Z", "level": "info"}
{"task": "defillama", "duration": 0.002019, "event": "task_end", "timestamp": "2025-09-18T18:53:20.146529Z", "level": "info"}
Job "task_wrapper (trigger: interval[0:15:38.604368], next run at: 2025-09-18 21:08:58 CEST)" executed successfully
{"alive": true, "rss_mb": 59.6, "cpu_percent": 0.0, "event": "heartbeat", "timestamp": "2025-09-18T18:53:24.452741Z", "level": "info"}
{"alive": true, "rss_mb": 59.6, "cpu_percent": 0.0, "event": "heartbeat", "timestamp": "2025-09-18T18:53:54.463278Z", "level": "info"}
{"alive": true, "rss_mb": 59.6, "cpu_percent": 0.0, "event": "heartbeat", "timestamp": "2025-09-18T18:54:24.478155Z", "level": "info"}
{"alive": true, "rss_mb": 59.6, "cpu_percent": 0.0, "event": "heartbeat", "timestamp": "2025-09-18T18:54:54.490142Z", "level": "info"}
Running job "task_wrapper (trigger: interval[0:05:03.285188], next run at: 2025-09-18 21:00:01 CEST)" (scheduled at 2025-09-18 20:54:57.767385+02:00)
{"task": "derivatives_lsr", "ts": "2025-09-18T18:54:57.777579Z", "event": "task_start", "timestamp": "2025-09-18T18:54:57.777579Z", "level": "info"}
{"symbol": "BTCUSDT", "metric": "long_short_ratio", "event": "deriv_cache_hit", "timestamp": "2025-09-18T18:54:57.778577Z", "level": "info"}
{"task": "derivatives_lsr", "event": "task_ok", "timestamp": "2025-09-18T18:54:57.779576Z", "level": "info"}
{"task": "derivatives_lsr", "duration": 0.002997, "event": "task_end", "timestamp": "2025-09-18T18:54:57.780576Z", "level": "info"}
Job "task_wrapper (trigger: interval[0:05:03.285188], next run at: 2025-09-18 21:00:01 CEST)" executed successfully
{"alive": true, "rss_mb": 59.6, "cpu_percent": 0.0, "event": "heartbeat", "timestamp": "2025-09-18T18:55:24.503101Z", "level": "info"}
Running job "task_wrapper (trigger: interval[0:05:07.070337], next run at: 2025-09-18 21:00:33 CEST)" (scheduled at 2025-09-18 20:55:26.627771+02:00)
{"task": "derivatives_oi", "ts": "2025-09-18T18:55:26.629131Z", "event": "task_start", "timestamp": "2025-09-18T18:55:26.629131Z", "level": "info"}
{"symbol": "BTCUSDT", "event": "deriv_cache_hit", "timestamp": "2025-09-18T18:55:26.630164Z", "level": "info"}
{"task": "derivatives_oi", "event": "task_ok", "timestamp": "2025-09-18T18:55:26.631147Z", "level": "info"}
{"task": "derivatives_oi", "duration": 0.003018, "event": "task_end", "timestamp": "2025-09-18T18:55:26.632149Z", "level": "info"}
Job "task_wrapper (trigger: interval[0:05:07.070337], next run at: 2025-09-18 21:00:33 CEST)" executed successfully
{"alive": true, "rss_mb": 59.6, "cpu_percent": 0.0, "event": "heartbeat", "timestamp": "2025-09-18T18:55:54.509444Z", "level": "info"}
{"alive": true, "rss_mb": 59.6, "cpu_percent": 0.0, "event": "heartbeat", "timestamp": "2025-09-18T18:56:24.523467Z", "level": "info"}
{"alive": true, "rss_mb": 59.6, "cpu_percent": 0.0, "event": "heartbeat", "timestamp": "2025-09-18T18:56:54.539711Z", "level": "info"}
{"alive": true, "rss_mb": 59.6, "cpu_percent": 0.0, "event": "heartbeat", "timestamp": "2025-09-18T18:57:24.544901Z", "level": "info"}
Running job "task_wrapper (trigger: interval[0:05:08.878330], next run at: 2025-09-18 21:02:55 CEST)" (scheduled at 2025-09-18 20:57:46.125714+02:00)
{"task": "macro", "ts": "2025-09-18T18:57:46.127353Z", "event": "task_start", "timestamp": "2025-09-18T18:57:46.128341Z", "level": "info"}
{"symbol": "bitcoin", "event": "macro_cache_hit", "timestamp": "2025-09-18T18:57:46.129344Z", "level": "info"}
{"task": "macro", "event": "task_ok", "timestamp": "2025-09-18T18:57:46.130336Z", "level": "info"}
{"task": "macro", "duration": 0.003983, "event": "task_end", "timestamp": "2025-09-18T18:57:46.131336Z", "level": "info"}
Job "task_wrapper (trigger: interval[0:05:08.878330], next run at: 2025-09-18 21:02:55 CEST)" executed successfully
{"alive": true, "rss_mb": 59.6, "cpu_percent": 0.0, "event": "heartbeat", "timestamp": "2025-09-18T18:57:54.568159Z", "level": "info"}
{"alive": true, "rss_mb": 59.6, "cpu_percent": 0.0, "event": "heartbeat", "timestamp": "2025-09-18T18:58:24.576347Z", "level": "info"}
{"alive": true, "rss_mb": 59.6, "cpu_percent": 0.0, "event": "heartbeat", "timestamp": "2025-09-18T18:58:54.587912Z", "level": "info"}
{"alive": true, "rss_mb": 59.6, "cpu_percent": 0.0, "event": "heartbeat", "timestamp": "2025-09-18T18:59:24.618366Z", "level": "info"}
{"alive": true, "rss_mb": 59.6, "cpu_percent": 0.0, "event": "heartbeat", "timestamp": "2025-09-18T18:59:54.627193Z", "level": "info"}
Running job "task_wrapper (trigger: interval[0:05:03.285188], next run at: 2025-09-18 21:05:04 CEST)" (scheduled at 2025-09-18 21:00:01.052573+02:00)
{"task": "derivatives_lsr", "ts": "2025-09-18T19:00:01.061943Z", "event": "task_start", "timestamp": "2025-09-18T19:00:01.061943Z", "level": "info"}
{"symbol": "BTCUSDT", "metric": "long_short_ratio", "event": "deriv_cache_hit", "timestamp": "2025-09-18T19:00:01.062944Z", "level": "info"}
{"task": "derivatives_lsr", "event": "task_ok", "timestamp": "2025-09-18T19:00:01.063425Z", "level": "info"}
{"task": "derivatives_lsr", "duration": 0.002491, "event": "task_end", "timestamp": "2025-09-18T19:00:01.064434Z", "level": "info"}
Job "task_wrapper (trigger: interval[0:05:03.285188], next run at: 2025-09-18 21:05:04 CEST)" executed successfully
{"alive": true, "rss_mb": 59.6, "cpu_percent": 0.0, "event": "heartbeat", "timestamp": "2025-09-18T19:00:24.636430Z", "level": "info"}
Running job "task_wrapper (trigger: interval[0:05:07.070337], next run at: 2025-09-18 21:05:40 CEST)" (scheduled at 2025-09-18 21:00:33.698108+02:00)
{"task": "derivatives_oi", "ts": "2025-09-18T19:00:33.702132Z", "event": "task_start", "timestamp": "2025-09-18T19:00:33.702132Z", "level": "info"}
{"symbol": "BTCUSDT", "event": "deriv_cache_hit", "timestamp": "2025-09-18T19:00:33.703129Z", "level": "info"}
{"task": "derivatives_oi", "event": "task_ok", "timestamp": "2025-09-18T19:00:33.704122Z", "level": "info"}
{"task": "derivatives_oi", "duration": 0.002993, "event": "task_end", "timestamp": "2025-09-18T19:00:33.705125Z", "level": "info"}
Job "task_wrapper (trigger: interval[0:05:07.070337], next run at: 2025-09-18 21:05:40 CEST)" executed successfully
{"alive": true, "rss_mb": 59.6, "cpu_percent": 0.0, "event": "heartbeat", "timestamp": "2025-09-18T19:00:54.658832Z", "level": "info"}
{"alive": true, "rss_mb": 59.6, "cpu_percent": 0.0, "event": "heartbeat", "timestamp": "2025-09-18T19:01:24.670489Z", "level": "info"}
{"alive": true, "rss_mb": 59.6, "cpu_percent": 0.0, "event": "heartbeat", "timestamp": "2025-09-18T19:01:54.684155Z", "level": "info"}
{"alive": true, "rss_mb": 59.6, "cpu_percent": 0.0, "event": "heartbeat", "timestamp": "2025-09-18T19:02:24.701222Z", "level": "info"}
{"alive": true, "rss_mb": 59.6, "cpu_percent": 0.0, "event": "heartbeat", "timestamp": "2025-09-18T19:02:54.712453Z", "level": "info"}
Running job "task_wrapper (trigger: interval[0:05:08.878330], next run at: 2025-09-18 21:08:03 CEST)" (scheduled at 2025-09-18 21:02:55.004044+02:00)
{"task": "macro", "ts": "2025-09-18T19:02:55.029409Z", "event": "task_start", "timestamp": "2025-09-18T19:02:55.029409Z", "level": "info"}
HTTP Request: GET https://api.coingecko.com/api/v3/coins/bitcoin "HTTP/1.1 200 OK"
{"symbol": "bitcoin", "source": "coingecko", "event": "macro_success", "timestamp": "2025-09-18T19:02:55.610410Z", "level": "info"}
{"task": "macro", "event": "task_ok", "timestamp": "2025-09-18T19:02:55.612405Z", "level": "info"}
{"task": "macro", "duration": 0.584029, "event": "task_end", "timestamp": "2025-09-18T19:02:55.613438Z", "level": "info"}
Job "task_wrapper (trigger: interval[0:05:08.878330], next run at: 2025-09-18 21:08:03 CEST)" executed successfully
{"alive": true, "rss_mb": 59.9, "cpu_percent": 0.0, "event": "heartbeat", "timestamp": "2025-09-18T19:03:24.713089Z", "level": "info"}
Running job "task_wrapper (trigger: interval[0:29:42.286402], next run at: 2025-09-18 21:33:13 CEST)" (scheduled at 2025-09-18 21:03:31.498483+02:00)
{"task": "onchain_sopr", "ts": "2025-09-18T19:03:31.503276Z", "event": "task_start", "timestamp": "2025-09-18T19:03:31.503276Z", "level": "info"}
{"symbol": "BTC", "event": "onchain_cache_hit", "timestamp": "2025-09-18T19:03:31.504273Z", "level": "info"}
{"task": "onchain_sopr", "event": "task_ok", "timestamp": "2025-09-18T19:03:31.505271Z", "level": "info"}
{"task": "onchain_sopr", "duration": 0.001995, "event": "task_end", "timestamp": "2025-09-18T19:03:31.505271Z", "level": "info"}
Job "task_wrapper (trigger: interval[0:29:42.286402], next run at: 2025-09-18 21:33:13 CEST)" executed successfully
{"alive": true, "rss_mb": 59.9, "cpu_percent": 0.0, "event": "heartbeat", "timestamp": "2025-09-18T19:03:54.742546Z", "level": "info"}
{"alive": true, "rss_mb": 59.9, "cpu_percent": 0.0, "event": "heartbeat", "timestamp": "2025-09-18T19:04:24.743076Z", "level": "info"}
{"alive": true, "rss_mb": 59.9, "cpu_percent": 0.0, "event": "heartbeat", "timestamp": "2025-09-18T19:04:54.745218Z", "level": "info"}
Running job "task_wrapper (trigger: interval[0:05:03.285188], next run at: 2025-09-18 21:10:07 CEST)" (scheduled at 2025-09-18 21:05:04.337761+02:00)
{"task": "derivatives_lsr", "ts": "2025-09-18T19:05:04.354448Z", "event": "task_start", "timestamp": "2025-09-18T19:05:04.354448Z", "level": "info"}
HTTP Request: GET https://api.bybit.com/v5/market/account-ratio?category=linear&symbol=BTCUSDT&period=5min "HTTP/1.1 200 OK"
{"symbol": "BTCUSDT", "metric": "long_short_ratio", "source": "bybit", "event": "deriv_success", "timestamp": "2025-09-18T19:05:05.101449Z", "level": "info"}
{"task": "derivatives_lsr", "event": "task_ok", "timestamp": "2025-09-18T19:05:05.102448Z", "level": "info"}
{"task": "derivatives_lsr", "duration": 0.748999, "event": "task_end", "timestamp": "2025-09-18T19:05:05.103447Z", "level": "info"}
Job "task_wrapper (trigger: interval[0:05:03.285188], next run at: 2025-09-18 21:10:07 CEST)" executed successfully
{"alive": true, "rss_mb": 59.9, "cpu_percent": 0.0, "event": "heartbeat", "timestamp": "2025-09-18T19:05:24.752923Z", "level": "info"}
Running job "task_wrapper (trigger: interval[0:05:07.070337], next run at: 2025-09-18 21:10:47 CEST)" (scheduled at 2025-09-18 21:05:40.768445+02:00)
{"task": "derivatives_oi", "ts": "2025-09-18T19:05:40.772638Z", "event": "task_start", "timestamp": "2025-09-18T19:05:40.772638Z", "level": "info"}
HTTP Request: GET https://api.bybit.com/v5/market/open-interest?category=linear&symbol=BTCUSDT&intervalTime=5min "HTTP/1.1 200 OK"
{"symbol": "BTCUSDT", "source": "bybit", "event": "deriv_success", "timestamp": "2025-09-18T19:05:41.518443Z", "level": "info"}
{"task": "derivatives_oi", "event": "task_ok", "timestamp": "2025-09-18T19:05:41.520444Z", "level": "info"}
{"task": "derivatives_oi", "duration": 0.747806, "event": "task_end", "timestamp": "2025-09-18T19:05:41.520444Z", "level": "info"}
Job "task_wrapper (trigger: interval[0:05:07.070337], next run at: 2025-09-18 21:10:47 CEST)" executed successfully
{"alive": true, "rss_mb": 60.0, "cpu_percent": 0.0, "event": "heartbeat", "timestamp": "2025-09-18T19:05:54.768885Z", "level": "info"}
{"alive": true, "rss_mb": 60.0, "cpu_percent": 0.0, "event": "heartbeat", "timestamp": "2025-09-18T19:06:24.786313Z", "level": "info"}
{"alive": true, "rss_mb": 60.0, "cpu_percent": 0.0, "event": "heartbeat", "timestamp": "2025-09-18T19:06:54.802173Z", "level": "info"}
{"alive": true, "rss_mb": 60.0, "cpu_percent": 0.0, "event": "heartbeat", "timestamp": "2025-09-18T19:07:24.810295Z", "level": "info"}
{"alive": true, "rss_mb": 60.0, "cpu_percent": 0.0, "event": "heartbeat", "timestamp": "2025-09-18T19:07:54.818198Z", "level": "info"}
Running job "task_wrapper (trigger: interval[0:05:08.878330], next run at: 2025-09-18 21:13:12 CEST)" (scheduled at 2025-09-18 21:08:03.882374+02:00)
{"task": "macro", "ts": "2025-09-18T19:08:03.896300Z", "event": "task_start", "timestamp": "2025-09-18T19:08:03.896300Z", "level": "info"}
{"symbol": "bitcoin", "event": "macro_cache_hit", "timestamp": "2025-09-18T19:08:03.897305Z", "level": "info"}
{"task": "macro", "event": "task_ok", "timestamp": "2025-09-18T19:08:03.898304Z", "level": "info"}
{"task": "macro", "duration": 0.003002, "event": "task_end", "timestamp": "2025-09-18T19:08:03.899302Z", "level": "info"}
Job "task_wrapper (trigger: interval[0:05:08.878330], next run at: 2025-09-18 21:13:12 CEST)" executed successfully
{"alive": true, "rss_mb": 60.0, "cpu_percent": 0.0, "event": "heartbeat", "timestamp": "2025-09-18T19:08:24.828747Z", "level": "info"}
Running job "task_wrapper (trigger: interval[0:29:49.249948], next run at: 2025-09-18 21:38:20 CEST)" (scheduled at 2025-09-18 21:08:30.928959+02:00)
{"task": "onchain_tx", "ts": "2025-09-18T19:08:30.940596Z", "event": "task_start", "timestamp": "2025-09-18T19:08:30.940596Z", "level": "info"}
HTTP Request: GET https://api.blockchain.info/q/getblockcount "HTTP/1.1 200 OK"
{"symbol": "BTC", "source": "blockchain.info", "event": "onchain_success", "timestamp": "2025-09-18T19:08:31.510792Z", "level": "info"}
{"task": "onchain_tx", "event": "task_ok", "timestamp": "2025-09-18T19:08:31.511775Z", "level": "info"}
{"task": "onchain_tx", "duration": 0.571179, "event": "task_end", "timestamp": "2025-09-18T19:08:31.511775Z", "level": "info"}
Job "task_wrapper (trigger: interval[0:29:49.249948], next run at: 2025-09-18 21:38:20 CEST)" executed successfully
{"alive": true, "rss_mb": 60.1, "cpu_percent": 0.0, "event": "heartbeat", "timestamp": "2025-09-18T19:08:54.836051Z", "level": "info"}
Running job "task_wrapper (trigger: interval[0:15:38.604368], next run at: 2025-09-18 21:24:37 CEST)" (scheduled at 2025-09-18 21:08:58.738377+02:00)
{"task": "defillama", "ts": "2025-09-18T19:08:58.751442Z", "event": "task_start", "timestamp": "2025-09-18T19:08:58.751442Z", "level": "info"}
{"chain": "ethereum", "event": "defillama_cache_hit", "timestamp": "2025-09-18T19:08:58.752426Z", "level": "info"}
{"task": "defillama", "event": "task_ok", "timestamp": "2025-09-18T19:08:58.753444Z", "level": "info"}
{"task": "defillama", "duration": 0.002002, "event": "task_end", "timestamp": "2025-09-18T19:08:58.753444Z", "level": "info"}
Job "task_wrapper (trigger: interval[0:15:38.604368], next run at: 2025-09-18 21:24:37 CEST)" executed successfully
{"alive": true, "rss_mb": 60.1, "cpu_percent": 0.0, "event": "heartbeat", "timestamp": "2025-09-18T19:09:24.844903Z", "level": "info"}
{"alive": true, "rss_mb": 60.1, "cpu_percent": 0.0, "event": "heartbeat", "timestamp": "2025-09-18T19:09:54.857405Z", "level": "info"}
Running job "task_wrapper (trigger: interval[0:05:03.285188], next run at: 2025-09-18 21:15:10 CEST)" (scheduled at 2025-09-18 21:10:07.622949+02:00)
{"task": "derivatives_lsr", "ts": "2025-09-18T19:10:07.626923Z", "event": "task_start", "timestamp": "2025-09-18T19:10:07.626923Z", "level": "info"}
{"symbol": "BTCUSDT", "metric": "long_short_ratio", "event": "deriv_cache_hit", "timestamp": "2025-09-18T19:10:07.628923Z", "level": "info"}
{"task": "derivatives_lsr", "event": "task_ok", "timestamp": "2025-09-18T19:10:07.629917Z", "level": "info"}
{"task": "derivatives_lsr", "duration": 0.003998, "event": "task_end", "timestamp": "2025-09-18T19:10:07.630921Z", "level": "info"}
Job "task_wrapper (trigger: interval[0:05:03.285188], next run at: 2025-09-18 21:15:10 CEST)" executed successfully
{"alive": true, "rss_mb": 60.1, "cpu_percent": 0.0, "event": "heartbeat", "timestamp": "2025-09-18T19:10:24.867156Z", "level": "info"}
Running job "task_wrapper (trigger: interval[0:05:07.070337], next run at: 2025-09-18 21:15:54 CEST)" (scheduled at 2025-09-18 21:10:47.838782+02:00)
{"task": "derivatives_oi", "ts": "2025-09-18T19:10:47.856552Z", "event": "task_start", "timestamp": "2025-09-18T19:10:47.856552Z", "level": "info"}
HTTP Request: GET https://api.bybit.com/v5/market/open-interest?category=linear&symbol=BTCUSDT&intervalTime=5min "HTTP/1.1 200 OK"
{"symbol": "BTCUSDT", "source": "bybit", "event": "deriv_success", "timestamp": "2025-09-18T19:10:48.716886Z", "level": "info"}
{"task": "derivatives_oi", "event": "task_ok", "timestamp": "2025-09-18T19:10:48.718895Z", "level": "info"}
{"task": "derivatives_oi", "duration": 0.863364, "event": "task_end", "timestamp": "2025-09-18T19:10:48.719916Z", "level": "info"}
Job "task_wrapper (trigger: interval[0:05:07.070337], next run at: 2025-09-18 21:15:54 CEST)" executed successfully
{"alive": true, "rss_mb": 60.7, "cpu_percent": 0.0, "event": "heartbeat", "timestamp": "2025-09-18T19:10:54.868640Z", "level": "info"}
Running job "task_wrapper (trigger: interval[0:28:33.563456], next run at: 2025-09-18 21:39:57 CEST)" (scheduled at 2025-09-18 21:11:23.537722+02:00)
{"task": "onchain_hashrate", "ts": "2025-09-18T19:11:23.575803Z", "event": "task_start", "timestamp": "2025-09-18T19:11:23.575803Z", "level": "info"}
HTTP Request: GET https://api.blockchain.info/q/hashrate "HTTP/1.1 200 OK"
{"symbol": "BTC", "source": "blockchain.info", "event": "onchain_success", "timestamp": "2025-09-18T19:11:24.595854Z", "level": "info"}
{"task": "onchain_hashrate", "event": "task_ok", "timestamp": "2025-09-18T19:11:24.615865Z", "level": "info"}
{"task": "onchain_hashrate", "duration": 1.053603, "event": "task_end", "timestamp": "2025-09-18T19:11:24.629406Z", "level": "info"}
Job "task_wrapper (trigger: interval[0:28:33.563456], next run at: 2025-09-18 21:39:57 CEST)" executed successfully
{"alive": true, "rss_mb": 61.3, "cpu_percent": 0.0, "event": "heartbeat", "timestamp": "2025-09-18T19:11:24.895546Z", "level": "info"}
{"alive": true, "rss_mb": 61.3, "cpu_percent": 0.0, "event": "heartbeat", "timestamp": "2025-09-18T19:11:54.934824Z", "level": "info"}
{"alive": true, "rss_mb": 61.3, "cpu_percent": 0.0, "event": "heartbeat", "timestamp": "2025-09-18T19:12:24.965988Z", "level": "info"}
{"alive": true, "rss_mb": 61.3, "cpu_percent": 0.0, "event": "heartbeat", "timestamp": "2025-09-18T19:12:55.026181Z", "level": "info"}
Running job "task_wrapper (trigger: interval[0:05:08.878330], next run at: 2025-09-18 21:18:21 CEST)" (scheduled at 2025-09-18 21:13:12.760704+02:00)
{"task": "macro", "ts": "2025-09-18T19:13:12.891984Z", "event": "task_start", "timestamp": "2025-09-18T19:13:12.891984Z", "level": "info"}
{"symbol": "bitcoin", "event": "macro_cache_hit", "timestamp": "2025-09-18T19:13:12.961073Z", "level": "info"}
{"task": "macro", "event": "task_ok", "timestamp": "2025-09-18T19:13:13.044653Z", "level": "info"}
{"task": "macro", "duration": 0.280219, "event": "task_end", "timestamp": "2025-09-18T19:13:13.172203Z", "level": "info"}
Job "task_wrapper (trigger: interval[0:05:08.878330], next run at: 2025-09-18 21:18:21 CEST)" executed successfully
{"alive": true, "rss_mb": 61.3, "cpu_percent": 0.0, "event": "heartbeat", "timestamp": "2025-09-18T19:13:25.094133Z", "level": "info"}
{"alive": true, "rss_mb": 61.3, "cpu_percent": 0.0, "event": "heartbeat", "timestamp": "2025-09-18T19:13:55.175653Z", "level": "info"}
{"alive": true, "rss_mb": 61.3, "cpu_percent": 0.0, "event": "heartbeat", "timestamp": "2025-09-18T19:14:25.298327Z", "level": "info"}
