{"run_log": "C:\\Users\\To the moon\\Downloads\\new_crypto_prodsafe\\logs\\run_20250918_004919.log", "rotating_log": "C:\\Users\\To the moon\\Downloads\\new_crypto_prodsafe\\logs\\app.log", "run_id": "RUN123", "event": "Logging initialized", "timestamp": "2025-09-17T22:49:19.697501Z", "level": "info"}
{"mode": "scheduler", "enable_sched": true, "sched_cfg": "scheduler/jobs.yaml", "event": "Starting Crypto Monitor", "timestamp": "2025-09-17T22:49:19.701536Z", "run_id": "RUN123", "level": "info"}
Adding job tentatively -- it will be properly scheduled when the scheduler starts
{"id": "macro", "every": 300.0, "func": "pipeline.collectors.market:fetch_macro", "args": ["bitcoin"], "kwargs": ["cmc_api_key"], "event": "job_registered", "timestamp": "2025-09-17T22:49:19.728676Z", "run_id": "RUN123", "level": "info"}
Adding job tentatively -- it will be properly scheduled when the scheduler starts
{"id": "defillama", "every": 900.0, "func": "pipeline.collectors.defillama:fetch_defillama_tvl", "args": ["ethereum"], "kwargs": [], "event": "job_registered", "timestamp": "2025-09-17T22:49:19.730674Z", "run_id": "RUN123", "level": "info"}
Adding job tentatively -- it will be properly scheduled when the scheduler starts
{"id": "onchain_tx", "every": 1800.0, "func": "pipeline.collectors.onchain:fetch_txcount", "args": ["BTC"], "kwargs": ["etherscan_api_key"], "event": "job_registered", "timestamp": "2025-09-17T22:49:19.731699Z", "run_id": "RUN123", "level": "info"}
Adding job tentatively -- it will be properly scheduled when the scheduler starts
{"id": "onchain_hashrate", "every": 1800.0, "func": "pipeline.collectors.onchain:fetch_hashrate", "args": ["BTC"], "kwargs": [], "event": "job_registered", "timestamp": "2025-09-17T22:49:19.733677Z", "run_id": "RUN123", "level": "info"}
Adding job tentatively -- it will be properly scheduled when the scheduler starts
{"id": "onchain_sopr", "every": 1800.0, "func": "pipeline.collectors.onchain:fetch_sopr", "args": ["BTC"], "kwargs": [], "event": "job_registered", "timestamp": "2025-09-17T22:49:19.734673Z", "run_id": "RUN123", "level": "info"}
Adding job tentatively -- it will be properly scheduled when the scheduler starts
{"id": "derivatives_oi", "every": 300.0, "func": "pipeline.collectors.derivatives:fetch_bybit_oi", "args": ["BTCUSDT"], "kwargs": [], "event": "job_registered", "timestamp": "2025-09-17T22:49:19.736685Z", "run_id": "RUN123", "level": "info"}
Adding job tentatively -- it will be properly scheduled when the scheduler starts
{"id": "derivatives_lsr", "every": 300.0, "func": "pipeline.collectors.derivatives:fetch_bybit_long_short_ratio", "args": ["BTCUSDT"], "kwargs": [], "event": "job_registered", "timestamp": "2025-09-17T22:49:19.737674Z", "run_id": "RUN123", "level": "info"}
Adding job tentatively -- it will be properly scheduled when the scheduler starts
{"id": "sentiment_fg", "every": 3600.0, "func": "pipeline.collectors.sentiment:fetch_fear_greed", "args": [], "kwargs": [], "event": "job_registered", "timestamp": "2025-09-17T22:49:19.738677Z", "run_id": "RUN123", "level": "info"}
Added job "task_wrapper" to job store "default"
Added job "task_wrapper" to job store "default"
Added job "task_wrapper" to job store "default"
Added job "task_wrapper" to job store "default"
Added job "task_wrapper" to job store "default"
Added job "task_wrapper" to job store "default"
Added job "task_wrapper" to job store "default"
Added job "task_wrapper" to job store "default"
Scheduler started
{"jobs": ["macro", "defillama", "onchain_tx", "onchain_hashrate", "onchain_sopr", "derivatives_oi", "derivatives_lsr", "sentiment_fg"], "event": "Scheduler started", "timestamp": "2025-09-17T22:49:19.745677Z", "run_id": "RUN123", "level": "info"}
{"port": 9300, "event": "metrics_server_started", "timestamp": "2025-09-17T22:49:21.037433Z", "run_id": "RUN123", "level": "info"}
{"port": 9310, "event": "health_server_started", "timestamp": "2025-09-17T22:49:21.885227Z", "run_id": "RUN123", "level": "info"}
{"alive": true, "rss_mb": 49.1, "cpu_percent": 0.0, "event": "heartbeat", "timestamp": "2025-09-17T22:49:21.913274Z", "run_id": "RUN123", "level": "info"}
Running job "task_wrapper (trigger: interval[0:05:03.685195], next run at: 2025-09-18 00:54:23 CEST)" (scheduled at 2025-09-17 22:49:19.727677+00:00)
{"task": "macro", "ts": "2025-09-17T22:49:21.914255Z", "event": "task_start", "timestamp": "2025-09-17T22:49:21.914255Z", "run_id": "RUN123", "level": "info"}
{"symbol": "bitcoin", "event": "macro_cache_hit", "timestamp": "2025-09-17T22:49:21.916262Z", "run_id": "RUN123", "level": "info"}
{"task": "macro", "event": "task_ok", "timestamp": "2025-09-17T22:49:21.917266Z", "run_id": "RUN123", "level": "info"}
{"ready_ts": 1758142161.918283, "event": "ready", "timestamp": "2025-09-17T22:49:21.918283Z", "run_id": "RUN123", "level": "info"}
{"task": "macro", "duration": 0.004028, "event": "task_end", "timestamp": "2025-09-17T22:49:21.918283Z", "run_id": "RUN123", "level": "info"}
Job "task_wrapper (trigger: interval[0:05:03.685195], next run at: 2025-09-18 00:54:23 CEST)" executed successfully
Running job "task_wrapper (trigger: interval[0:15:38.637530], next run at: 2025-09-18 01:04:58 CEST)" (scheduled at 2025-09-17 22:49:19.729673+00:00)
{"task": "defillama", "ts": "2025-09-17T22:49:21.922284Z", "event": "task_start", "timestamp": "2025-09-17T22:49:21.922284Z", "run_id": "RUN123", "level": "info"}
{"chain": "ethereum", "event": "defillama_cache_hit", "timestamp": "2025-09-17T22:49:21.923285Z", "run_id": "RUN123", "level": "info"}
{"task": "defillama", "event": "task_ok", "timestamp": "2025-09-17T22:49:21.924292Z", "run_id": "RUN123", "level": "info"}
{"task": "defillama", "duration": 0.002008, "event": "task_end", "timestamp": "2025-09-17T22:49:21.924292Z", "run_id": "RUN123", "level": "info"}
Job "task_wrapper (trigger: interval[0:15:38.637530], next run at: 2025-09-18 01:04:58 CEST)" executed successfully
Running job "task_wrapper (trigger: interval[0:30:20.099607], next run at: 2025-09-18 01:19:39 CEST)" (scheduled at 2025-09-17 22:49:19.730674+00:00)
{"task": "onchain_tx", "ts": "2025-09-17T22:49:21.927288Z", "event": "task_start", "timestamp": "2025-09-17T22:49:21.927288Z", "run_id": "RUN123", "level": "info"}
{"symbol": "BTC", "event": "onchain_cache_hit", "timestamp": "2025-09-17T22:49:21.928279Z", "run_id": "RUN123", "level": "info"}
{"task": "onchain_tx", "event": "task_ok", "timestamp": "2025-09-17T22:49:21.929298Z", "run_id": "RUN123", "level": "info"}
{"task": "onchain_tx", "duration": 0.002996, "event": "task_end", "timestamp": "2025-09-17T22:49:21.930284Z", "run_id": "RUN123", "level": "info"}
Job "task_wrapper (trigger: interval[0:30:20.099607], next run at: 2025-09-18 01:19:39 CEST)" executed successfully
Running job "task_wrapper (trigger: interval[0:31:01.155603], next run at: 2025-09-18 01:20:20 CEST)" (scheduled at 2025-09-17 22:49:19.732678+00:00)
{"task": "onchain_hashrate", "ts": "2025-09-17T22:49:21.937813Z", "event": "task_start", "timestamp": "2025-09-17T22:49:21.937813Z", "run_id": "RUN123", "level": "info"}
Running job "task_wrapper (trigger: interval[0:31:05.669810], next run at: 2025-09-18 01:20:25 CEST)" (scheduled at 2025-09-17 22:49:19.733677+00:00)
{"task": "onchain_sopr", "ts": "2025-09-17T22:49:22.656059Z", "event": "task_start", "timestamp": "2025-09-17T22:49:22.656059Z", "run_id": "RUN123", "level": "info"}
{"symbol": "BTC", "event": "onchain_cache_hit", "timestamp": "2025-09-17T22:49:22.657080Z", "run_id": "RUN123", "level": "info"}
{"task": "onchain_sopr", "event": "task_ok", "timestamp": "2025-09-17T22:49:22.658064Z", "run_id": "RUN123", "level": "info"}
{"task": "onchain_sopr", "duration": 0.002005, "event": "task_end", "timestamp": "2025-09-17T22:49:22.658064Z", "run_id": "RUN123", "level": "info"}
Job "task_wrapper (trigger: interval[0:31:05.669810], next run at: 2025-09-18 01:20:25 CEST)" executed successfully
Running job "task_wrapper (trigger: interval[0:05:00.485919], next run at: 2025-09-18 00:54:20 CEST)" (scheduled at 2025-09-17 22:49:19.735675+00:00)
{"task": "derivatives_oi", "ts": "2025-09-17T22:49:22.662066Z", "event": "task_start", "timestamp": "2025-09-17T22:49:22.662066Z", "run_id": "RUN123", "level": "info"}
{"symbol": "BTCUSDT", "event": "deriv_cache_hit", "timestamp": "2025-09-17T22:49:22.663062Z", "run_id": "RUN123", "level": "info"}
{"task": "derivatives_oi", "event": "task_ok", "timestamp": "2025-09-17T22:49:22.664067Z", "run_id": "RUN123", "level": "info"}
{"task": "derivatives_oi", "duration": 0.002994, "event": "task_end", "timestamp": "2025-09-17T22:49:22.665060Z", "run_id": "RUN123", "level": "info"}
Job "task_wrapper (trigger: interval[0:05:00.485919], next run at: 2025-09-18 00:54:20 CEST)" executed successfully
Running job "task_wrapper (trigger: interval[0:05:03.429341], next run at: 2025-09-18 00:54:23 CEST)" (scheduled at 2025-09-17 22:49:19.737674+00:00)
{"task": "derivatives_lsr", "ts": "2025-09-17T22:49:22.668084Z", "event": "task_start", "timestamp": "2025-09-17T22:49:22.668084Z", "run_id": "RUN123", "level": "info"}
{"symbol": "BTCUSDT", "metric": "long_short_ratio", "event": "deriv_cache_hit", "timestamp": "2025-09-17T22:49:22.669062Z", "run_id": "RUN123", "level": "info"}
{"task": "derivatives_lsr", "event": "task_ok", "timestamp": "2025-09-17T22:49:22.670065Z", "run_id": "RUN123", "level": "info"}
{"task": "derivatives_lsr", "duration": 0.001981, "event": "task_end", "timestamp": "2025-09-17T22:49:22.670065Z", "run_id": "RUN123", "level": "info"}
Job "task_wrapper (trigger: interval[0:05:03.429341], next run at: 2025-09-18 00:54:23 CEST)" executed successfully
Running job "task_wrapper (trigger: interval[1:00:12.398608], next run at: 2025-09-18 01:49:32 CEST)" (scheduled at 2025-09-17 22:49:19.738677+00:00)
{"task": "sentiment_fg", "ts": "2025-09-17T22:49:22.673073Z", "event": "task_start", "timestamp": "2025-09-17T22:49:22.673073Z", "run_id": "RUN123", "level": "info"}
{"metric": "fear_greed", "event": "sentiment_cache_hit", "timestamp": "2025-09-17T22:49:22.674058Z", "run_id": "RUN123", "level": "info"}
{"task": "sentiment_fg", "event": "task_ok", "timestamp": "2025-09-17T22:49:22.675058Z", "run_id": "RUN123", "level": "info"}
{"task": "sentiment_fg", "duration": 0.002989, "event": "task_end", "timestamp": "2025-09-17T22:49:22.676062Z", "run_id": "RUN123", "level": "info"}
Job "task_wrapper (trigger: interval[1:00:12.398608], next run at: 2025-09-18 01:49:32 CEST)" executed successfully
HTTP Request: GET https://api.blockchain.info/q/hashrate "HTTP/1.1 200 OK"
{"symbol": "BTC", "source": "blockchain.info", "event": "onchain_success", "timestamp": "2025-09-17T22:49:22.794381Z", "run_id": "RUN123", "level": "info"}
{"task": "onchain_hashrate", "event": "task_ok", "timestamp": "2025-09-17T22:49:22.795377Z", "run_id": "RUN123", "level": "info"}
{"task": "onchain_hashrate", "duration": 0.858571, "event": "task_end", "timestamp": "2025-09-17T22:49:22.796384Z", "run_id": "RUN123", "level": "info"}
Job "task_wrapper (trigger: interval[0:31:01.155603], next run at: 2025-09-18 01:20:20 CEST)" executed successfully
{"alive": true, "rss_mb": 54.1, "cpu_percent": 0.0, "event": "heartbeat", "timestamp": "2025-09-17T22:50:21.904521Z", "run_id": "RUN123", "level": "info"}
{"alive": true, "rss_mb": 54.1, "cpu_percent": 0.0, "event": "heartbeat", "timestamp": "2025-09-17T22:51:21.909797Z", "run_id": "RUN123", "level": "info"}
{"alive": true, "rss_mb": 54.1, "cpu_percent": 0.0, "event": "heartbeat", "timestamp": "2025-09-17T22:52:21.926376Z", "run_id": "RUN123", "level": "info"}
{"alive": true, "rss_mb": 54.1, "cpu_percent": 0.0, "event": "heartbeat", "timestamp": "2025-09-17T22:53:21.931017Z", "run_id": "RUN123", "level": "info"}
Running job "task_wrapper (trigger: interval[0:05:00.485919], next run at: 2025-09-18 00:59:20 CEST)" (scheduled at 2025-09-18 00:54:20.221594+02:00)
{"task": "derivatives_oi", "ts": "2025-09-17T22:54:20.250603Z", "event": "task_start", "timestamp": "2025-09-17T22:54:20.250603Z", "run_id": "RUN123", "level": "info"}
{"symbol": "BTCUSDT", "event": "deriv_cache_hit", "timestamp": "2025-09-17T22:54:20.251609Z", "run_id": "RUN123", "level": "info"}
{"task": "derivatives_oi", "event": "task_ok", "timestamp": "2025-09-17T22:54:20.251609Z", "run_id": "RUN123", "level": "info"}
{"task": "derivatives_oi", "duration": 0.002004, "event": "task_end", "timestamp": "2025-09-17T22:54:20.252607Z", "run_id": "RUN123", "level": "info"}
Job "task_wrapper (trigger: interval[0:05:00.485919], next run at: 2025-09-18 00:59:20 CEST)" executed successfully
{"alive": true, "rss_mb": 54.2, "cpu_percent": 0.0, "event": "heartbeat", "timestamp": "2025-09-17T22:54:21.956329Z", "run_id": "RUN123", "level": "info"}
Running job "task_wrapper (trigger: interval[0:05:03.429341], next run at: 2025-09-18 00:59:26 CEST)" (scheduled at 2025-09-18 00:54:23.167015+02:00)
{"task": "derivatives_lsr", "ts": "2025-09-17T22:54:23.177864Z", "event": "task_start", "timestamp": "2025-09-17T22:54:23.177864Z", "run_id": "RUN123", "level": "info"}
{"symbol": "BTCUSDT", "metric": "long_short_ratio", "event": "deriv_cache_hit", "timestamp": "2025-09-17T22:54:23.177864Z", "run_id": "RUN123", "level": "info"}
{"task": "derivatives_lsr", "event": "task_ok", "timestamp": "2025-09-17T22:54:23.178864Z", "run_id": "RUN123", "level": "info"}
{"task": "derivatives_lsr", "duration": 0.001999, "event": "task_end", "timestamp": "2025-09-17T22:54:23.179863Z", "run_id": "RUN123", "level": "info"}
Job "task_wrapper (trigger: interval[0:05:03.429341], next run at: 2025-09-18 00:59:26 CEST)" executed successfully
Running job "task_wrapper (trigger: interval[0:05:03.685195], next run at: 2025-09-18 00:59:27 CEST)" (scheduled at 2025-09-18 00:54:23.412872+02:00)
{"task": "macro", "ts": "2025-09-17T22:54:23.426950Z", "event": "task_start", "timestamp": "2025-09-17T22:54:23.426950Z", "run_id": "RUN123", "level": "info"}
{"symbol": "bitcoin", "event": "macro_cache_hit", "timestamp": "2025-09-17T22:54:23.427936Z", "run_id": "RUN123", "level": "info"}
{"task": "macro", "event": "task_ok", "timestamp": "2025-09-17T22:54:23.427936Z", "run_id": "RUN123", "level": "info"}
{"task": "macro", "duration": 0.000986, "event": "task_end", "timestamp": "2025-09-17T22:54:23.427936Z", "run_id": "RUN123", "level": "info"}
Job "task_wrapper (trigger: interval[0:05:03.685195], next run at: 2025-09-18 00:59:27 CEST)" executed successfully
{"alive": true, "rss_mb": 54.2, "cpu_percent": 0.0, "event": "heartbeat", "timestamp": "2025-09-17T22:55:21.957990Z", "run_id": "RUN123", "level": "info"}
{"alive": true, "rss_mb": 54.1, "cpu_percent": 0.0, "event": "heartbeat", "timestamp": "2025-09-17T22:56:21.975591Z", "run_id": "RUN123", "level": "info"}
{"alive": true, "rss_mb": 54.1, "cpu_percent": 0.0, "event": "heartbeat", "timestamp": "2025-09-17T22:57:21.982739Z", "run_id": "RUN123", "level": "info"}
{"alive": true, "rss_mb": 54.1, "cpu_percent": 0.0, "event": "heartbeat", "timestamp": "2025-09-17T22:58:21.987542Z", "run_id": "RUN123", "level": "info"}
Running job "task_wrapper (trigger: interval[0:05:00.485919], next run at: 2025-09-18 01:04:21 CEST)" (scheduled at 2025-09-18 00:59:20.707513+02:00)
{"task": "derivatives_oi", "ts": "2025-09-17T22:59:20.723015Z", "event": "task_start", "timestamp": "2025-09-17T22:59:20.723015Z", "run_id": "RUN123", "level": "info"}
{"symbol": "BTCUSDT", "event": "deriv_cache_hit", "timestamp": "2025-09-17T22:59:20.723015Z", "run_id": "RUN123", "level": "info"}
{"task": "derivatives_oi", "event": "task_ok", "timestamp": "2025-09-17T22:59:20.724014Z", "run_id": "RUN123", "level": "info"}
{"task": "derivatives_oi", "duration": 0.000999, "event": "task_end", "timestamp": "2025-09-17T22:59:20.724014Z", "run_id": "RUN123", "level": "info"}
Job "task_wrapper (trigger: interval[0:05:00.485919], next run at: 2025-09-18 01:04:21 CEST)" executed successfully
{"alive": true, "rss_mb": 54.2, "cpu_percent": 0.0, "event": "heartbeat", "timestamp": "2025-09-17T22:59:22.007627Z", "run_id": "RUN123", "level": "info"}
Running job "task_wrapper (trigger: interval[0:05:03.429341], next run at: 2025-09-18 01:04:30 CEST)" (scheduled at 2025-09-18 00:59:26.596356+02:00)
{"task": "derivatives_lsr", "ts": "2025-09-17T22:59:26.606483Z", "event": "task_start", "timestamp": "2025-09-17T22:59:26.606483Z", "run_id": "RUN123", "level": "info"}
{"symbol": "BTCUSDT", "metric": "long_short_ratio", "event": "deriv_cache_hit", "timestamp": "2025-09-17T22:59:26.607482Z", "run_id": "RUN123", "level": "info"}
{"task": "derivatives_lsr", "event": "task_ok", "timestamp": "2025-09-17T22:59:26.607482Z", "run_id": "RUN123", "level": "info"}
{"task": "derivatives_lsr", "duration": 0.000999, "event": "task_end", "timestamp": "2025-09-17T22:59:26.607482Z", "run_id": "RUN123", "level": "info"}
Job "task_wrapper (trigger: interval[0:05:03.429341], next run at: 2025-09-18 01:04:30 CEST)" executed successfully
Running job "task_wrapper (trigger: interval[0:05:03.685195], next run at: 2025-09-18 01:04:30 CEST)" (scheduled at 2025-09-18 00:59:27.098067+02:00)
{"task": "macro", "ts": "2025-09-17T22:59:27.108702Z", "event": "task_start", "timestamp": "2025-09-17T22:59:27.108702Z", "run_id": "RUN123", "level": "info"}
{"symbol": "bitcoin", "event": "macro_cache_hit", "timestamp": "2025-09-17T22:59:27.108702Z", "run_id": "RUN123", "level": "info"}
{"task": "macro", "event": "task_ok", "timestamp": "2025-09-17T22:59:27.109699Z", "run_id": "RUN123", "level": "info"}
{"task": "macro", "duration": 0.000997, "event": "task_end", "timestamp": "2025-09-17T22:59:27.109699Z", "run_id": "RUN123", "level": "info"}
Job "task_wrapper (trigger: interval[0:05:03.685195], next run at: 2025-09-18 01:04:30 CEST)" executed successfully
{"alive": true, "rss_mb": 54.2, "cpu_percent": 0.0, "event": "heartbeat", "timestamp": "2025-09-17T23:00:22.011767Z", "run_id": "RUN123", "level": "info"}
{"alive": true, "rss_mb": 54.2, "cpu_percent": 0.0, "event": "heartbeat", "timestamp": "2025-09-17T23:01:22.020728Z", "run_id": "RUN123", "level": "info"}
{"alive": true, "rss_mb": 54.2, "cpu_percent": 0.0, "event": "heartbeat", "timestamp": "2025-09-17T23:02:22.038642Z", "run_id": "RUN123", "level": "info"}
{"alive": true, "rss_mb": 54.1, "cpu_percent": 0.0, "event": "heartbeat", "timestamp": "2025-09-17T23:03:22.043214Z", "run_id": "RUN123", "level": "info"}
Running job "task_wrapper (trigger: interval[0:05:00.485919], next run at: 2025-09-18 01:09:21 CEST)" (scheduled at 2025-09-18 01:04:21.193432+02:00)
{"task": "derivatives_oi", "ts": "2025-09-17T23:04:21.208292Z", "event": "task_start", "timestamp": "2025-09-17T23:04:21.208292Z", "run_id": "RUN123", "level": "info"}
{"symbol": "BTCUSDT", "event": "deriv_cache_hit", "timestamp": "2025-09-17T23:04:21.209297Z", "run_id": "RUN123", "level": "info"}
{"task": "derivatives_oi", "event": "task_ok", "timestamp": "2025-09-17T23:04:21.210293Z", "run_id": "RUN123", "level": "info"}
{"task": "derivatives_oi", "duration": 0.002001, "event": "task_end", "timestamp": "2025-09-17T23:04:21.211285Z", "run_id": "RUN123", "level": "info"}
Job "task_wrapper (trigger: interval[0:05:00.485919], next run at: 2025-09-18 01:09:21 CEST)" executed successfully
{"alive": true, "rss_mb": 54.1, "cpu_percent": 0.0, "event": "heartbeat", "timestamp": "2025-09-17T23:04:22.067877Z", "run_id": "RUN123", "level": "info"}
Running job "task_wrapper (trigger: interval[0:05:03.429341], next run at: 2025-09-18 01:09:33 CEST)" (scheduled at 2025-09-18 01:04:30.025697+02:00)
{"task": "derivatives_lsr", "ts": "2025-09-17T23:04:30.038908Z", "event": "task_start", "timestamp": "2025-09-17T23:04:30.038908Z", "run_id": "RUN123", "level": "info"}
{"symbol": "BTCUSDT", "metric": "long_short_ratio", "event": "deriv_cache_hit", "timestamp": "2025-09-17T23:04:30.039911Z", "run_id": "RUN123", "level": "info"}
{"task": "derivatives_lsr", "event": "task_ok", "timestamp": "2025-09-17T23:04:30.039911Z", "run_id": "RUN123", "level": "info"}
{"task": "derivatives_lsr", "duration": 0.001999, "event": "task_end", "timestamp": "2025-09-17T23:04:30.040907Z", "run_id": "RUN123", "level": "info"}
Job "task_wrapper (trigger: interval[0:05:03.429341], next run at: 2025-09-18 01:09:33 CEST)" executed successfully
Running job "task_wrapper (trigger: interval[0:05:03.685195], next run at: 2025-09-18 01:09:34 CEST)" (scheduled at 2025-09-18 01:04:30.783262+02:00)
{"task": "macro", "ts": "2025-09-17T23:04:30.787025Z", "event": "task_start", "timestamp": "2025-09-17T23:04:30.787025Z", "run_id": "RUN123", "level": "info"}
{"symbol": "bitcoin", "event": "macro_cache_hit", "timestamp": "2025-09-17T23:04:30.787025Z", "run_id": "RUN123", "level": "info"}
{"task": "macro", "event": "task_ok", "timestamp": "2025-09-17T23:04:30.788024Z", "run_id": "RUN123", "level": "info"}
{"task": "macro", "duration": 0.000999, "event": "task_end", "timestamp": "2025-09-17T23:04:30.788024Z", "run_id": "RUN123", "level": "info"}
Job "task_wrapper (trigger: interval[0:05:03.685195], next run at: 2025-09-18 01:09:34 CEST)" executed successfully
Running job "task_wrapper (trigger: interval[0:15:38.637530], next run at: 2025-09-18 01:20:37 CEST)" (scheduled at 2025-09-18 01:04:58.367203+02:00)
{"task": "defillama", "ts": "2025-09-17T23:04:58.431684Z", "event": "task_start", "timestamp": "2025-09-17T23:04:58.431684Z", "run_id": "RUN123", "level": "info"}
{"chain": "ethereum", "event": "defillama_cache_hit", "timestamp": "2025-09-17T23:04:58.447684Z", "run_id": "RUN123", "level": "info"}
{"task": "defillama", "event": "task_ok", "timestamp": "2025-09-17T23:04:58.465683Z", "run_id": "RUN123", "level": "info"}
{"task": "defillama", "duration": 0.053998, "event": "task_end", "timestamp": "2025-09-17T23:04:58.485682Z", "run_id": "RUN123", "level": "info"}
Job "task_wrapper (trigger: interval[0:15:38.637530], next run at: 2025-09-18 01:20:37 CEST)" executed successfully
{"alive": true, "rss_mb": 54.1, "cpu_percent": 0.0, "event": "heartbeat", "timestamp": "2025-09-17T23:05:22.076443Z", "run_id": "RUN123", "level": "info"}
{"alive": true, "rss_mb": 53.6, "cpu_percent": 0.0, "event": "heartbeat", "timestamp": "2025-09-17T23:06:22.099259Z", "run_id": "RUN123", "level": "info"}
{"alive": true, "rss_mb": 53.6, "cpu_percent": 0.0, "event": "heartbeat", "timestamp": "2025-09-17T23:07:22.110846Z", "run_id": "RUN123", "level": "info"}
{"alive": true, "rss_mb": 53.6, "cpu_percent": 0.0, "event": "heartbeat", "timestamp": "2025-09-17T23:08:22.103571Z", "run_id": "RUN123", "level": "info"}
Running job "task_wrapper (trigger: interval[0:05:00.485919], next run at: 2025-09-18 01:14:22 CEST)" (scheduled at 2025-09-18 01:09:21.679351+02:00)
{"task": "derivatives_oi", "ts": "2025-09-17T23:09:21.710431Z", "event": "task_start", "timestamp": "2025-09-17T23:09:21.710431Z", "run_id": "RUN123", "level": "info"}
{"symbol": "BTCUSDT", "event": "deriv_cache_hit", "timestamp": "2025-09-17T23:09:21.711427Z", "run_id": "RUN123", "level": "info"}
{"task": "derivatives_oi", "event": "task_ok", "timestamp": "2025-09-17T23:09:21.711427Z", "run_id": "RUN123", "level": "info"}
{"task": "derivatives_oi", "duration": 0.002, "event": "task_end", "timestamp": "2025-09-17T23:09:21.712431Z", "run_id": "RUN123", "level": "info"}
Job "task_wrapper (trigger: interval[0:05:00.485919], next run at: 2025-09-18 01:14:22 CEST)" executed successfully
{"alive": true, "rss_mb": 53.6, "cpu_percent": 0.0, "event": "heartbeat", "timestamp": "2025-09-17T23:09:22.116518Z", "run_id": "RUN123", "level": "info"}
Running job "task_wrapper (trigger: interval[0:05:03.429341], next run at: 2025-09-18 01:14:36 CEST)" (scheduled at 2025-09-18 01:09:33.455038+02:00)
{"task": "derivatives_lsr", "ts": "2025-09-17T23:09:33.464494Z", "event": "task_start", "timestamp": "2025-09-17T23:09:33.464494Z", "run_id": "RUN123", "level": "info"}
{"symbol": "BTCUSDT", "metric": "long_short_ratio", "event": "deriv_cache_hit", "timestamp": "2025-09-17T23:09:33.464494Z", "run_id": "RUN123", "level": "info"}
{"task": "derivatives_lsr", "event": "task_ok", "timestamp": "2025-09-17T23:09:33.465493Z", "run_id": "RUN123", "level": "info"}
{"task": "derivatives_lsr", "duration": 0.000999, "event": "task_end", "timestamp": "2025-09-17T23:09:33.465493Z", "run_id": "RUN123", "level": "info"}
Job "task_wrapper (trigger: interval[0:05:03.429341], next run at: 2025-09-18 01:14:36 CEST)" executed successfully
Running job "task_wrapper (trigger: interval[0:05:03.685195], next run at: 2025-09-18 01:14:38 CEST)" (scheduled at 2025-09-18 01:09:34.468457+02:00)
{"task": "macro", "ts": "2025-09-17T23:09:34.478350Z", "event": "task_start", "timestamp": "2025-09-17T23:09:34.478350Z", "run_id": "RUN123", "level": "info"}
{"symbol": "bitcoin", "event": "macro_cache_hit", "timestamp": "2025-09-17T23:09:34.479351Z", "run_id": "RUN123", "level": "info"}
{"task": "macro", "event": "task_ok", "timestamp": "2025-09-17T23:09:34.480355Z", "run_id": "RUN123", "level": "info"}
{"task": "macro", "duration": 0.002005, "event": "task_end", "timestamp": "2025-09-17T23:09:34.480355Z", "run_id": "RUN123", "level": "info"}
Job "task_wrapper (trigger: interval[0:05:03.685195], next run at: 2025-09-18 01:14:38 CEST)" executed successfully
{"alive": true, "rss_mb": 53.6, "cpu_percent": 0.0, "event": "heartbeat", "timestamp": "2025-09-17T23:10:22.138814Z", "run_id": "RUN123", "level": "info"}
{"alive": true, "rss_mb": 53.6, "cpu_percent": 0.0, "event": "heartbeat", "timestamp": "2025-09-17T23:11:22.153610Z", "run_id": "RUN123", "level": "info"}
{"alive": true, "rss_mb": 53.6, "cpu_percent": 0.0, "event": "heartbeat", "timestamp": "2025-09-17T23:12:22.168007Z", "run_id": "RUN123", "level": "info"}
{"alive": true, "rss_mb": 53.6, "cpu_percent": 0.0, "event": "heartbeat", "timestamp": "2025-09-17T23:13:22.169556Z", "run_id": "RUN123", "level": "info"}
{"alive": true, "rss_mb": 53.6, "cpu_percent": 0.0, "event": "heartbeat", "timestamp": "2025-09-17T23:14:22.177799Z", "run_id": "RUN123", "level": "info"}
Running job "task_wrapper (trigger: interval[0:05:00.485919], next run at: 2025-09-18 01:19:22 CEST)" (scheduled at 2025-09-18 01:14:22.165270+02:00)
{"task": "derivatives_oi", "ts": "2025-09-17T23:14:22.178784Z", "event": "task_start", "timestamp": "2025-09-17T23:14:22.178784Z", "run_id": "RUN123", "level": "info"}
{"symbol": "BTCUSDT", "event": "deriv_cache_hit", "timestamp": "2025-09-17T23:14:22.179783Z", "run_id": "RUN123", "level": "info"}
{"task": "derivatives_oi", "event": "task_ok", "timestamp": "2025-09-17T23:14:22.180781Z", "run_id": "RUN123", "level": "info"}
{"task": "derivatives_oi", "duration": 0.003003, "event": "task_end", "timestamp": "2025-09-17T23:14:22.181787Z", "run_id": "RUN123", "level": "info"}
Job "task_wrapper (trigger: interval[0:05:00.485919], next run at: 2025-09-18 01:19:22 CEST)" executed successfully
Running job "task_wrapper (trigger: interval[0:05:03.429341], next run at: 2025-09-18 01:19:40 CEST)" (scheduled at 2025-09-18 01:14:36.884379+02:00)
{"task": "derivatives_lsr", "ts": "2025-09-17T23:14:36.905397Z", "event": "task_start", "timestamp": "2025-09-17T23:14:36.905397Z", "run_id": "RUN123", "level": "info"}
{"symbol": "BTCUSDT", "metric": "long_short_ratio", "event": "deriv_cache_hit", "timestamp": "2025-09-17T23:14:36.906395Z", "run_id": "RUN123", "level": "info"}
{"task": "derivatives_lsr", "event": "task_ok", "timestamp": "2025-09-17T23:14:36.907394Z", "run_id": "RUN123", "level": "info"}
{"task": "derivatives_lsr", "duration": 0.003006, "event": "task_end", "timestamp": "2025-09-17T23:14:36.908403Z", "run_id": "RUN123", "level": "info"}
Job "task_wrapper (trigger: interval[0:05:03.429341], next run at: 2025-09-18 01:19:40 CEST)" executed successfully
Running job "task_wrapper (trigger: interval[0:05:03.685195], next run at: 2025-09-18 01:19:41 CEST)" (scheduled at 2025-09-18 01:14:38.153652+02:00)
{"task": "macro", "ts": "2025-09-17T23:14:38.156399Z", "event": "task_start", "timestamp": "2025-09-17T23:14:38.156399Z", "run_id": "RUN123", "level": "info"}
{"symbol": "bitcoin", "event": "macro_cache_hit", "timestamp": "2025-09-17T23:14:38.156399Z", "run_id": "RUN123", "level": "info"}
{"task": "macro", "event": "task_ok", "timestamp": "2025-09-17T23:14:38.157402Z", "run_id": "RUN123", "level": "info"}
{"task": "macro", "duration": 0.001999, "event": "task_end", "timestamp": "2025-09-17T23:14:38.158398Z", "run_id": "RUN123", "level": "info"}
Job "task_wrapper (trigger: interval[0:05:03.685195], next run at: 2025-09-18 01:19:41 CEST)" executed successfully
{"alive": true, "rss_mb": 53.6, "cpu_percent": 0.0, "event": "heartbeat", "timestamp": "2025-09-17T23:15:22.193166Z", "run_id": "RUN123", "level": "info"}
{"alive": true, "rss_mb": 53.6, "cpu_percent": 0.0, "event": "heartbeat", "timestamp": "2025-09-17T23:16:22.210653Z", "run_id": "RUN123", "level": "info"}
{"alive": true, "rss_mb": 53.6, "cpu_percent": 0.0, "event": "heartbeat", "timestamp": "2025-09-17T23:17:22.219895Z", "run_id": "RUN123", "level": "info"}
{"alive": true, "rss_mb": 53.6, "cpu_percent": 0.0, "event": "heartbeat", "timestamp": "2025-09-17T23:18:22.233523Z", "run_id": "RUN123", "level": "info"}
{"alive": true, "rss_mb": 53.6, "cpu_percent": 0.0, "event": "heartbeat", "timestamp": "2025-09-17T23:19:22.249795Z", "run_id": "RUN123", "level": "info"}
Running job "task_wrapper (trigger: interval[0:05:00.485919], next run at: 2025-09-18 01:24:23 CEST)" (scheduled at 2025-09-18 01:19:22.651189+02:00)
{"task": "derivatives_oi", "ts": "2025-09-17T23:19:22.661411Z", "event": "task_start", "timestamp": "2025-09-17T23:19:22.661411Z", "run_id": "RUN123", "level": "info"}
{"symbol": "BTCUSDT", "event": "deriv_cache_hit", "timestamp": "2025-09-17T23:19:22.661411Z", "run_id": "RUN123", "level": "info"}
{"task": "derivatives_oi", "event": "task_ok", "timestamp": "2025-09-17T23:19:22.662417Z", "run_id": "RUN123", "level": "info"}
{"task": "derivatives_oi", "duration": 0.002004, "event": "task_end", "timestamp": "2025-09-17T23:19:22.663415Z", "run_id": "RUN123", "level": "info"}
Job "task_wrapper (trigger: interval[0:05:00.485919], next run at: 2025-09-18 01:24:23 CEST)" executed successfully
Running job "task_wrapper (trigger: interval[0:30:20.099607], next run at: 2025-09-18 01:49:59 CEST)" (scheduled at 2025-09-18 01:19:39.830281+02:00)
{"task": "onchain_tx", "ts": "2025-09-17T23:19:39.841457Z", "event": "task_start", "timestamp": "2025-09-17T23:19:39.842456Z", "run_id": "RUN123", "level": "info"}
{"symbol": "BTC", "event": "onchain_cache_hit", "timestamp": "2025-09-17T23:19:39.842456Z", "run_id": "RUN123", "level": "info"}
{"task": "onchain_tx", "event": "task_ok", "timestamp": "2025-09-17T23:19:39.843458Z", "run_id": "RUN123", "level": "info"}
{"task": "onchain_tx", "duration": 0.002001, "event": "task_end", "timestamp": "2025-09-17T23:19:39.844450Z", "run_id": "RUN123", "level": "info"}
Job "task_wrapper (trigger: interval[0:30:20.099607], next run at: 2025-09-18 01:49:59 CEST)" executed successfully
Running job "task_wrapper (trigger: interval[0:05:03.429341], next run at: 2025-09-18 01:24:43 CEST)" (scheduled at 2025-09-18 01:19:40.313720+02:00)
{"task": "derivatives_lsr", "ts": "2025-09-17T23:19:40.328291Z", "event": "task_start", "timestamp": "2025-09-17T23:19:40.328291Z", "run_id": "RUN123", "level": "info"}
{"symbol": "BTCUSDT", "metric": "long_short_ratio", "event": "deriv_cache_hit", "timestamp": "2025-09-17T23:19:40.329309Z", "run_id": "RUN123", "level": "info"}
{"task": "derivatives_lsr", "event": "task_ok", "timestamp": "2025-09-17T23:19:40.329309Z", "run_id": "RUN123", "level": "info"}
{"task": "derivatives_lsr", "duration": 0.002018, "event": "task_end", "timestamp": "2025-09-17T23:19:40.330309Z", "run_id": "RUN123", "level": "info"}
Job "task_wrapper (trigger: interval[0:05:03.429341], next run at: 2025-09-18 01:24:43 CEST)" executed successfully
Running job "task_wrapper (trigger: interval[0:05:03.685195], next run at: 2025-09-18 01:24:45 CEST)" (scheduled at 2025-09-18 01:19:41.838847+02:00)
{"task": "macro", "ts": "2025-09-17T23:19:41.859874Z", "event": "task_start", "timestamp": "2025-09-17T23:19:41.859874Z", "run_id": "RUN123", "level": "info"}
{"symbol": "bitcoin", "event": "macro_cache_hit", "timestamp": "2025-09-17T23:19:41.860869Z", "run_id": "RUN123", "level": "info"}
{"task": "macro", "event": "task_ok", "timestamp": "2025-09-17T23:19:41.860869Z", "run_id": "RUN123", "level": "info"}
{"task": "macro", "duration": 0.000995, "event": "task_end", "timestamp": "2025-09-17T23:19:41.860869Z", "run_id": "RUN123", "level": "info"}
Job "task_wrapper (trigger: interval[0:05:03.685195], next run at: 2025-09-18 01:24:45 CEST)" executed successfully
Running job "task_wrapper (trigger: interval[0:31:01.155603], next run at: 2025-09-18 01:51:22 CEST)" (scheduled at 2025-09-18 01:20:20.888281+02:00)
{"task": "onchain_hashrate", "ts": "2025-09-17T23:20:20.897218Z", "event": "task_start", "timestamp": "2025-09-17T23:20:20.897218Z", "run_id": "RUN123", "level": "info"}
{"symbol": "BTC", "event": "onchain_cache_hit", "timestamp": "2025-09-17T23:20:20.897218Z", "run_id": "RUN123", "level": "info"}
{"task": "onchain_hashrate", "event": "task_ok", "timestamp": "2025-09-17T23:20:20.898218Z", "run_id": "RUN123", "level": "info"}
{"task": "onchain_hashrate", "duration": 0.001, "event": "task_end", "timestamp": "2025-09-17T23:20:20.898218Z", "run_id": "RUN123", "level": "info"}
Job "task_wrapper (trigger: interval[0:31:01.155603], next run at: 2025-09-18 01:51:22 CEST)" executed successfully
{"alive": true, "rss_mb": 53.6, "cpu_percent": 0.0, "event": "heartbeat", "timestamp": "2025-09-17T23:20:22.276338Z", "run_id": "RUN123", "level": "info"}
Running job "task_wrapper (trigger: interval[0:31:05.669810], next run at: 2025-09-18 01:51:31 CEST)" (scheduled at 2025-09-18 01:20:25.403487+02:00)
{"task": "onchain_sopr", "ts": "2025-09-17T23:20:25.409991Z", "event": "task_start", "timestamp": "2025-09-17T23:20:25.409991Z", "run_id": "RUN123", "level": "info"}
{"symbol": "BTC", "event": "onchain_cache_hit", "timestamp": "2025-09-17T23:20:25.410999Z", "run_id": "RUN123", "level": "info"}
{"task": "onchain_sopr", "event": "task_ok", "timestamp": "2025-09-17T23:20:25.410999Z", "run_id": "RUN123", "level": "info"}
{"task": "onchain_sopr", "duration": 0.002002, "event": "task_end", "timestamp": "2025-09-17T23:20:25.411993Z", "run_id": "RUN123", "level": "info"}
Job "task_wrapper (trigger: interval[0:31:05.669810], next run at: 2025-09-18 01:51:31 CEST)" executed successfully
Running job "task_wrapper (trigger: interval[0:15:38.637530], next run at: 2025-09-18 01:36:15 CEST)" (scheduled at 2025-09-18 01:20:37.004733+02:00)
{"task": "defillama", "ts": "2025-09-17T23:20:37.019198Z", "event": "task_start", "timestamp": "2025-09-17T23:20:37.019198Z", "run_id": "RUN123", "level": "info"}
{"chain": "ethereum", "event": "defillama_cache_hit", "timestamp": "2025-09-17T23:20:37.020193Z", "run_id": "RUN123", "level": "info"}
{"task": "defillama", "event": "task_ok", "timestamp": "2025-09-17T23:20:37.020193Z", "run_id": "RUN123", "level": "info"}
{"task": "defillama", "duration": 0.001994, "event": "task_end", "timestamp": "2025-09-17T23:20:37.021192Z", "run_id": "RUN123", "level": "info"}
Job "task_wrapper (trigger: interval[0:15:38.637530], next run at: 2025-09-18 01:36:15 CEST)" executed successfully
{"alive": true, "rss_mb": 53.6, "cpu_percent": 0.0, "event": "heartbeat", "timestamp": "2025-09-17T23:21:22.293889Z", "run_id": "RUN123", "level": "info"}
{"alive": true, "rss_mb": 53.6, "cpu_percent": 0.0, "event": "heartbeat", "timestamp": "2025-09-17T23:22:22.300945Z", "run_id": "RUN123", "level": "info"}
{"alive": true, "rss_mb": 53.6, "cpu_percent": 0.0, "event": "heartbeat", "timestamp": "2025-09-17T23:23:22.307854Z", "run_id": "RUN123", "level": "info"}
{"alive": true, "rss_mb": 53.6, "cpu_percent": 0.0, "event": "heartbeat", "timestamp": "2025-09-17T23:24:22.319780Z", "run_id": "RUN123", "level": "info"}
Running job "task_wrapper (trigger: interval[0:05:00.485919], next run at: 2025-09-18 01:29:23 CEST)" (scheduled at 2025-09-18 01:24:23.137108+02:00)
{"task": "derivatives_oi", "ts": "2025-09-17T23:24:23.145396Z", "event": "task_start", "timestamp": "2025-09-17T23:24:23.145396Z", "run_id": "RUN123", "level": "info"}
{"symbol": "BTCUSDT", "event": "deriv_cache_hit", "timestamp": "2025-09-17T23:24:23.146395Z", "run_id": "RUN123", "level": "info"}
{"task": "derivatives_oi", "event": "task_ok", "timestamp": "2025-09-17T23:24:23.146395Z", "run_id": "RUN123", "level": "info"}
{"task": "derivatives_oi", "duration": 0.000999, "event": "task_end", "timestamp": "2025-09-17T23:24:23.146395Z", "run_id": "RUN123", "level": "info"}
Job "task_wrapper (trigger: interval[0:05:00.485919], next run at: 2025-09-18 01:29:23 CEST)" executed successfully
Running job "task_wrapper (trigger: interval[0:05:03.429341], next run at: 2025-09-18 01:29:47 CEST)" (scheduled at 2025-09-18 01:24:43.743061+02:00)
{"task": "derivatives_lsr", "ts": "2025-09-17T23:24:43.764627Z", "event": "task_start", "timestamp": "2025-09-17T23:24:43.764627Z", "run_id": "RUN123", "level": "info"}
{"symbol": "BTCUSDT", "metric": "long_short_ratio", "event": "deriv_cache_hit", "timestamp": "2025-09-17T23:24:43.764627Z", "run_id": "RUN123", "level": "info"}
{"task": "derivatives_lsr", "event": "task_ok", "timestamp": "2025-09-17T23:24:43.764627Z", "run_id": "RUN123", "level": "info"}
{"task": "derivatives_lsr", "duration": 0.000999, "event": "task_end", "timestamp": "2025-09-17T23:24:43.765626Z", "run_id": "RUN123", "level": "info"}
Job "task_wrapper (trigger: interval[0:05:03.429341], next run at: 2025-09-18 01:29:47 CEST)" executed successfully
Running job "task_wrapper (trigger: interval[0:05:03.685195], next run at: 2025-09-18 01:29:49 CEST)" (scheduled at 2025-09-18 01:24:45.524042+02:00)
{"task": "macro", "ts": "2025-09-17T23:24:45.540848Z", "event": "task_start", "timestamp": "2025-09-17T23:24:45.540848Z", "run_id": "RUN123", "level": "info"}
{"symbol": "bitcoin", "event": "macro_cache_hit", "timestamp": "2025-09-17T23:24:45.541851Z", "run_id": "RUN123", "level": "info"}
{"task": "macro", "event": "task_ok", "timestamp": "2025-09-17T23:24:45.541851Z", "run_id": "RUN123", "level": "info"}
{"task": "macro", "duration": 0.001999, "event": "task_end", "timestamp": "2025-09-17T23:24:45.542847Z", "run_id": "RUN123", "level": "info"}
Job "task_wrapper (trigger: interval[0:05:03.685195], next run at: 2025-09-18 01:29:49 CEST)" executed successfully
{"alive": true, "rss_mb": 53.6, "cpu_percent": 0.0, "event": "heartbeat", "timestamp": "2025-09-17T23:25:22.336827Z", "run_id": "RUN123", "level": "info"}
{"alive": true, "rss_mb": 53.6, "cpu_percent": 0.0, "event": "heartbeat", "timestamp": "2025-09-17T23:26:22.349217Z", "run_id": "RUN123", "level": "info"}
{"alive": true, "rss_mb": 53.6, "cpu_percent": 0.0, "event": "heartbeat", "timestamp": "2025-09-17T23:27:22.364979Z", "run_id": "RUN123", "level": "info"}
{"alive": true, "rss_mb": 53.6, "cpu_percent": 0.0, "event": "heartbeat", "timestamp": "2025-09-17T23:28:22.376153Z", "run_id": "RUN123", "level": "info"}
{"alive": true, "rss_mb": 53.6, "cpu_percent": 0.0, "event": "heartbeat", "timestamp": "2025-09-17T23:29:22.379946Z", "run_id": "RUN123", "level": "info"}
Running job "task_wrapper (trigger: interval[0:05:00.485919], next run at: 2025-09-18 01:34:24 CEST)" (scheduled at 2025-09-18 01:29:23.623027+02:00)
{"task": "derivatives_oi", "ts": "2025-09-17T23:29:23.637815Z", "event": "task_start", "timestamp": "2025-09-17T23:29:23.637815Z", "run_id": "RUN123", "level": "info"}
{"symbol": "BTCUSDT", "event": "deriv_cache_hit", "timestamp": "2025-09-17T23:29:23.638812Z", "run_id": "RUN123", "level": "info"}
{"task": "derivatives_oi", "event": "task_ok", "timestamp": "2025-09-17T23:29:23.638812Z", "run_id": "RUN123", "level": "info"}
{"task": "derivatives_oi", "duration": 0.001999, "event": "task_end", "timestamp": "2025-09-17T23:29:23.639814Z", "run_id": "RUN123", "level": "info"}
Job "task_wrapper (trigger: interval[0:05:00.485919], next run at: 2025-09-18 01:34:24 CEST)" executed successfully
Running job "task_wrapper (trigger: interval[0:05:03.429341], next run at: 2025-09-18 01:34:50 CEST)" (scheduled at 2025-09-18 01:29:47.172402+02:00)
{"task": "derivatives_lsr", "ts": "2025-09-17T23:29:47.182558Z", "event": "task_start", "timestamp": "2025-09-17T23:29:47.182558Z", "run_id": "RUN123", "level": "info"}
{"symbol": "BTCUSDT", "metric": "long_short_ratio", "event": "deriv_cache_hit", "timestamp": "2025-09-17T23:29:47.183553Z", "run_id": "RUN123", "level": "info"}
{"task": "derivatives_lsr", "event": "task_ok", "timestamp": "2025-09-17T23:29:47.183553Z", "run_id": "RUN123", "level": "info"}
{"task": "derivatives_lsr", "duration": 0.001994, "event": "task_end", "timestamp": "2025-09-17T23:29:47.184552Z", "run_id": "RUN123", "level": "info"}
Job "task_wrapper (trigger: interval[0:05:03.429341], next run at: 2025-09-18 01:34:50 CEST)" executed successfully
Running job "task_wrapper (trigger: interval[0:05:03.685195], next run at: 2025-09-18 01:34:52 CEST)" (scheduled at 2025-09-18 01:29:49.209237+02:00)
{"task": "macro", "ts": "2025-09-17T23:29:49.223818Z", "event": "task_start", "timestamp": "2025-09-17T23:29:49.223818Z", "run_id": "RUN123", "level": "info"}
{"symbol": "bitcoin", "event": "macro_cache_hit", "timestamp": "2025-09-17T23:29:49.224826Z", "run_id": "RUN123", "level": "info"}
{"task": "macro", "event": "task_ok", "timestamp": "2025-09-17T23:29:49.225817Z", "run_id": "RUN123", "level": "info"}
{"task": "macro", "duration": 0.003, "event": "task_end", "timestamp": "2025-09-17T23:29:49.226818Z", "run_id": "RUN123", "level": "info"}
Job "task_wrapper (trigger: interval[0:05:03.685195], next run at: 2025-09-18 01:34:52 CEST)" executed successfully
{"alive": true, "rss_mb": 53.6, "cpu_percent": 0.0, "event": "heartbeat", "timestamp": "2025-09-17T23:30:22.377068Z", "run_id": "RUN123", "level": "info"}
{"alive": true, "rss_mb": 53.6, "cpu_percent": 0.0, "event": "heartbeat", "timestamp": "2025-09-17T23:31:22.392912Z", "run_id": "RUN123", "level": "info"}
{"alive": true, "rss_mb": 53.6, "cpu_percent": 0.0, "event": "heartbeat", "timestamp": "2025-09-17T23:32:22.400578Z", "run_id": "RUN123", "level": "info"}
{"alive": true, "rss_mb": 53.6, "cpu_percent": 0.0, "event": "heartbeat", "timestamp": "2025-09-17T23:33:22.413450Z", "run_id": "RUN123", "level": "info"}
{"alive": true, "rss_mb": 53.6, "cpu_percent": 0.0, "event": "heartbeat", "timestamp": "2025-09-17T23:34:22.425785Z", "run_id": "RUN123", "level": "info"}
Running job "task_wrapper (trigger: interval[0:05:00.485919], next run at: 2025-09-18 01:39:24 CEST)" (scheduled at 2025-09-18 01:34:24.108946+02:00)
{"task": "derivatives_oi", "ts": "2025-09-17T23:34:24.113016Z", "event": "task_start", "timestamp": "2025-09-17T23:34:24.113016Z", "run_id": "RUN123", "level": "info"}
{"symbol": "BTCUSDT", "event": "deriv_cache_hit", "timestamp": "2025-09-17T23:34:24.114008Z", "run_id": "RUN123", "level": "info"}
{"task": "derivatives_oi", "event": "task_ok", "timestamp": "2025-09-17T23:34:24.114008Z", "run_id": "RUN123", "level": "info"}
{"task": "derivatives_oi", "duration": 0.000992, "event": "task_end", "timestamp": "2025-09-17T23:34:24.114008Z", "run_id": "RUN123", "level": "info"}
Job "task_wrapper (trigger: interval[0:05:00.485919], next run at: 2025-09-18 01:39:24 CEST)" executed successfully
Running job "task_wrapper (trigger: interval[0:05:03.429341], next run at: 2025-09-18 01:39:54 CEST)" (scheduled at 2025-09-18 01:34:50.601743+02:00)
{"task": "derivatives_lsr", "ts": "2025-09-17T23:34:50.618813Z", "event": "task_start", "timestamp": "2025-09-17T23:34:50.618813Z", "run_id": "RUN123", "level": "info"}
{"symbol": "BTCUSDT", "metric": "long_short_ratio", "event": "deriv_cache_hit", "timestamp": "2025-09-17T23:34:50.618813Z", "run_id": "RUN123", "level": "info"}
{"task": "derivatives_lsr", "event": "task_ok", "timestamp": "2025-09-17T23:34:50.619809Z", "run_id": "RUN123", "level": "info"}
{"task": "derivatives_lsr", "duration": 0.000996, "event": "task_end", "timestamp": "2025-09-17T23:34:50.620819Z", "run_id": "RUN123", "level": "info"}
Job "task_wrapper (trigger: interval[0:05:03.429341], next run at: 2025-09-18 01:39:54 CEST)" executed successfully
Running job "task_wrapper (trigger: interval[0:05:03.685195], next run at: 2025-09-18 01:39:56 CEST)" (scheduled at 2025-09-18 01:34:52.894432+02:00)
{"task": "macro", "ts": "2025-09-17T23:34:52.906955Z", "event": "task_start", "timestamp": "2025-09-17T23:34:52.906955Z", "run_id": "RUN123", "level": "info"}
{"symbol": "bitcoin", "event": "macro_cache_hit", "timestamp": "2025-09-17T23:34:52.907953Z", "run_id": "RUN123", "level": "info"}
{"task": "macro", "event": "task_ok", "timestamp": "2025-09-17T23:34:52.908957Z", "run_id": "RUN123", "level": "info"}
{"task": "macro", "duration": 0.002002, "event": "task_end", "timestamp": "2025-09-17T23:34:52.908957Z", "run_id": "RUN123", "level": "info"}
Job "task_wrapper (trigger: interval[0:05:03.685195], next run at: 2025-09-18 01:39:56 CEST)" executed successfully
{"alive": true, "rss_mb": 53.6, "cpu_percent": 0.0, "event": "heartbeat", "timestamp": "2025-09-17T23:35:22.438575Z", "run_id": "RUN123", "level": "info"}
Running job "task_wrapper (trigger: interval[0:15:38.637530], next run at: 2025-09-18 01:51:54 CEST)" (scheduled at 2025-09-18 01:36:15.642263+02:00)
{"task": "defillama", "ts": "2025-09-17T23:36:15.650549Z", "event": "task_start", "timestamp": "2025-09-17T23:36:15.650549Z", "run_id": "RUN123", "level": "info"}
{"chain": "ethereum", "event": "defillama_cache_hit", "timestamp": "2025-09-17T23:36:15.651549Z", "run_id": "RUN123", "level": "info"}
{"task": "defillama", "event": "task_ok", "timestamp": "2025-09-17T23:36:15.651549Z", "run_id": "RUN123", "level": "info"}
{"task": "defillama", "duration": 0.002004, "event": "task_end", "timestamp": "2025-09-17T23:36:15.652553Z", "run_id": "RUN123", "level": "info"}
Job "task_wrapper (trigger: interval[0:15:38.637530], next run at: 2025-09-18 01:51:54 CEST)" executed successfully
{"alive": true, "rss_mb": 53.6, "cpu_percent": 0.0, "event": "heartbeat", "timestamp": "2025-09-17T23:36:22.442117Z", "run_id": "RUN123", "level": "info"}
{"alive": true, "rss_mb": 53.6, "cpu_percent": 0.0, "event": "heartbeat", "timestamp": "2025-09-17T23:37:22.454783Z", "run_id": "RUN123", "level": "info"}
{"alive": true, "rss_mb": 53.6, "cpu_percent": 0.0, "event": "heartbeat", "timestamp": "2025-09-17T23:38:22.468493Z", "run_id": "RUN123", "level": "info"}
{"alive": true, "rss_mb": 53.6, "cpu_percent": 0.0, "event": "heartbeat", "timestamp": "2025-09-17T23:39:22.487180Z", "run_id": "RUN123", "level": "info"}
Running job "task_wrapper (trigger: interval[0:05:00.485919], next run at: 2025-09-18 01:44:25 CEST)" (scheduled at 2025-09-18 01:39:24.594865+02:00)
{"task": "derivatives_oi", "ts": "2025-09-17T23:39:24.616013Z", "event": "task_start", "timestamp": "2025-09-17T23:39:24.616013Z", "run_id": "RUN123", "level": "info"}
{"symbol": "BTCUSDT", "event": "deriv_cache_hit", "timestamp": "2025-09-17T23:39:24.617014Z", "run_id": "RUN123", "level": "info"}
{"task": "derivatives_oi", "event": "task_ok", "timestamp": "2025-09-17T23:39:24.617014Z", "run_id": "RUN123", "level": "info"}
{"task": "derivatives_oi", "duration": 0.001001, "event": "task_end", "timestamp": "2025-09-17T23:39:24.617014Z", "run_id": "RUN123", "level": "info"}
Job "task_wrapper (trigger: interval[0:05:00.485919], next run at: 2025-09-18 01:44:25 CEST)" executed successfully
Running job "task_wrapper (trigger: interval[0:05:03.429341], next run at: 2025-09-18 01:44:57 CEST)" (scheduled at 2025-09-18 01:39:54.031084+02:00)
{"task": "derivatives_lsr", "ts": "2025-09-17T23:39:54.040198Z", "event": "task_start", "timestamp": "2025-09-17T23:39:54.040198Z", "run_id": "RUN123", "level": "info"}
{"symbol": "BTCUSDT", "metric": "long_short_ratio", "event": "deriv_cache_hit", "timestamp": "2025-09-17T23:39:54.041194Z", "run_id": "RUN123", "level": "info"}
{"task": "derivatives_lsr", "event": "task_ok", "timestamp": "2025-09-17T23:39:54.042201Z", "run_id": "RUN123", "level": "info"}
{"task": "derivatives_lsr", "duration": 0.002003, "event": "task_end", "timestamp": "2025-09-17T23:39:54.042201Z", "run_id": "RUN123", "level": "info"}
Job "task_wrapper (trigger: interval[0:05:03.429341], next run at: 2025-09-18 01:44:57 CEST)" executed successfully
Running job "task_wrapper (trigger: interval[0:05:03.685195], next run at: 2025-09-18 01:45:00 CEST)" (scheduled at 2025-09-18 01:39:56.579627+02:00)
{"task": "macro", "ts": "2025-09-17T23:39:56.593791Z", "event": "task_start", "timestamp": "2025-09-17T23:39:56.593791Z", "run_id": "RUN123", "level": "info"}
{"symbol": "bitcoin", "event": "macro_cache_hit", "timestamp": "2025-09-17T23:39:56.594787Z", "run_id": "RUN123", "level": "info"}
{"task": "macro", "event": "task_ok", "timestamp": "2025-09-17T23:39:56.594787Z", "run_id": "RUN123", "level": "info"}
{"task": "macro", "duration": 0.000996, "event": "task_end", "timestamp": "2025-09-17T23:39:56.594787Z", "run_id": "RUN123", "level": "info"}
Job "task_wrapper (trigger: interval[0:05:03.685195], next run at: 2025-09-18 01:45:00 CEST)" executed successfully
{"alive": true, "rss_mb": 53.6, "cpu_percent": 0.0, "event": "heartbeat", "timestamp": "2025-09-17T23:40:22.501054Z", "run_id": "RUN123", "level": "info"}
{"alive": true, "rss_mb": 53.6, "cpu_percent": 0.0, "event": "heartbeat", "timestamp": "2025-09-17T23:41:22.513451Z", "run_id": "RUN123", "level": "info"}
{"alive": true, "rss_mb": 53.6, "cpu_percent": 0.0, "event": "heartbeat", "timestamp": "2025-09-17T23:42:22.516911Z", "run_id": "RUN123", "level": "info"}
{"alive": true, "rss_mb": 53.6, "cpu_percent": 0.0, "event": "heartbeat", "timestamp": "2025-09-17T23:43:22.524522Z", "run_id": "RUN123", "level": "info"}
{"alive": true, "rss_mb": 53.6, "cpu_percent": 0.0, "event": "heartbeat", "timestamp": "2025-09-17T23:44:22.536755Z", "run_id": "RUN123", "level": "info"}
Running job "task_wrapper (trigger: interval[0:05:00.485919], next run at: 2025-09-18 01:49:25 CEST)" (scheduled at 2025-09-18 01:44:25.080784+02:00)
{"task": "derivatives_oi", "ts": "2025-09-17T23:44:25.097771Z", "event": "task_start", "timestamp": "2025-09-17T23:44:25.097771Z", "run_id": "RUN123", "level": "info"}
{"symbol": "BTCUSDT", "event": "deriv_cache_hit", "timestamp": "2025-09-17T23:44:25.098772Z", "run_id": "RUN123", "level": "info"}
{"task": "derivatives_oi", "event": "task_ok", "timestamp": "2025-09-17T23:44:25.099759Z", "run_id": "RUN123", "level": "info"}
{"task": "derivatives_oi", "duration": 0.001988, "event": "task_end", "timestamp": "2025-09-17T23:44:25.099759Z", "run_id": "RUN123", "level": "info"}
Job "task_wrapper (trigger: interval[0:05:00.485919], next run at: 2025-09-18 01:49:25 CEST)" executed successfully
Running job "task_wrapper (trigger: interval[0:05:03.429341], next run at: 2025-09-18 01:50:00 CEST)" (scheduled at 2025-09-18 01:44:57.460425+02:00)
{"task": "derivatives_lsr", "ts": "2025-09-17T23:44:57.475135Z", "event": "task_start", "timestamp": "2025-09-17T23:44:57.475135Z", "run_id": "RUN123", "level": "info"}
{"symbol": "BTCUSDT", "metric": "long_short_ratio", "event": "deriv_cache_hit", "timestamp": "2025-09-17T23:44:57.476154Z", "run_id": "RUN123", "level": "info"}
{"task": "derivatives_lsr", "event": "task_ok", "timestamp": "2025-09-17T23:44:57.476154Z", "run_id": "RUN123", "level": "info"}
{"task": "derivatives_lsr", "duration": 0.001998, "event": "task_end", "timestamp": "2025-09-17T23:44:57.477133Z", "run_id": "RUN123", "level": "info"}
Job "task_wrapper (trigger: interval[0:05:03.429341], next run at: 2025-09-18 01:50:00 CEST)" executed successfully
Running job "task_wrapper (trigger: interval[0:05:03.685195], next run at: 2025-09-18 01:50:03 CEST)" (scheduled at 2025-09-18 01:45:00.264822+02:00)
{"task": "macro", "ts": "2025-09-17T23:45:00.282917Z", "event": "task_start", "timestamp": "2025-09-17T23:45:00.282917Z", "run_id": "RUN123", "level": "info"}
{"symbol": "bitcoin", "event": "macro_cache_hit", "timestamp": "2025-09-17T23:45:00.283894Z", "run_id": "RUN123", "level": "info"}
{"task": "macro", "event": "task_ok", "timestamp": "2025-09-17T23:45:00.284235Z", "run_id": "RUN123", "level": "info"}
{"task": "macro", "duration": 0.001318, "event": "task_end", "timestamp": "2025-09-17T23:45:00.284235Z", "run_id": "RUN123", "level": "info"}
Job "task_wrapper (trigger: interval[0:05:03.685195], next run at: 2025-09-18 01:50:03 CEST)" executed successfully
{"alive": true, "rss_mb": 53.6, "cpu_percent": 0.0, "event": "heartbeat", "timestamp": "2025-09-17T23:45:22.541585Z", "run_id": "RUN123", "level": "info"}
{"alive": true, "rss_mb": 53.6, "cpu_percent": 0.0, "event": "heartbeat", "timestamp": "2025-09-17T23:46:22.552938Z", "run_id": "RUN123", "level": "info"}
{"alive": true, "rss_mb": 53.6, "cpu_percent": 0.0, "event": "heartbeat", "timestamp": "2025-09-17T23:47:22.570085Z", "run_id": "RUN123", "level": "info"}
{"alive": true, "rss_mb": 53.6, "cpu_percent": 0.0, "event": "heartbeat", "timestamp": "2025-09-17T23:48:22.575683Z", "run_id": "RUN123", "level": "info"}
{"alive": true, "rss_mb": 53.6, "cpu_percent": 0.0, "event": "heartbeat", "timestamp": "2025-09-17T23:49:22.589550Z", "run_id": "RUN123", "level": "info"}
Running job "task_wrapper (trigger: interval[0:05:00.485919], next run at: 2025-09-18 01:54:26 CEST)" (scheduled at 2025-09-18 01:49:25.566703+02:00)
{"task": "derivatives_oi", "ts": "2025-09-17T23:49:25.583447Z", "event": "task_start", "timestamp": "2025-09-17T23:49:25.583447Z", "run_id": "RUN123", "level": "info"}
{"symbol": "BTCUSDT", "event": "deriv_cache_hit", "timestamp": "2025-09-17T23:49:25.583447Z", "run_id": "RUN123", "level": "info"}
{"task": "derivatives_oi", "event": "task_ok", "timestamp": "2025-09-17T23:49:25.584449Z", "run_id": "RUN123", "level": "info"}
{"task": "derivatives_oi", "duration": 0.002003, "event": "task_end", "timestamp": "2025-09-17T23:49:25.585450Z", "run_id": "RUN123", "level": "info"}
Job "task_wrapper (trigger: interval[0:05:00.485919], next run at: 2025-09-18 01:54:26 CEST)" executed successfully
Running job "task_wrapper (trigger: interval[1:00:12.398608], next run at: 2025-09-18 02:49:44 CEST)" (scheduled at 2025-09-18 01:49:32.137285+02:00)
{"task": "sentiment_fg", "ts": "2025-09-17T23:49:32.142825Z", "event": "task_start", "timestamp": "2025-09-17T23:49:32.142825Z", "run_id": "RUN123", "level": "info"}
{"metric": "fear_greed", "event": "sentiment_cache_hit", "timestamp": "2025-09-17T23:49:32.143844Z", "run_id": "RUN123", "level": "info"}
{"task": "sentiment_fg", "event": "task_ok", "timestamp": "2025-09-17T23:49:32.144841Z", "run_id": "RUN123", "level": "info"}
{"task": "sentiment_fg", "duration": 0.002016, "event": "task_end", "timestamp": "2025-09-17T23:49:32.144841Z", "run_id": "RUN123", "level": "info"}
Job "task_wrapper (trigger: interval[1:00:12.398608], next run at: 2025-09-18 02:49:44 CEST)" executed successfully
Running job "task_wrapper (trigger: interval[0:30:20.099607], next run at: 2025-09-18 02:20:20 CEST)" (scheduled at 2025-09-18 01:49:59.929888+02:00)
{"task": "onchain_tx", "ts": "2025-09-17T23:49:59.934652Z", "event": "task_start", "timestamp": "2025-09-17T23:49:59.934652Z", "run_id": "RUN123", "level": "info"}
{"symbol": "BTC", "event": "onchain_cache_hit", "timestamp": "2025-09-17T23:49:59.935646Z", "run_id": "RUN123", "level": "info"}
{"task": "onchain_tx", "event": "task_ok", "timestamp": "2025-09-17T23:49:59.935646Z", "run_id": "RUN123", "level": "info"}
{"task": "onchain_tx", "duration": 0.001997, "event": "task_end", "timestamp": "2025-09-17T23:49:59.936649Z", "run_id": "RUN123", "level": "info"}
Job "task_wrapper (trigger: interval[0:30:20.099607], next run at: 2025-09-18 02:20:20 CEST)" executed successfully
Running job "task_wrapper (trigger: interval[0:05:03.429341], next run at: 2025-09-18 01:55:04 CEST)" (scheduled at 2025-09-18 01:50:00.889766+02:00)
{"task": "derivatives_lsr", "ts": "2025-09-17T23:50:00.908503Z", "event": "task_start", "timestamp": "2025-09-17T23:50:00.908503Z", "run_id": "RUN123", "level": "info"}
{"symbol": "BTCUSDT", "metric": "long_short_ratio", "event": "deriv_cache_hit", "timestamp": "2025-09-17T23:50:00.908503Z", "run_id": "RUN123", "level": "info"}
{"task": "derivatives_lsr", "event": "task_ok", "timestamp": "2025-09-17T23:50:00.909502Z", "run_id": "RUN123", "level": "info"}
{"task": "derivatives_lsr", "duration": 0.002005, "event": "task_end", "timestamp": "2025-09-17T23:50:00.910508Z", "run_id": "RUN123", "level": "info"}
Job "task_wrapper (trigger: interval[0:05:03.429341], next run at: 2025-09-18 01:55:04 CEST)" executed successfully
Running job "task_wrapper (trigger: interval[0:05:03.685195], next run at: 2025-09-18 01:55:07 CEST)" (scheduled at 2025-09-18 01:50:03.950017+02:00)
{"task": "macro", "ts": "2025-09-17T23:50:03.951615Z", "event": "task_start", "timestamp": "2025-09-17T23:50:03.951615Z", "run_id": "RUN123", "level": "info"}
{"symbol": "bitcoin", "event": "macro_cache_hit", "timestamp": "2025-09-17T23:50:03.951615Z", "run_id": "RUN123", "level": "info"}
{"task": "macro", "event": "task_ok", "timestamp": "2025-09-17T23:50:03.952625Z", "run_id": "RUN123", "level": "info"}
{"task": "macro", "duration": 0.00101, "event": "task_end", "timestamp": "2025-09-17T23:50:03.952625Z", "run_id": "RUN123", "level": "info"}
Job "task_wrapper (trigger: interval[0:05:03.685195], next run at: 2025-09-18 01:55:07 CEST)" executed successfully
{"alive": true, "rss_mb": 53.6, "cpu_percent": 0.0, "event": "heartbeat", "timestamp": "2025-09-17T23:50:22.609934Z", "run_id": "RUN123", "level": "info"}
Running job "task_wrapper (trigger: interval[0:31:01.155603], next run at: 2025-09-18 02:22:23 CEST)" (scheduled at 2025-09-18 01:51:22.043884+02:00)
{"task": "onchain_hashrate", "ts": "2025-09-17T23:51:22.063038Z", "event": "task_start", "timestamp": "2025-09-17T23:51:22.063038Z", "run_id": "RUN123", "level": "info"}
{"symbol": "BTC", "event": "onchain_cache_hit", "timestamp": "2025-09-17T23:51:22.064032Z", "run_id": "RUN123", "level": "info"}
{"task": "onchain_hashrate", "event": "task_ok", "timestamp": "2025-09-17T23:51:22.064032Z", "run_id": "RUN123", "level": "info"}
{"task": "onchain_hashrate", "duration": 0.001996, "event": "task_end", "timestamp": "2025-09-17T23:51:22.065034Z", "run_id": "RUN123", "level": "info"}
Job "task_wrapper (trigger: interval[0:31:01.155603], next run at: 2025-09-18 02:22:23 CEST)" executed successfully
{"alive": true, "rss_mb": 53.6, "cpu_percent": 0.0, "event": "heartbeat", "timestamp": "2025-09-17T23:51:22.625125Z", "run_id": "RUN123", "level": "info"}
Running job "task_wrapper (trigger: interval[0:31:05.669810], next run at: 2025-09-18 02:22:36 CEST)" (scheduled at 2025-09-18 01:51:31.073297+02:00)
{"task": "onchain_sopr", "ts": "2025-09-17T23:51:31.086643Z", "event": "task_start", "timestamp": "2025-09-17T23:51:31.086643Z", "run_id": "RUN123", "level": "info"}
{"symbol": "BTC", "event": "onchain_cache_hit", "timestamp": "2025-09-17T23:51:31.086643Z", "run_id": "RUN123", "level": "info"}
{"task": "onchain_sopr", "event": "task_ok", "timestamp": "2025-09-17T23:51:31.087641Z", "run_id": "RUN123", "level": "info"}
{"task": "onchain_sopr", "duration": 0.000998, "event": "task_end", "timestamp": "2025-09-17T23:51:31.087641Z", "run_id": "RUN123", "level": "info"}
Job "task_wrapper (trigger: interval[0:31:05.669810], next run at: 2025-09-18 02:22:36 CEST)" executed successfully
Running job "task_wrapper (trigger: interval[0:15:38.637530], next run at: 2025-09-18 02:07:32 CEST)" (scheduled at 2025-09-18 01:51:54.279793+02:00)
{"task": "defillama", "ts": "2025-09-17T23:51:54.291062Z", "event": "task_start", "timestamp": "2025-09-17T23:51:54.291062Z", "run_id": "RUN123", "level": "info"}
{"chain": "ethereum", "event": "defillama_cache_hit", "timestamp": "2025-09-17T23:51:54.292064Z", "run_id": "RUN123", "level": "info"}
{"task": "defillama", "event": "task_ok", "timestamp": "2025-09-17T23:51:54.293058Z", "run_id": "RUN123", "level": "info"}
{"task": "defillama", "duration": 0.001996, "event": "task_end", "timestamp": "2025-09-17T23:51:54.293058Z", "run_id": "RUN123", "level": "info"}
Job "task_wrapper (trigger: interval[0:15:38.637530], next run at: 2025-09-18 02:07:32 CEST)" executed successfully
{"alive": true, "rss_mb": 53.6, "cpu_percent": 0.0, "event": "heartbeat", "timestamp": "2025-09-17T23:52:22.640831Z", "run_id": "RUN123", "level": "info"}
{"alive": true, "rss_mb": 53.6, "cpu_percent": 0.0, "event": "heartbeat", "timestamp": "2025-09-17T23:53:22.655114Z", "run_id": "RUN123", "level": "info"}
{"alive": true, "rss_mb": 53.6, "cpu_percent": 0.0, "event": "heartbeat", "timestamp": "2025-09-17T23:54:22.669904Z", "run_id": "RUN123", "level": "info"}
Running job "task_wrapper (trigger: interval[0:05:00.485919], next run at: 2025-09-18 01:59:26 CEST)" (scheduled at 2025-09-18 01:54:26.052622+02:00)
{"task": "derivatives_oi", "ts": "2025-09-17T23:54:26.060379Z", "event": "task_start", "timestamp": "2025-09-17T23:54:26.060379Z", "run_id": "RUN123", "level": "info"}
{"symbol": "BTCUSDT", "event": "deriv_cache_hit", "timestamp": "2025-09-17T23:54:26.061380Z", "run_id": "RUN123", "level": "info"}
{"task": "derivatives_oi", "event": "task_ok", "timestamp": "2025-09-17T23:54:26.062361Z", "run_id": "RUN123", "level": "info"}
{"task": "derivatives_oi", "duration": 0.001982, "event": "task_end", "timestamp": "2025-09-17T23:54:26.062361Z", "run_id": "RUN123", "level": "info"}
Job "task_wrapper (trigger: interval[0:05:00.485919], next run at: 2025-09-18 01:59:26 CEST)" executed successfully
Running job "task_wrapper (trigger: interval[0:05:03.429341], next run at: 2025-09-18 02:00:07 CEST)" (scheduled at 2025-09-18 01:55:04.319107+02:00)
{"task": "derivatives_lsr", "ts": "2025-09-17T23:55:04.328784Z", "event": "task_start", "timestamp": "2025-09-17T23:55:04.328784Z", "run_id": "RUN123", "level": "info"}
{"symbol": "BTCUSDT", "metric": "long_short_ratio", "event": "deriv_cache_hit", "timestamp": "2025-09-17T23:55:04.329781Z", "run_id": "RUN123", "level": "info"}
{"task": "derivatives_lsr", "event": "task_ok", "timestamp": "2025-09-17T23:55:04.329781Z", "run_id": "RUN123", "level": "info"}
{"task": "derivatives_lsr", "duration": 0.001998, "event": "task_end", "timestamp": "2025-09-17T23:55:04.330782Z", "run_id": "RUN123", "level": "info"}
Job "task_wrapper (trigger: interval[0:05:03.429341], next run at: 2025-09-18 02:00:07 CEST)" executed successfully
Running job "task_wrapper (trigger: interval[0:05:03.685195], next run at: 2025-09-18 02:00:11 CEST)" (scheduled at 2025-09-18 01:55:07.635212+02:00)
{"task": "macro", "ts": "2025-09-17T23:55:07.643587Z", "event": "task_start", "timestamp": "2025-09-17T23:55:07.643587Z", "run_id": "RUN123", "level": "info"}
{"symbol": "bitcoin", "event": "macro_cache_hit", "timestamp": "2025-09-17T23:55:07.644599Z", "run_id": "RUN123", "level": "info"}
{"task": "macro", "event": "task_ok", "timestamp": "2025-09-17T23:55:07.644599Z", "run_id": "RUN123", "level": "info"}
{"task": "macro", "duration": 0.001996, "event": "task_end", "timestamp": "2025-09-17T23:55:07.645583Z", "run_id": "RUN123", "level": "info"}
Job "task_wrapper (trigger: interval[0:05:03.685195], next run at: 2025-09-18 02:00:11 CEST)" executed successfully
{"alive": true, "rss_mb": 53.6, "cpu_percent": 0.0, "event": "heartbeat", "timestamp": "2025-09-17T23:55:22.692763Z", "run_id": "RUN123", "level": "info"}
{"alive": true, "rss_mb": 53.6, "cpu_percent": 0.0, "event": "heartbeat", "timestamp": "2025-09-17T23:56:22.700501Z", "run_id": "RUN123", "level": "info"}
{"alive": true, "rss_mb": 53.6, "cpu_percent": 0.0, "event": "heartbeat", "timestamp": "2025-09-17T23:57:22.708506Z", "run_id": "RUN123", "level": "info"}
{"alive": true, "rss_mb": 53.6, "cpu_percent": 0.0, "event": "heartbeat", "timestamp": "2025-09-17T23:58:22.718023Z", "run_id": "RUN123", "level": "info"}
{"alive": true, "rss_mb": 53.6, "cpu_percent": 0.0, "event": "heartbeat", "timestamp": "2025-09-17T23:59:22.731176Z", "run_id": "RUN123", "level": "info"}
Running job "task_wrapper (trigger: interval[0:05:00.485919], next run at: 2025-09-18 02:04:27 CEST)" (scheduled at 2025-09-18 01:59:26.538541+02:00)
{"task": "derivatives_oi", "ts": "2025-09-17T23:59:26.556334Z", "event": "task_start", "timestamp": "2025-09-17T23:59:26.556334Z", "run_id": "RUN123", "level": "info"}
{"symbol": "BTCUSDT", "event": "deriv_cache_hit", "timestamp": "2025-09-17T23:59:26.557332Z", "run_id": "RUN123", "level": "info"}
{"task": "derivatives_oi", "event": "task_ok", "timestamp": "2025-09-17T23:59:26.558329Z", "run_id": "RUN123", "level": "info"}
{"task": "derivatives_oi", "duration": 0.001995, "event": "task_end", "timestamp": "2025-09-17T23:59:26.558329Z", "run_id": "RUN123", "level": "info"}
Job "task_wrapper (trigger: interval[0:05:00.485919], next run at: 2025-09-18 02:04:27 CEST)" executed successfully
Running job "task_wrapper (trigger: interval[0:05:03.429341], next run at: 2025-09-18 02:05:11 CEST)" (scheduled at 2025-09-18 02:00:07.748448+02:00)
{"task": "derivatives_lsr", "ts": "2025-09-18T00:00:07.769800Z", "event": "task_start", "timestamp": "2025-09-18T00:00:07.769800Z", "run_id": "RUN123", "level": "info"}
{"symbol": "BTCUSDT", "metric": "long_short_ratio", "event": "deriv_cache_hit", "timestamp": "2025-09-18T00:00:07.769800Z", "run_id": "RUN123", "level": "info"}
{"task": "derivatives_lsr", "event": "task_ok", "timestamp": "2025-09-18T00:00:07.770807Z", "run_id": "RUN123", "level": "info"}
{"task": "derivatives_lsr", "duration": 0.001007, "event": "task_end", "timestamp": "2025-09-18T00:00:07.770807Z", "run_id": "RUN123", "level": "info"}
Job "task_wrapper (trigger: interval[0:05:03.429341], next run at: 2025-09-18 02:05:11 CEST)" executed successfully
Running job "task_wrapper (trigger: interval[0:05:03.685195], next run at: 2025-09-18 02:05:15 CEST)" (scheduled at 2025-09-18 02:00:11.320407+02:00)
{"task": "macro", "ts": "2025-09-18T00:00:11.334072Z", "event": "task_start", "timestamp": "2025-09-18T00:00:11.334072Z", "run_id": "RUN123", "level": "info"}
{"symbol": "bitcoin", "event": "macro_cache_hit", "timestamp": "2025-09-18T00:00:11.335078Z", "run_id": "RUN123", "level": "info"}
{"task": "macro", "event": "task_ok", "timestamp": "2025-09-18T00:00:11.335078Z", "run_id": "RUN123", "level": "info"}
{"task": "macro", "duration": 0.002004, "event": "task_end", "timestamp": "2025-09-18T00:00:11.336076Z", "run_id": "RUN123", "level": "info"}
Job "task_wrapper (trigger: interval[0:05:03.685195], next run at: 2025-09-18 02:05:15 CEST)" executed successfully
{"alive": true, "rss_mb": 53.6, "cpu_percent": 0.0, "event": "heartbeat", "timestamp": "2025-09-18T00:00:22.731892Z", "run_id": "RUN123", "level": "info"}
{"alive": true, "rss_mb": 53.6, "cpu_percent": 0.0, "event": "heartbeat", "timestamp": "2025-09-18T00:01:22.736459Z", "run_id": "RUN123", "level": "info"}
{"alive": true, "rss_mb": 53.6, "cpu_percent": 0.0, "event": "heartbeat", "timestamp": "2025-09-18T00:02:22.750282Z", "run_id": "RUN123", "level": "info"}
{"alive": true, "rss_mb": 53.6, "cpu_percent": 0.0, "event": "heartbeat", "timestamp": "2025-09-18T00:03:22.762962Z", "run_id": "RUN123", "level": "info"}
{"alive": true, "rss_mb": 53.6, "cpu_percent": 0.0, "event": "heartbeat", "timestamp": "2025-09-18T00:04:22.768824Z", "run_id": "RUN123", "level": "info"}
Running job "task_wrapper (trigger: interval[0:05:00.485919], next run at: 2025-09-18 02:09:27 CEST)" (scheduled at 2025-09-18 02:04:27.024460+02:00)
{"task": "derivatives_oi", "ts": "2025-09-18T00:04:27.046506Z", "event": "task_start", "timestamp": "2025-09-18T00:04:27.047494Z", "run_id": "RUN123", "level": "info"}
{"symbol": "BTCUSDT", "event": "deriv_cache_hit", "timestamp": "2025-09-18T00:04:27.047494Z", "run_id": "RUN123", "level": "info"}
{"task": "derivatives_oi", "event": "task_ok", "timestamp": "2025-09-18T00:04:27.048495Z", "run_id": "RUN123", "level": "info"}
{"task": "derivatives_oi", "duration": 0.001989, "event": "task_end", "timestamp": "2025-09-18T00:04:27.048495Z", "run_id": "RUN123", "level": "info"}
Job "task_wrapper (trigger: interval[0:05:00.485919], next run at: 2025-09-18 02:09:27 CEST)" executed successfully
Running job "task_wrapper (trigger: interval[0:05:03.429341], next run at: 2025-09-18 02:10:14 CEST)" (scheduled at 2025-09-18 02:05:11.177789+02:00)
{"task": "derivatives_lsr", "ts": "2025-09-18T00:05:11.195314Z", "event": "task_start", "timestamp": "2025-09-18T00:05:11.195314Z", "run_id": "RUN123", "level": "info"}
{"symbol": "BTCUSDT", "metric": "long_short_ratio", "event": "deriv_cache_hit", "timestamp": "2025-09-18T00:05:11.195314Z", "run_id": "RUN123", "level": "info"}
{"task": "derivatives_lsr", "event": "task_ok", "timestamp": "2025-09-18T00:05:11.196315Z", "run_id": "RUN123", "level": "info"}
{"task": "derivatives_lsr", "duration": 0.001001, "event": "task_end", "timestamp": "2025-09-18T00:05:11.196315Z", "run_id": "RUN123", "level": "info"}
Job "task_wrapper (trigger: interval[0:05:03.429341], next run at: 2025-09-18 02:10:14 CEST)" executed successfully
Running job "task_wrapper (trigger: interval[0:05:03.685195], next run at: 2025-09-18 02:10:18 CEST)" (scheduled at 2025-09-18 02:05:15.005602+02:00)
{"task": "macro", "ts": "2025-09-18T00:05:15.010341Z", "event": "task_start", "timestamp": "2025-09-18T00:05:15.010341Z", "run_id": "RUN123", "level": "info"}
{"symbol": "bitcoin", "event": "macro_cache_hit", "timestamp": "2025-09-18T00:05:15.010341Z", "run_id": "RUN123", "level": "info"}
{"task": "macro", "event": "task_ok", "timestamp": "2025-09-18T00:05:15.011352Z", "run_id": "RUN123", "level": "info"}
{"task": "macro", "duration": 0.001011, "event": "task_end", "timestamp": "2025-09-18T00:05:15.011352Z", "run_id": "RUN123", "level": "info"}
Job "task_wrapper (trigger: interval[0:05:03.685195], next run at: 2025-09-18 02:10:18 CEST)" executed successfully
{"alive": true, "rss_mb": 53.6, "cpu_percent": 0.0, "event": "heartbeat", "timestamp": "2025-09-18T00:05:22.772451Z", "run_id": "RUN123", "level": "info"}
{"alive": true, "rss_mb": 53.6, "cpu_percent": 0.0, "event": "heartbeat", "timestamp": "2025-09-18T00:06:22.783971Z", "run_id": "RUN123", "level": "info"}
{"alive": true, "rss_mb": 53.6, "cpu_percent": 0.0, "event": "heartbeat", "timestamp": "2025-09-18T00:07:22.790297Z", "run_id": "RUN123", "level": "info"}
Running job "task_wrapper (trigger: interval[0:15:38.637530], next run at: 2025-09-18 02:23:11 CEST)" (scheduled at 2025-09-18 02:07:32.917323+02:00)
{"task": "defillama", "ts": "2025-09-18T00:07:32.923209Z", "event": "task_start", "timestamp": "2025-09-18T00:07:32.923209Z", "run_id": "RUN123", "level": "info"}
{"chain": "ethereum", "event": "defillama_cache_hit", "timestamp": "2025-09-18T00:07:32.924202Z", "run_id": "RUN123", "level": "info"}
{"task": "defillama", "event": "task_ok", "timestamp": "2025-09-18T00:07:32.924202Z", "run_id": "RUN123", "level": "info"}
{"task": "defillama", "duration": 0.001996, "event": "task_end", "timestamp": "2025-09-18T00:07:32.925205Z", "run_id": "RUN123", "level": "info"}
Job "task_wrapper (trigger: interval[0:15:38.637530], next run at: 2025-09-18 02:23:11 CEST)" executed successfully
{"alive": true, "rss_mb": 53.6, "cpu_percent": 0.0, "event": "heartbeat", "timestamp": "2025-09-18T00:08:22.806520Z", "run_id": "RUN123", "level": "info"}
{"alive": true, "rss_mb": 53.6, "cpu_percent": 0.0, "event": "heartbeat", "timestamp": "2025-09-18T00:09:22.812176Z", "run_id": "RUN123", "level": "info"}
Running job "task_wrapper (trigger: interval[0:05:00.485919], next run at: 2025-09-18 02:14:27 CEST)" (scheduled at 2025-09-18 02:09:27.510379+02:00)
{"task": "derivatives_oi", "ts": "2025-09-18T00:09:27.518965Z", "event": "task_start", "timestamp": "2025-09-18T00:09:27.518965Z", "run_id": "RUN123", "level": "info"}
{"symbol": "BTCUSDT", "event": "deriv_cache_hit", "timestamp": "2025-09-18T00:09:27.518965Z", "run_id": "RUN123", "level": "info"}
{"task": "derivatives_oi", "event": "task_ok", "timestamp": "2025-09-18T00:09:27.519968Z", "run_id": "RUN123", "level": "info"}
{"task": "derivatives_oi", "duration": 0.001003, "event": "task_end", "timestamp": "2025-09-18T00:09:27.519968Z", "run_id": "RUN123", "level": "info"}
Job "task_wrapper (trigger: interval[0:05:00.485919], next run at: 2025-09-18 02:14:27 CEST)" executed successfully
Running job "task_wrapper (trigger: interval[0:05:03.429341], next run at: 2025-09-18 02:15:18 CEST)" (scheduled at 2025-09-18 02:10:14.607130+02:00)
{"task": "derivatives_lsr", "ts": "2025-09-18T00:10:14.628664Z", "event": "task_start", "timestamp": "2025-09-18T00:10:14.628664Z", "run_id": "RUN123", "level": "info"}
{"symbol": "BTCUSDT", "metric": "long_short_ratio", "event": "deriv_cache_hit", "timestamp": "2025-09-18T00:10:14.629675Z", "run_id": "RUN123", "level": "info"}
{"task": "derivatives_lsr", "event": "task_ok", "timestamp": "2025-09-18T00:10:14.630676Z", "run_id": "RUN123", "level": "info"}
{"task": "derivatives_lsr", "duration": 0.002012, "event": "task_end", "timestamp": "2025-09-18T00:10:14.630676Z", "run_id": "RUN123", "level": "info"}
Job "task_wrapper (trigger: interval[0:05:03.429341], next run at: 2025-09-18 02:15:18 CEST)" executed successfully
Running job "task_wrapper (trigger: interval[0:05:03.685195], next run at: 2025-09-18 02:15:22 CEST)" (scheduled at 2025-09-18 02:10:18.690797+02:00)
{"task": "macro", "ts": "2025-09-18T00:10:18.706399Z", "event": "task_start", "timestamp": "2025-09-18T00:10:18.706399Z", "run_id": "RUN123", "level": "info"}
{"symbol": "bitcoin", "event": "macro_cache_hit", "timestamp": "2025-09-18T00:10:18.706399Z", "run_id": "RUN123", "level": "info"}
{"task": "macro", "event": "task_ok", "timestamp": "2025-09-18T00:10:18.707394Z", "run_id": "RUN123", "level": "info"}
{"task": "macro", "duration": 0.000995, "event": "task_end", "timestamp": "2025-09-18T00:10:18.707394Z", "run_id": "RUN123", "level": "info"}
Job "task_wrapper (trigger: interval[0:05:03.685195], next run at: 2025-09-18 02:15:22 CEST)" executed successfully
{"alive": true, "rss_mb": 53.6, "cpu_percent": 0.0, "event": "heartbeat", "timestamp": "2025-09-18T00:10:22.835504Z", "run_id": "RUN123", "level": "info"}
{"alive": true, "rss_mb": 53.6, "cpu_percent": 0.0, "event": "heartbeat", "timestamp": "2025-09-18T00:11:22.844273Z", "run_id": "RUN123", "level": "info"}
{"alive": true, "rss_mb": 53.6, "cpu_percent": 0.0, "event": "heartbeat", "timestamp": "2025-09-18T00:12:22.851835Z", "run_id": "RUN123", "level": "info"}
{"alive": true, "rss_mb": 53.6, "cpu_percent": 0.0, "event": "heartbeat", "timestamp": "2025-09-18T00:13:22.854190Z", "run_id": "RUN123", "level": "info"}
{"alive": true, "rss_mb": 53.6, "cpu_percent": 0.0, "event": "heartbeat", "timestamp": "2025-09-18T00:14:22.867905Z", "run_id": "RUN123", "level": "info"}
Running job "task_wrapper (trigger: interval[0:05:00.485919], next run at: 2025-09-18 02:19:28 CEST)" (scheduled at 2025-09-18 02:14:27.996298+02:00)
{"task": "derivatives_oi", "ts": "2025-09-18T00:14:28.011625Z", "event": "task_start", "timestamp": "2025-09-18T00:14:28.011625Z", "run_id": "RUN123", "level": "info"}
{"symbol": "BTCUSDT", "event": "deriv_cache_hit", "timestamp": "2025-09-18T00:14:28.012622Z", "run_id": "RUN123", "level": "info"}
{"task": "derivatives_oi", "event": "task_ok", "timestamp": "2025-09-18T00:14:28.012622Z", "run_id": "RUN123", "level": "info"}
{"task": "derivatives_oi", "duration": 0.001996, "event": "task_end", "timestamp": "2025-09-18T00:14:28.013621Z", "run_id": "RUN123", "level": "info"}
Job "task_wrapper (trigger: interval[0:05:00.485919], next run at: 2025-09-18 02:19:28 CEST)" executed successfully
Running job "task_wrapper (trigger: interval[0:05:03.429341], next run at: 2025-09-18 02:20:21 CEST)" (scheduled at 2025-09-18 02:15:18.036471+02:00)
{"task": "derivatives_lsr", "ts": "2025-09-18T00:15:18.048381Z", "event": "task_start", "timestamp": "2025-09-18T00:15:18.048381Z", "run_id": "RUN123", "level": "info"}
{"symbol": "BTCUSDT", "metric": "long_short_ratio", "event": "deriv_cache_hit", "timestamp": "2025-09-18T00:15:18.048381Z", "run_id": "RUN123", "level": "info"}
{"task": "derivatives_lsr", "event": "task_ok", "timestamp": "2025-09-18T00:15:18.049382Z", "run_id": "RUN123", "level": "info"}
{"task": "derivatives_lsr", "duration": 0.002004, "event": "task_end", "timestamp": "2025-09-18T00:15:18.050385Z", "run_id": "RUN123", "level": "info"}
Job "task_wrapper (trigger: interval[0:05:03.429341], next run at: 2025-09-18 02:20:21 CEST)" executed successfully
Running job "task_wrapper (trigger: interval[0:05:03.685195], next run at: 2025-09-18 02:20:26 CEST)" (scheduled at 2025-09-18 02:15:22.375992+02:00)
{"task": "macro", "ts": "2025-09-18T00:15:22.380756Z", "event": "task_start", "timestamp": "2025-09-18T00:15:22.380756Z", "run_id": "RUN123", "level": "info"}
{"symbol": "bitcoin", "event": "macro_cache_hit", "timestamp": "2025-09-18T00:15:22.381752Z", "run_id": "RUN123", "level": "info"}
{"task": "macro", "event": "task_ok", "timestamp": "2025-09-18T00:15:22.381752Z", "run_id": "RUN123", "level": "info"}
{"task": "macro", "duration": 0.001994, "event": "task_end", "timestamp": "2025-09-18T00:15:22.382750Z", "run_id": "RUN123", "level": "info"}
Job "task_wrapper (trigger: interval[0:05:03.685195], next run at: 2025-09-18 02:20:26 CEST)" executed successfully
{"alive": true, "rss_mb": 53.6, "cpu_percent": 0.0, "event": "heartbeat", "timestamp": "2025-09-18T00:15:22.882717Z", "run_id": "RUN123", "level": "info"}
{"alive": true, "rss_mb": 53.6, "cpu_percent": 0.0, "event": "heartbeat", "timestamp": "2025-09-18T00:16:22.886935Z", "run_id": "RUN123", "level": "info"}
{"alive": true, "rss_mb": 53.6, "cpu_percent": 0.0, "event": "heartbeat", "timestamp": "2025-09-18T00:17:22.901980Z", "run_id": "RUN123", "level": "info"}
{"alive": true, "rss_mb": 53.6, "cpu_percent": 0.0, "event": "heartbeat", "timestamp": "2025-09-18T00:18:22.909697Z", "run_id": "RUN123", "level": "info"}
{"alive": true, "rss_mb": 53.6, "cpu_percent": 0.0, "event": "heartbeat", "timestamp": "2025-09-18T00:19:22.912779Z", "run_id": "RUN123", "level": "info"}
Running job "task_wrapper (trigger: interval[0:05:00.485919], next run at: 2025-09-18 02:24:28 CEST)" (scheduled at 2025-09-18 02:19:28.482217+02:00)
{"task": "derivatives_oi", "ts": "2025-09-18T00:19:28.499957Z", "event": "task_start", "timestamp": "2025-09-18T00:19:28.499957Z", "run_id": "RUN123", "level": "info"}
{"symbol": "BTCUSDT", "event": "deriv_cache_hit", "timestamp": "2025-09-18T00:19:28.499957Z", "run_id": "RUN123", "level": "info"}
{"task": "derivatives_oi", "event": "task_ok", "timestamp": "2025-09-18T00:19:28.500959Z", "run_id": "RUN123", "level": "info"}
{"task": "derivatives_oi", "duration": 0.001002, "event": "task_end", "timestamp": "2025-09-18T00:19:28.500959Z", "run_id": "RUN123", "level": "info"}
Job "task_wrapper (trigger: interval[0:05:00.485919], next run at: 2025-09-18 02:24:28 CEST)" executed successfully
Running job "task_wrapper (trigger: interval[0:30:20.099607], next run at: 2025-09-18 02:50:40 CEST)" (scheduled at 2025-09-18 02:20:20.029495+02:00)
{"task": "onchain_tx", "ts": "2025-09-18T00:20:20.044139Z", "event": "task_start", "timestamp": "2025-09-18T00:20:20.044139Z", "run_id": "RUN123", "level": "info"}
{"symbol": "BTC", "event": "onchain_cache_hit", "timestamp": "2025-09-18T00:20:20.045140Z", "run_id": "RUN123", "level": "info"}
{"task": "onchain_tx", "event": "task_ok", "timestamp": "2025-09-18T00:20:20.045140Z", "run_id": "RUN123", "level": "info"}
{"task": "onchain_tx", "duration": 0.002005, "event": "task_end", "timestamp": "2025-09-18T00:20:20.046144Z", "run_id": "RUN123", "level": "info"}
Job "task_wrapper (trigger: interval[0:30:20.099607], next run at: 2025-09-18 02:50:40 CEST)" executed successfully
Running job "task_wrapper (trigger: interval[0:05:03.429341], next run at: 2025-09-18 02:25:24 CEST)" (scheduled at 2025-09-18 02:20:21.465812+02:00)
{"task": "derivatives_lsr", "ts": "2025-09-18T00:20:21.478908Z", "event": "task_start", "timestamp": "2025-09-18T00:20:21.478908Z", "run_id": "RUN123", "level": "info"}
{"symbol": "BTCUSDT", "metric": "long_short_ratio", "event": "deriv_cache_hit", "timestamp": "2025-09-18T00:20:21.478908Z", "run_id": "RUN123", "level": "info"}
{"task": "derivatives_lsr", "event": "task_ok", "timestamp": "2025-09-18T00:20:21.479913Z", "run_id": "RUN123", "level": "info"}
{"task": "derivatives_lsr", "duration": 0.001005, "event": "task_end", "timestamp": "2025-09-18T00:20:21.479913Z", "run_id": "RUN123", "level": "info"}
Job "task_wrapper (trigger: interval[0:05:03.429341], next run at: 2025-09-18 02:25:24 CEST)" executed successfully
{"alive": true, "rss_mb": 53.6, "cpu_percent": 0.0, "event": "heartbeat", "timestamp": "2025-09-18T00:20:22.930109Z", "run_id": "RUN123", "level": "info"}
Running job "task_wrapper (trigger: interval[0:05:03.685195], next run at: 2025-09-18 02:25:29 CEST)" (scheduled at 2025-09-18 02:20:26.061187+02:00)
{"task": "macro", "ts": "2025-09-18T00:20:26.071305Z", "event": "task_start", "timestamp": "2025-09-18T00:20:26.071305Z", "run_id": "RUN123", "level": "info"}
{"symbol": "bitcoin", "event": "macro_cache_hit", "timestamp": "2025-09-18T00:20:26.072305Z", "run_id": "RUN123", "level": "info"}
{"task": "macro", "event": "task_ok", "timestamp": "2025-09-18T00:20:26.073310Z", "run_id": "RUN123", "level": "info"}
{"task": "macro", "duration": 0.003019, "event": "task_end", "timestamp": "2025-09-18T00:20:26.074324Z", "run_id": "RUN123", "level": "info"}
Job "task_wrapper (trigger: interval[0:05:03.685195], next run at: 2025-09-18 02:25:29 CEST)" executed successfully
{"alive": true, "rss_mb": 53.6, "cpu_percent": 0.0, "event": "heartbeat", "timestamp": "2025-09-18T00:21:22.946450Z", "run_id": "RUN123", "level": "info"}
{"alive": true, "rss_mb": 53.6, "cpu_percent": 0.0, "event": "heartbeat", "timestamp": "2025-09-18T00:22:22.955137Z", "run_id": "RUN123", "level": "info"}
Running job "task_wrapper (trigger: interval[0:31:01.155603], next run at: 2025-09-18 02:53:24 CEST)" (scheduled at 2025-09-18 02:22:23.199487+02:00)
{"task": "onchain_hashrate", "ts": "2025-09-18T00:22:23.221807Z", "event": "task_start", "timestamp": "2025-09-18T00:22:23.221807Z", "run_id": "RUN123", "level": "info"}
HTTP Request: GET https://api.blockchain.info/q/hashrate "HTTP/1.1 200 OK"
{"symbol": "BTC", "source": "blockchain.info", "event": "onchain_success", "timestamp": "2025-09-18T00:22:23.762138Z", "run_id": "RUN123", "level": "info"}
{"task": "onchain_hashrate", "event": "task_ok", "timestamp": "2025-09-18T00:22:23.763136Z", "run_id": "RUN123", "level": "info"}
{"task": "onchain_hashrate", "duration": 0.541329, "event": "task_end", "timestamp": "2025-09-18T00:22:23.763136Z", "run_id": "RUN123", "level": "info"}
Job "task_wrapper (trigger: interval[0:31:01.155603], next run at: 2025-09-18 02:53:24 CEST)" executed successfully
Running job "task_wrapper (trigger: interval[0:31:05.669810], next run at: 2025-09-18 02:53:42 CEST)" (scheduled at 2025-09-18 02:22:36.743107+02:00)
{"task": "onchain_sopr", "ts": "2025-09-18T00:22:36.750733Z", "event": "task_start", "timestamp": "2025-09-18T00:22:36.750733Z", "run_id": "RUN123", "level": "info"}
{"symbol": "BTC", "event": "onchain_cache_hit", "timestamp": "2025-09-18T00:22:36.750733Z", "run_id": "RUN123", "level": "info"}
{"task": "onchain_sopr", "event": "task_ok", "timestamp": "2025-09-18T00:22:36.751731Z", "run_id": "RUN123", "level": "info"}
{"task": "onchain_sopr", "duration": 0.001997, "event": "task_end", "timestamp": "2025-09-18T00:22:36.752730Z", "run_id": "RUN123", "level": "info"}
Job "task_wrapper (trigger: interval[0:31:05.669810], next run at: 2025-09-18 02:53:42 CEST)" executed successfully
Running job "task_wrapper (trigger: interval[0:15:38.637530], next run at: 2025-09-18 02:38:50 CEST)" (scheduled at 2025-09-18 02:23:11.554853+02:00)
{"task": "defillama", "ts": "2025-09-18T00:23:11.578149Z", "event": "task_start", "timestamp": "2025-09-18T00:23:11.578149Z", "run_id": "RUN123", "level": "info"}
{"chain": "ethereum", "event": "defillama_cache_hit", "timestamp": "2025-09-18T00:23:11.579143Z", "run_id": "RUN123", "level": "info"}
{"task": "defillama", "event": "task_ok", "timestamp": "2025-09-18T00:23:11.579143Z", "run_id": "RUN123", "level": "info"}
{"task": "defillama", "duration": 0.001993, "event": "task_end", "timestamp": "2025-09-18T00:23:11.580142Z", "run_id": "RUN123", "level": "info"}
Job "task_wrapper (trigger: interval[0:15:38.637530], next run at: 2025-09-18 02:38:50 CEST)" executed successfully
{"alive": true, "rss_mb": 54.1, "cpu_percent": 0.0, "event": "heartbeat", "timestamp": "2025-09-18T00:23:22.972034Z", "run_id": "RUN123", "level": "info"}
{"alive": true, "rss_mb": 54.1, "cpu_percent": 0.0, "event": "heartbeat", "timestamp": "2025-09-18T00:24:22.975958Z", "run_id": "RUN123", "level": "info"}
Running job "task_wrapper (trigger: interval[0:05:00.485919], next run at: 2025-09-18 02:29:29 CEST)" (scheduled at 2025-09-18 02:24:28.968136+02:00)
{"task": "derivatives_oi", "ts": "2025-09-18T00:24:28.986753Z", "event": "task_start", "timestamp": "2025-09-18T00:24:28.986753Z", "run_id": "RUN123", "level": "info"}
{"symbol": "BTCUSDT", "event": "deriv_cache_hit", "timestamp": "2025-09-18T00:24:28.987747Z", "run_id": "RUN123", "level": "info"}
{"task": "derivatives_oi", "event": "task_ok", "timestamp": "2025-09-18T00:24:28.987747Z", "run_id": "RUN123", "level": "info"}
{"task": "derivatives_oi", "duration": 0.001993, "event": "task_end", "timestamp": "2025-09-18T00:24:28.988746Z", "run_id": "RUN123", "level": "info"}
Job "task_wrapper (trigger: interval[0:05:00.485919], next run at: 2025-09-18 02:29:29 CEST)" executed successfully
{"alive": true, "rss_mb": 54.1, "cpu_percent": 0.0, "event": "heartbeat", "timestamp": "2025-09-18T00:25:22.984945Z", "run_id": "RUN123", "level": "info"}
Running job "task_wrapper (trigger: interval[0:05:03.429341], next run at: 2025-09-18 02:30:28 CEST)" (scheduled at 2025-09-18 02:25:24.895153+02:00)
{"task": "derivatives_lsr", "ts": "2025-09-18T00:25:24.912212Z", "event": "task_start", "timestamp": "2025-09-18T00:25:24.912212Z", "run_id": "RUN123", "level": "info"}
{"symbol": "BTCUSDT", "metric": "long_short_ratio", "event": "deriv_cache_hit", "timestamp": "2025-09-18T00:25:24.912212Z", "run_id": "RUN123", "level": "info"}
{"task": "derivatives_lsr", "event": "task_ok", "timestamp": "2025-09-18T00:25:24.913209Z", "run_id": "RUN123", "level": "info"}
{"task": "derivatives_lsr", "duration": 0.000997, "event": "task_end", "timestamp": "2025-09-18T00:25:24.913209Z", "run_id": "RUN123", "level": "info"}
Job "task_wrapper (trigger: interval[0:05:03.429341], next run at: 2025-09-18 02:30:28 CEST)" executed successfully
Running job "task_wrapper (trigger: interval[0:05:03.685195], next run at: 2025-09-18 02:30:33 CEST)" (scheduled at 2025-09-18 02:25:29.746382+02:00)
{"task": "macro", "ts": "2025-09-18T00:25:29.763461Z", "event": "task_start", "timestamp": "2025-09-18T00:25:29.763461Z", "run_id": "RUN123", "level": "info"}
{"symbol": "bitcoin", "event": "macro_cache_hit", "timestamp": "2025-09-18T00:25:29.763461Z", "run_id": "RUN123", "level": "info"}
{"task": "macro", "event": "task_ok", "timestamp": "2025-09-18T00:25:29.764460Z", "run_id": "RUN123", "level": "info"}
{"task": "macro", "duration": 0.000999, "event": "task_end", "timestamp": "2025-09-18T00:25:29.764460Z", "run_id": "RUN123", "level": "info"}
Job "task_wrapper (trigger: interval[0:05:03.685195], next run at: 2025-09-18 02:30:33 CEST)" executed successfully
{"alive": true, "rss_mb": 54.1, "cpu_percent": 0.0, "event": "heartbeat", "timestamp": "2025-09-18T00:26:22.994504Z", "run_id": "RUN123", "level": "info"}
{"alive": true, "rss_mb": 54.1, "cpu_percent": 0.0, "event": "heartbeat", "timestamp": "2025-09-18T00:27:23.002188Z", "run_id": "RUN123", "level": "info"}
{"alive": true, "rss_mb": 54.1, "cpu_percent": 0.0, "event": "heartbeat", "timestamp": "2025-09-18T00:28:23.017965Z", "run_id": "RUN123", "level": "info"}
{"alive": true, "rss_mb": 54.1, "cpu_percent": 0.0, "event": "heartbeat", "timestamp": "2025-09-18T00:29:23.025006Z", "run_id": "RUN123", "level": "info"}
Running job "task_wrapper (trigger: interval[0:05:00.485919], next run at: 2025-09-18 02:34:29 CEST)" (scheduled at 2025-09-18 02:29:29.454055+02:00)
{"task": "derivatives_oi", "ts": "2025-09-18T00:29:29.483874Z", "event": "task_start", "timestamp": "2025-09-18T00:29:29.483874Z", "run_id": "RUN123", "level": "info"}
{"symbol": "BTCUSDT", "event": "deriv_cache_hit", "timestamp": "2025-09-18T00:29:29.484879Z", "run_id": "RUN123", "level": "info"}
{"task": "derivatives_oi", "event": "task_ok", "timestamp": "2025-09-18T00:29:29.484879Z", "run_id": "RUN123", "level": "info"}
{"task": "derivatives_oi", "duration": 0.002005, "event": "task_end", "timestamp": "2025-09-18T00:29:29.485879Z", "run_id": "RUN123", "level": "info"}
Job "task_wrapper (trigger: interval[0:05:00.485919], next run at: 2025-09-18 02:34:29 CEST)" executed successfully
{"alive": true, "rss_mb": 54.1, "cpu_percent": 0.0, "event": "heartbeat", "timestamp": "2025-09-18T00:30:23.029033Z", "run_id": "RUN123", "level": "info"}
Running job "task_wrapper (trigger: interval[0:05:03.429341], next run at: 2025-09-18 02:35:31 CEST)" (scheduled at 2025-09-18 02:30:28.324494+02:00)
{"task": "derivatives_lsr", "ts": "2025-09-18T00:30:28.330828Z", "event": "task_start", "timestamp": "2025-09-18T00:30:28.330828Z", "run_id": "RUN123", "level": "info"}
{"symbol": "BTCUSDT", "metric": "long_short_ratio", "event": "deriv_cache_hit", "timestamp": "2025-09-18T00:30:28.331812Z", "run_id": "RUN123", "level": "info"}
{"task": "derivatives_lsr", "event": "task_ok", "timestamp": "2025-09-18T00:30:28.331812Z", "run_id": "RUN123", "level": "info"}
{"task": "derivatives_lsr", "duration": 0.000984, "event": "task_end", "timestamp": "2025-09-18T00:30:28.331812Z", "run_id": "RUN123", "level": "info"}
Job "task_wrapper (trigger: interval[0:05:03.429341], next run at: 2025-09-18 02:35:31 CEST)" executed successfully
Running job "task_wrapper (trigger: interval[0:05:03.685195], next run at: 2025-09-18 02:35:37 CEST)" (scheduled at 2025-09-18 02:30:33.431577+02:00)
{"task": "macro", "ts": "2025-09-18T00:30:33.448101Z", "event": "task_start", "timestamp": "2025-09-18T00:30:33.448101Z", "run_id": "RUN123", "level": "info"}
{"symbol": "bitcoin", "event": "macro_cache_hit", "timestamp": "2025-09-18T00:30:33.448101Z", "run_id": "RUN123", "level": "info"}
{"task": "macro", "event": "task_ok", "timestamp": "2025-09-18T00:30:33.449101Z", "run_id": "RUN123", "level": "info"}
{"task": "macro", "duration": 0.001, "event": "task_end", "timestamp": "2025-09-18T00:30:33.449101Z", "run_id": "RUN123", "level": "info"}
Job "task_wrapper (trigger: interval[0:05:03.685195], next run at: 2025-09-18 02:35:37 CEST)" executed successfully
{"alive": true, "rss_mb": 54.1, "cpu_percent": 0.0, "event": "heartbeat", "timestamp": "2025-09-18T00:31:23.041314Z", "run_id": "RUN123", "level": "info"}
{"alive": true, "rss_mb": 54.1, "cpu_percent": 0.0, "event": "heartbeat", "timestamp": "2025-09-18T00:32:23.044817Z", "run_id": "RUN123", "level": "info"}
{"alive": true, "rss_mb": 54.1, "cpu_percent": 0.0, "event": "heartbeat", "timestamp": "2025-09-18T00:33:23.054285Z", "run_id": "RUN123", "level": "info"}
{"alive": true, "rss_mb": 54.1, "cpu_percent": 0.0, "event": "heartbeat", "timestamp": "2025-09-18T00:34:23.068427Z", "run_id": "RUN123", "level": "info"}
Running job "task_wrapper (trigger: interval[0:05:00.485919], next run at: 2025-09-18 02:39:30 CEST)" (scheduled at 2025-09-18 02:34:29.939974+02:00)
{"task": "derivatives_oi", "ts": "2025-09-18T00:34:29.956045Z", "event": "task_start", "timestamp": "2025-09-18T00:34:29.956045Z", "run_id": "RUN123", "level": "info"}
{"symbol": "BTCUSDT", "event": "deriv_cache_hit", "timestamp": "2025-09-18T00:34:29.957041Z", "run_id": "RUN123", "level": "info"}
{"task": "derivatives_oi", "event": "task_ok", "timestamp": "2025-09-18T00:34:29.958050Z", "run_id": "RUN123", "level": "info"}
{"task": "derivatives_oi", "duration": 0.002005, "event": "task_end", "timestamp": "2025-09-18T00:34:29.958050Z", "run_id": "RUN123", "level": "info"}
Job "task_wrapper (trigger: interval[0:05:00.485919], next run at: 2025-09-18 02:39:30 CEST)" executed successfully
{"alive": true, "rss_mb": 54.1, "cpu_percent": 0.0, "event": "heartbeat", "timestamp": "2025-09-18T00:35:23.085983Z", "run_id": "RUN123", "level": "info"}
Running job "task_wrapper (trigger: interval[0:05:03.429341], next run at: 2025-09-18 02:40:35 CEST)" (scheduled at 2025-09-18 02:35:31.753835+02:00)
{"task": "derivatives_lsr", "ts": "2025-09-18T00:35:31.763700Z", "event": "task_start", "timestamp": "2025-09-18T00:35:31.763700Z", "run_id": "RUN123", "level": "info"}
{"symbol": "BTCUSDT", "metric": "long_short_ratio", "event": "deriv_cache_hit", "timestamp": "2025-09-18T00:35:31.764720Z", "run_id": "RUN123", "level": "info"}
{"task": "derivatives_lsr", "event": "task_ok", "timestamp": "2025-09-18T00:35:31.764720Z", "run_id": "RUN123", "level": "info"}
{"task": "derivatives_lsr", "duration": 0.00102, "event": "task_end", "timestamp": "2025-09-18T00:35:31.764720Z", "run_id": "RUN123", "level": "info"}
Job "task_wrapper (trigger: interval[0:05:03.429341], next run at: 2025-09-18 02:40:35 CEST)" executed successfully
Running job "task_wrapper (trigger: interval[0:05:03.685195], next run at: 2025-09-18 02:40:40 CEST)" (scheduled at 2025-09-18 02:35:37.116772+02:00)
{"task": "macro", "ts": "2025-09-18T00:35:37.136747Z", "event": "task_start", "timestamp": "2025-09-18T00:35:37.136747Z", "run_id": "RUN123", "level": "info"}
{"symbol": "bitcoin", "event": "macro_cache_hit", "timestamp": "2025-09-18T00:35:37.137736Z", "run_id": "RUN123", "level": "info"}
{"task": "macro", "event": "task_ok", "timestamp": "2025-09-18T00:35:37.137736Z", "run_id": "RUN123", "level": "info"}
{"task": "macro", "duration": 0.000989, "event": "task_end", "timestamp": "2025-09-18T00:35:37.137736Z", "run_id": "RUN123", "level": "info"}
Job "task_wrapper (trigger: interval[0:05:03.685195], next run at: 2025-09-18 02:40:40 CEST)" executed successfully
{"alive": true, "rss_mb": 54.0, "cpu_percent": 0.0, "event": "heartbeat", "timestamp": "2025-09-18T00:36:23.105672Z", "run_id": "RUN123", "level": "info"}
{"alive": true, "rss_mb": 54.0, "cpu_percent": 0.0, "event": "heartbeat", "timestamp": "2025-09-18T00:37:23.113037Z", "run_id": "RUN123", "level": "info"}
{"alive": true, "rss_mb": 54.0, "cpu_percent": 0.0, "event": "heartbeat", "timestamp": "2025-09-18T00:38:23.126571Z", "run_id": "RUN123", "level": "info"}
Running job "task_wrapper (trigger: interval[0:15:38.637530], next run at: 2025-09-18 02:54:28 CEST)" (scheduled at 2025-09-18 02:38:50.192383+02:00)
{"task": "defillama", "ts": "2025-09-18T00:38:50.210224Z", "event": "task_start", "timestamp": "2025-09-18T00:38:50.210224Z", "run_id": "RUN123", "level": "info"}
{"chain": "ethereum", "event": "defillama_cache_hit", "timestamp": "2025-09-18T00:38:50.210224Z", "run_id": "RUN123", "level": "info"}
{"task": "defillama", "event": "task_ok", "timestamp": "2025-09-18T00:38:50.211238Z", "run_id": "RUN123", "level": "info"}
{"task": "defillama", "duration": 0.001014, "event": "task_end", "timestamp": "2025-09-18T00:38:50.211238Z", "run_id": "RUN123", "level": "info"}
Job "task_wrapper (trigger: interval[0:15:38.637530], next run at: 2025-09-18 02:54:28 CEST)" executed successfully
{"alive": true, "rss_mb": 54.0, "cpu_percent": 0.0, "event": "heartbeat", "timestamp": "2025-09-18T00:39:23.132627Z", "run_id": "RUN123", "level": "info"}
Running job "task_wrapper (trigger: interval[0:05:00.485919], next run at: 2025-09-18 02:44:30 CEST)" (scheduled at 2025-09-18 02:39:30.425893+02:00)
{"task": "derivatives_oi", "ts": "2025-09-18T00:39:30.432987Z", "event": "task_start", "timestamp": "2025-09-18T00:39:30.432987Z", "run_id": "RUN123", "level": "info"}
{"symbol": "BTCUSDT", "event": "deriv_cache_hit", "timestamp": "2025-09-18T00:39:30.433984Z", "run_id": "RUN123", "level": "info"}
{"task": "derivatives_oi", "event": "task_ok", "timestamp": "2025-09-18T00:39:30.433984Z", "run_id": "RUN123", "level": "info"}
{"task": "derivatives_oi", "duration": 0.001993, "event": "task_end", "timestamp": "2025-09-18T00:39:30.434980Z", "run_id": "RUN123", "level": "info"}
Job "task_wrapper (trigger: interval[0:05:00.485919], next run at: 2025-09-18 02:44:30 CEST)" executed successfully
{"alive": true, "rss_mb": 54.0, "cpu_percent": 0.0, "event": "heartbeat", "timestamp": "2025-09-18T00:40:23.137980Z", "run_id": "RUN123", "level": "info"}
Running job "task_wrapper (trigger: interval[0:05:03.429341], next run at: 2025-09-18 02:45:38 CEST)" (scheduled at 2025-09-18 02:40:35.183176+02:00)
{"task": "derivatives_lsr", "ts": "2025-09-18T00:40:35.199056Z", "event": "task_start", "timestamp": "2025-09-18T00:40:35.199056Z", "run_id": "RUN123", "level": "info"}
{"symbol": "BTCUSDT", "metric": "long_short_ratio", "event": "deriv_cache_hit", "timestamp": "2025-09-18T00:40:35.199056Z", "run_id": "RUN123", "level": "info"}
{"task": "derivatives_lsr", "event": "task_ok", "timestamp": "2025-09-18T00:40:35.200057Z", "run_id": "RUN123", "level": "info"}
{"task": "derivatives_lsr", "duration": 0.001999, "event": "task_end", "timestamp": "2025-09-18T00:40:35.201055Z", "run_id": "RUN123", "level": "info"}
Job "task_wrapper (trigger: interval[0:05:03.429341], next run at: 2025-09-18 02:45:38 CEST)" executed successfully
Running job "task_wrapper (trigger: interval[0:05:03.685195], next run at: 2025-09-18 02:45:44 CEST)" (scheduled at 2025-09-18 02:40:40.801967+02:00)
{"task": "macro", "ts": "2025-09-18T00:40:40.811673Z", "event": "task_start", "timestamp": "2025-09-18T00:40:40.811673Z", "run_id": "RUN123", "level": "info"}
{"symbol": "bitcoin", "event": "macro_cache_hit", "timestamp": "2025-09-18T00:40:40.811673Z", "run_id": "RUN123", "level": "info"}
{"task": "macro", "event": "task_ok", "timestamp": "2025-09-18T00:40:40.812676Z", "run_id": "RUN123", "level": "info"}
{"task": "macro", "duration": 0.001003, "event": "task_end", "timestamp": "2025-09-18T00:40:40.812676Z", "run_id": "RUN123", "level": "info"}
Job "task_wrapper (trigger: interval[0:05:03.685195], next run at: 2025-09-18 02:45:44 CEST)" executed successfully
{"alive": true, "rss_mb": 54.0, "cpu_percent": 0.0, "event": "heartbeat", "timestamp": "2025-09-18T00:41:23.155421Z", "run_id": "RUN123", "level": "info"}
{"alive": true, "rss_mb": 54.0, "cpu_percent": 0.0, "event": "heartbeat", "timestamp": "2025-09-18T00:42:23.166215Z", "run_id": "RUN123", "level": "info"}
{"alive": true, "rss_mb": 54.0, "cpu_percent": 0.0, "event": "heartbeat", "timestamp": "2025-09-18T00:43:23.154409Z", "run_id": "RUN123", "level": "info"}
{"alive": true, "rss_mb": 54.0, "cpu_percent": 0.0, "event": "heartbeat", "timestamp": "2025-09-18T00:44:23.171965Z", "run_id": "RUN123", "level": "info"}
Running job "task_wrapper (trigger: interval[0:05:00.485919], next run at: 2025-09-18 02:49:31 CEST)" (scheduled at 2025-09-18 02:44:30.911812+02:00)
{"task": "derivatives_oi", "ts": "2025-09-18T00:44:30.917081Z", "event": "task_start", "timestamp": "2025-09-18T00:44:30.917081Z", "run_id": "RUN123", "level": "info"}
{"symbol": "BTCUSDT", "event": "deriv_cache_hit", "timestamp": "2025-09-18T00:44:30.917081Z", "run_id": "RUN123", "level": "info"}
{"task": "derivatives_oi", "event": "task_ok", "timestamp": "2025-09-18T00:44:30.918081Z", "run_id": "RUN123", "level": "info"}
{"task": "derivatives_oi", "duration": 0.001, "event": "task_end", "timestamp": "2025-09-18T00:44:30.918081Z", "run_id": "RUN123", "level": "info"}
Job "task_wrapper (trigger: interval[0:05:00.485919], next run at: 2025-09-18 02:49:31 CEST)" executed successfully
{"alive": true, "rss_mb": 54.0, "cpu_percent": 0.0, "event": "heartbeat", "timestamp": "2025-09-18T00:45:23.175305Z", "run_id": "RUN123", "level": "info"}
Running job "task_wrapper (trigger: interval[0:05:03.429341], next run at: 2025-09-18 02:50:42 CEST)" (scheduled at 2025-09-18 02:45:38.612517+02:00)
{"task": "derivatives_lsr", "ts": "2025-09-18T00:45:38.620219Z", "event": "task_start", "timestamp": "2025-09-18T00:45:38.620219Z", "run_id": "RUN123", "level": "info"}
{"symbol": "BTCUSDT", "metric": "long_short_ratio", "event": "deriv_cache_hit", "timestamp": "2025-09-18T00:45:38.620219Z", "run_id": "RUN123", "level": "info"}
{"task": "derivatives_lsr", "event": "task_ok", "timestamp": "2025-09-18T00:45:38.621222Z", "run_id": "RUN123", "level": "info"}
{"task": "derivatives_lsr", "duration": 0.001003, "event": "task_end", "timestamp": "2025-09-18T00:45:38.621222Z", "run_id": "RUN123", "level": "info"}
Job "task_wrapper (trigger: interval[0:05:03.429341], next run at: 2025-09-18 02:50:42 CEST)" executed successfully
Running job "task_wrapper (trigger: interval[0:05:03.685195], next run at: 2025-09-18 02:50:48 CEST)" (scheduled at 2025-09-18 02:45:44.487162+02:00)
{"task": "macro", "ts": "2025-09-18T00:45:44.489926Z", "event": "task_start", "timestamp": "2025-09-18T00:45:44.489926Z", "run_id": "RUN123", "level": "info"}
{"symbol": "bitcoin", "event": "macro_cache_hit", "timestamp": "2025-09-18T00:45:44.490924Z", "run_id": "RUN123", "level": "info"}
{"task": "macro", "event": "task_ok", "timestamp": "2025-09-18T00:45:44.491932Z", "run_id": "RUN123", "level": "info"}
{"task": "macro", "duration": 0.002006, "event": "task_end", "timestamp": "2025-09-18T00:45:44.491932Z", "run_id": "RUN123", "level": "info"}
Job "task_wrapper (trigger: interval[0:05:03.685195], next run at: 2025-09-18 02:50:48 CEST)" executed successfully
{"alive": true, "rss_mb": 54.0, "cpu_percent": 0.0, "event": "heartbeat", "timestamp": "2025-09-18T00:46:23.192075Z", "run_id": "RUN123", "level": "info"}
{"alive": true, "rss_mb": 54.0, "cpu_percent": 0.0, "event": "heartbeat", "timestamp": "2025-09-18T00:47:23.207284Z", "run_id": "RUN123", "level": "info"}
{"alive": true, "rss_mb": 54.0, "cpu_percent": 0.0, "event": "heartbeat", "timestamp": "2025-09-18T00:48:23.209097Z", "run_id": "RUN123", "level": "info"}
{"alive": true, "rss_mb": 54.0, "cpu_percent": 0.0, "event": "heartbeat", "timestamp": "2025-09-18T00:49:23.216455Z", "run_id": "RUN123", "level": "info"}
Running job "task_wrapper (trigger: interval[0:05:00.485919], next run at: 2025-09-18 02:54:31 CEST)" (scheduled at 2025-09-18 02:49:31.397731+02:00)
{"task": "derivatives_oi", "ts": "2025-09-18T00:49:31.414210Z", "event": "task_start", "timestamp": "2025-09-18T00:49:31.414210Z", "run_id": "RUN123", "level": "info"}
{"symbol": "BTCUSDT", "event": "deriv_cache_hit", "timestamp": "2025-09-18T00:49:31.415207Z", "run_id": "RUN123", "level": "info"}
{"task": "derivatives_oi", "event": "task_ok", "timestamp": "2025-09-18T00:49:31.416212Z", "run_id": "RUN123", "level": "info"}
{"task": "derivatives_oi", "duration": 0.002991, "event": "task_end", "timestamp": "2025-09-18T00:49:31.417201Z", "run_id": "RUN123", "level": "info"}
Job "task_wrapper (trigger: interval[0:05:00.485919], next run at: 2025-09-18 02:54:31 CEST)" executed successfully
Running job "task_wrapper (trigger: interval[1:00:12.398608], next run at: 2025-09-18 03:49:56 CEST)" (scheduled at 2025-09-18 02:49:44.535893+02:00)
{"task": "sentiment_fg", "ts": "2025-09-18T00:49:44.552005Z", "event": "task_start", "timestamp": "2025-09-18T00:49:44.552005Z", "run_id": "RUN123", "level": "info"}
HTTP Request: GET https://api.alternative.me/fng/ "HTTP/1.1 200 OK"
{"metric": "fear_greed", "source": "alternative.me", "event": "sentiment_success", "timestamp": "2025-09-18T00:49:45.345790Z", "run_id": "RUN123", "level": "info"}
{"task": "sentiment_fg", "event": "task_ok", "timestamp": "2025-09-18T00:49:45.346773Z", "run_id": "RUN123", "level": "info"}
{"task": "sentiment_fg", "duration": 0.795769, "event": "task_end", "timestamp": "2025-09-18T00:49:45.347774Z", "run_id": "RUN123", "level": "info"}
Job "task_wrapper (trigger: interval[1:00:12.398608], next run at: 2025-09-18 03:49:56 CEST)" executed successfully
{"alive": true, "rss_mb": 54.2, "cpu_percent": 0.0, "event": "heartbeat", "timestamp": "2025-09-18T00:50:23.213368Z", "run_id": "RUN123", "level": "info"}
Running job "task_wrapper (trigger: interval[0:30:20.099607], next run at: 2025-09-18 03:21:00 CEST)" (scheduled at 2025-09-18 02:50:40.129102+02:00)
{"task": "onchain_tx", "ts": "2025-09-18T00:50:40.152425Z", "event": "task_start", "timestamp": "2025-09-18T00:50:40.152425Z", "run_id": "RUN123", "level": "info"}
HTTP Request: GET https://api.blockchain.info/q/getblockcount "HTTP/1.1 200 OK"
{"symbol": "BTC", "source": "blockchain.info", "event": "onchain_success", "timestamp": "2025-09-18T00:50:40.741887Z", "run_id": "RUN123", "level": "info"}
{"task": "onchain_tx", "event": "task_ok", "timestamp": "2025-09-18T00:50:40.742875Z", "run_id": "RUN123", "level": "info"}
{"task": "onchain_tx", "duration": 0.59045, "event": "task_end", "timestamp": "2025-09-18T00:50:40.742875Z", "run_id": "RUN123", "level": "info"}
Job "task_wrapper (trigger: interval[0:30:20.099607], next run at: 2025-09-18 03:21:00 CEST)" executed successfully
Running job "task_wrapper (trigger: interval[0:05:03.429341], next run at: 2025-09-18 02:55:45 CEST)" (scheduled at 2025-09-18 02:50:42.041858+02:00)
{"task": "derivatives_lsr", "ts": "2025-09-18T00:50:42.059850Z", "event": "task_start", "timestamp": "2025-09-18T00:50:42.059850Z", "run_id": "RUN123", "level": "info"}
{"symbol": "BTCUSDT", "metric": "long_short_ratio", "event": "deriv_cache_hit", "timestamp": "2025-09-18T00:50:42.060838Z", "run_id": "RUN123", "level": "info"}
{"task": "derivatives_lsr", "event": "task_ok", "timestamp": "2025-09-18T00:50:42.061841Z", "run_id": "RUN123", "level": "info"}
{"task": "derivatives_lsr", "duration": 0.00299, "event": "task_end", "timestamp": "2025-09-18T00:50:42.062840Z", "run_id": "RUN123", "level": "info"}
Job "task_wrapper (trigger: interval[0:05:03.429341], next run at: 2025-09-18 02:55:45 CEST)" executed successfully
Running job "task_wrapper (trigger: interval[0:05:03.685195], next run at: 2025-09-18 02:55:51 CEST)" (scheduled at 2025-09-18 02:50:48.172357+02:00)
{"task": "macro", "ts": "2025-09-18T00:50:48.188689Z", "event": "task_start", "timestamp": "2025-09-18T00:50:48.188689Z", "run_id": "RUN123", "level": "info"}
{"symbol": "bitcoin", "event": "macro_cache_hit", "timestamp": "2025-09-18T00:50:48.189677Z", "run_id": "RUN123", "level": "info"}
{"task": "macro", "event": "task_ok", "timestamp": "2025-09-18T00:50:48.189677Z", "run_id": "RUN123", "level": "info"}
{"task": "macro", "duration": 0.001989, "event": "task_end", "timestamp": "2025-09-18T00:50:48.190678Z", "run_id": "RUN123", "level": "info"}
Job "task_wrapper (trigger: interval[0:05:03.685195], next run at: 2025-09-18 02:55:51 CEST)" executed successfully
{"alive": true, "rss_mb": 55.0, "cpu_percent": 0.0, "event": "heartbeat", "timestamp": "2025-09-18T00:51:23.224000Z", "run_id": "RUN123", "level": "info"}
{"alive": true, "rss_mb": 55.0, "cpu_percent": 0.0, "event": "heartbeat", "timestamp": "2025-09-18T00:52:23.230856Z", "run_id": "RUN123", "level": "info"}
{"alive": true, "rss_mb": 55.0, "cpu_percent": 0.0, "event": "heartbeat", "timestamp": "2025-09-18T00:53:23.241661Z", "run_id": "RUN123", "level": "info"}
Running job "task_wrapper (trigger: interval[0:31:01.155603], next run at: 2025-09-18 03:24:25 CEST)" (scheduled at 2025-09-18 02:53:24.355090+02:00)
{"task": "onchain_hashrate", "ts": "2025-09-18T00:53:24.368902Z", "event": "task_start", "timestamp": "2025-09-18T00:53:24.368902Z", "run_id": "RUN123", "level": "info"}
HTTP Request: GET https://api.blockchain.info/q/hashrate "HTTP/1.1 200 OK"
{"symbol": "BTC", "source": "blockchain.info", "event": "onchain_success", "timestamp": "2025-09-18T00:53:24.915633Z", "run_id": "RUN123", "level": "info"}
{"task": "onchain_hashrate", "event": "task_ok", "timestamp": "2025-09-18T00:53:24.916620Z", "run_id": "RUN123", "level": "info"}
{"task": "onchain_hashrate", "duration": 0.548724, "event": "task_end", "timestamp": "2025-09-18T00:53:24.917626Z", "run_id": "RUN123", "level": "info"}
Job "task_wrapper (trigger: interval[0:31:01.155603], next run at: 2025-09-18 03:24:25 CEST)" executed successfully
Running job "task_wrapper (trigger: interval[0:31:05.669810], next run at: 2025-09-18 03:24:48 CEST)" (scheduled at 2025-09-18 02:53:42.412917+02:00)
{"task": "onchain_sopr", "ts": "2025-09-18T00:53:42.421645Z", "event": "task_start", "timestamp": "2025-09-18T00:53:42.421645Z", "run_id": "RUN123", "level": "info"}
{"symbol": "BTC", "event": "onchain_cache_hit", "timestamp": "2025-09-18T00:53:42.422646Z", "run_id": "RUN123", "level": "info"}
{"task": "onchain_sopr", "event": "task_ok", "timestamp": "2025-09-18T00:53:42.422646Z", "run_id": "RUN123", "level": "info"}
{"task": "onchain_sopr", "duration": 0.002, "event": "task_end", "timestamp": "2025-09-18T00:53:42.423645Z", "run_id": "RUN123", "level": "info"}
Job "task_wrapper (trigger: interval[0:31:05.669810], next run at: 2025-09-18 03:24:48 CEST)" executed successfully
{"alive": true, "rss_mb": 55.9, "cpu_percent": 0.0, "event": "heartbeat", "timestamp": "2025-09-18T00:54:23.245607Z", "run_id": "RUN123", "level": "info"}
Running job "task_wrapper (trigger: interval[0:15:38.637530], next run at: 2025-09-18 03:10:07 CEST)" (scheduled at 2025-09-18 02:54:28.829913+02:00)
{"task": "defillama", "ts": "2025-09-18T00:54:28.839174Z", "event": "task_start", "timestamp": "2025-09-18T00:54:28.839174Z", "run_id": "RUN123", "level": "info"}
{"chain": "ethereum", "event": "defillama_cache_hit", "timestamp": "2025-09-18T00:54:28.839174Z", "run_id": "RUN123", "level": "info"}
{"task": "defillama", "event": "task_ok", "timestamp": "2025-09-18T00:54:28.840174Z", "run_id": "RUN123", "level": "info"}
{"task": "defillama", "duration": 0.002005, "event": "task_end", "timestamp": "2025-09-18T00:54:28.841179Z", "run_id": "RUN123", "level": "info"}
Job "task_wrapper (trigger: interval[0:15:38.637530], next run at: 2025-09-18 03:10:07 CEST)" executed successfully
Running job "task_wrapper (trigger: interval[0:05:00.485919], next run at: 2025-09-18 02:59:32 CEST)" (scheduled at 2025-09-18 02:54:31.883650+02:00)
{"task": "derivatives_oi", "ts": "2025-09-18T00:54:31.905698Z", "event": "task_start", "timestamp": "2025-09-18T00:54:31.905698Z", "run_id": "RUN123", "level": "info"}
{"symbol": "BTCUSDT", "event": "deriv_cache_hit", "timestamp": "2025-09-18T00:54:31.906694Z", "run_id": "RUN123", "level": "info"}
{"task": "derivatives_oi", "event": "task_ok", "timestamp": "2025-09-18T00:54:31.907691Z", "run_id": "RUN123", "level": "info"}
{"task": "derivatives_oi", "duration": 0.001993, "event": "task_end", "timestamp": "2025-09-18T00:54:31.907691Z", "run_id": "RUN123", "level": "info"}
Job "task_wrapper (trigger: interval[0:05:00.485919], next run at: 2025-09-18 02:59:32 CEST)" executed successfully
{"alive": true, "rss_mb": 55.9, "cpu_percent": 0.0, "event": "heartbeat", "timestamp": "2025-09-18T00:55:23.260326Z", "run_id": "RUN123", "level": "info"}
Running job "task_wrapper (trigger: interval[0:05:03.429341], next run at: 2025-09-18 03:00:48 CEST)" (scheduled at 2025-09-18 02:55:45.471199+02:00)
{"task": "derivatives_lsr", "ts": "2025-09-18T00:55:45.479078Z", "event": "task_start", "timestamp": "2025-09-18T00:55:45.479078Z", "run_id": "RUN123", "level": "info"}
{"symbol": "BTCUSDT", "metric": "long_short_ratio", "event": "deriv_cache_hit", "timestamp": "2025-09-18T00:55:45.479078Z", "run_id": "RUN123", "level": "info"}
{"task": "derivatives_lsr", "event": "task_ok", "timestamp": "2025-09-18T00:55:45.480110Z", "run_id": "RUN123", "level": "info"}
{"task": "derivatives_lsr", "duration": 0.001032, "event": "task_end", "timestamp": "2025-09-18T00:55:45.480110Z", "run_id": "RUN123", "level": "info"}
Job "task_wrapper (trigger: interval[0:05:03.429341], next run at: 2025-09-18 03:00:48 CEST)" executed successfully
Running job "task_wrapper (trigger: interval[0:05:03.685195], next run at: 2025-09-18 03:00:55 CEST)" (scheduled at 2025-09-18 02:55:51.857552+02:00)
{"task": "macro", "ts": "2025-09-18T00:55:51.865253Z", "event": "task_start", "timestamp": "2025-09-18T00:55:51.865253Z", "run_id": "RUN123", "level": "info"}
{"symbol": "bitcoin", "event": "macro_cache_hit", "timestamp": "2025-09-18T00:55:51.866277Z", "run_id": "RUN123", "level": "info"}
{"task": "macro", "event": "task_ok", "timestamp": "2025-09-18T00:55:51.866277Z", "run_id": "RUN123", "level": "info"}
{"task": "macro", "duration": 0.002024, "event": "task_end", "timestamp": "2025-09-18T00:55:51.867277Z", "run_id": "RUN123", "level": "info"}
Job "task_wrapper (trigger: interval[0:05:03.685195], next run at: 2025-09-18 03:00:55 CEST)" executed successfully
{"alive": true, "rss_mb": 55.9, "cpu_percent": 0.0, "event": "heartbeat", "timestamp": "2025-09-18T00:56:23.262309Z", "run_id": "RUN123", "level": "info"}
{"alive": true, "rss_mb": 55.9, "cpu_percent": 0.0, "event": "heartbeat", "timestamp": "2025-09-18T00:57:23.268825Z", "run_id": "RUN123", "level": "info"}
{"alive": true, "rss_mb": 55.9, "cpu_percent": 0.0, "event": "heartbeat", "timestamp": "2025-09-18T00:58:23.280195Z", "run_id": "RUN123", "level": "info"}
{"alive": true, "rss_mb": 55.9, "cpu_percent": 0.0, "event": "heartbeat", "timestamp": "2025-09-18T00:59:23.285693Z", "run_id": "RUN123", "level": "info"}
Running job "task_wrapper (trigger: interval[0:05:00.485919], next run at: 2025-09-18 03:04:32 CEST)" (scheduled at 2025-09-18 02:59:32.369569+02:00)
{"task": "derivatives_oi", "ts": "2025-09-18T00:59:32.379665Z", "event": "task_start", "timestamp": "2025-09-18T00:59:32.379665Z", "run_id": "RUN123", "level": "info"}
{"symbol": "BTCUSDT", "event": "deriv_cache_hit", "timestamp": "2025-09-18T00:59:32.380665Z", "run_id": "RUN123", "level": "info"}
{"task": "derivatives_oi", "event": "task_ok", "timestamp": "2025-09-18T00:59:32.380665Z", "run_id": "RUN123", "level": "info"}
{"task": "derivatives_oi", "duration": 0.002003, "event": "task_end", "timestamp": "2025-09-18T00:59:32.381668Z", "run_id": "RUN123", "level": "info"}
Job "task_wrapper (trigger: interval[0:05:00.485919], next run at: 2025-09-18 03:04:32 CEST)" executed successfully
{"alive": true, "rss_mb": 55.9, "cpu_percent": 0.0, "event": "heartbeat", "timestamp": "2025-09-18T01:00:23.287573Z", "run_id": "RUN123", "level": "info"}
Running job "task_wrapper (trigger: interval[0:05:03.429341], next run at: 2025-09-18 03:05:52 CEST)" (scheduled at 2025-09-18 03:00:48.900540+02:00)
{"task": "derivatives_lsr", "ts": "2025-09-18T01:00:48.910410Z", "event": "task_start", "timestamp": "2025-09-18T01:00:48.910410Z", "run_id": "RUN123", "level": "info"}
{"symbol": "BTCUSDT", "metric": "long_short_ratio", "event": "deriv_cache_hit", "timestamp": "2025-09-18T01:00:48.911405Z", "run_id": "RUN123", "level": "info"}
{"task": "derivatives_lsr", "event": "task_ok", "timestamp": "2025-09-18T01:00:48.912401Z", "run_id": "RUN123", "level": "info"}
{"task": "derivatives_lsr", "duration": 0.001991, "event": "task_end", "timestamp": "2025-09-18T01:00:48.912401Z", "run_id": "RUN123", "level": "info"}
Job "task_wrapper (trigger: interval[0:05:03.429341], next run at: 2025-09-18 03:05:52 CEST)" executed successfully
Running job "task_wrapper (trigger: interval[0:05:03.685195], next run at: 2025-09-18 03:05:59 CEST)" (scheduled at 2025-09-18 03:00:55.542747+02:00)
{"task": "macro", "ts": "2025-09-18T01:00:55.551872Z", "event": "task_start", "timestamp": "2025-09-18T01:00:55.551872Z", "run_id": "RUN123", "level": "info"}
{"symbol": "bitcoin", "event": "macro_cache_hit", "timestamp": "2025-09-18T01:00:55.552880Z", "run_id": "RUN123", "level": "info"}
{"task": "macro", "event": "task_ok", "timestamp": "2025-09-18T01:00:55.553906Z", "run_id": "RUN123", "level": "info"}
{"task": "macro", "duration": 0.002997, "event": "task_end", "timestamp": "2025-09-18T01:00:55.554869Z", "run_id": "RUN123", "level": "info"}
Job "task_wrapper (trigger: interval[0:05:03.685195], next run at: 2025-09-18 03:05:59 CEST)" executed successfully
{"alive": true, "rss_mb": 55.9, "cpu_percent": 0.0, "event": "heartbeat", "timestamp": "2025-09-18T01:01:23.291218Z", "run_id": "RUN123", "level": "info"}
{"alive": true, "rss_mb": 55.9, "cpu_percent": 0.0, "event": "heartbeat", "timestamp": "2025-09-18T01:02:23.306190Z", "run_id": "RUN123", "level": "info"}
{"alive": true, "rss_mb": 55.9, "cpu_percent": 0.0, "event": "heartbeat", "timestamp": "2025-09-18T01:03:23.318132Z", "run_id": "RUN123", "level": "info"}
{"alive": true, "rss_mb": 55.9, "cpu_percent": 0.0, "event": "heartbeat", "timestamp": "2025-09-18T01:04:23.322306Z", "run_id": "RUN123", "level": "info"}
Running job "task_wrapper (trigger: interval[0:05:00.485919], next run at: 2025-09-18 03:09:33 CEST)" (scheduled at 2025-09-18 03:04:32.855488+02:00)
{"task": "derivatives_oi", "ts": "2025-09-18T01:04:32.869897Z", "event": "task_start", "timestamp": "2025-09-18T01:04:32.869897Z", "run_id": "RUN123", "level": "info"}
{"symbol": "BTCUSDT", "event": "deriv_cache_hit", "timestamp": "2025-09-18T01:04:32.870898Z", "run_id": "RUN123", "level": "info"}
{"task": "derivatives_oi", "event": "task_ok", "timestamp": "2025-09-18T01:04:32.871890Z", "run_id": "RUN123", "level": "info"}
{"task": "derivatives_oi", "duration": 0.001993, "event": "task_end", "timestamp": "2025-09-18T01:04:32.871890Z", "run_id": "RUN123", "level": "info"}
Job "task_wrapper (trigger: interval[0:05:00.485919], next run at: 2025-09-18 03:09:33 CEST)" executed successfully
{"alive": true, "rss_mb": 55.9, "cpu_percent": 0.0, "event": "heartbeat", "timestamp": "2025-09-18T01:05:23.315232Z", "run_id": "RUN123", "level": "info"}
Running job "task_wrapper (trigger: interval[0:05:03.429341], next run at: 2025-09-18 03:10:55 CEST)" (scheduled at 2025-09-18 03:05:52.329881+02:00)
{"task": "derivatives_lsr", "ts": "2025-09-18T01:05:52.332473Z", "event": "task_start", "timestamp": "2025-09-18T01:05:52.332473Z", "run_id": "RUN123", "level": "info"}
{"symbol": "BTCUSDT", "metric": "long_short_ratio", "event": "deriv_cache_hit", "timestamp": "2025-09-18T01:05:52.333478Z", "run_id": "RUN123", "level": "info"}
{"task": "derivatives_lsr", "event": "task_ok", "timestamp": "2025-09-18T01:05:52.334479Z", "run_id": "RUN123", "level": "info"}
{"task": "derivatives_lsr", "duration": 0.002006, "event": "task_end", "timestamp": "2025-09-18T01:05:52.334479Z", "run_id": "RUN123", "level": "info"}
Job "task_wrapper (trigger: interval[0:05:03.429341], next run at: 2025-09-18 03:10:55 CEST)" executed successfully
Running job "task_wrapper (trigger: interval[0:05:03.685195], next run at: 2025-09-18 03:11:02 CEST)" (scheduled at 2025-09-18 03:05:59.227942+02:00)
{"task": "macro", "ts": "2025-09-18T01:05:59.236885Z", "event": "task_start", "timestamp": "2025-09-18T01:05:59.236885Z", "run_id": "RUN123", "level": "info"}
HTTP Request: GET https://api.coingecko.com/api/v3/coins/bitcoin "HTTP/1.1 200 OK"
{"symbol": "bitcoin", "source": "coingecko", "event": "macro_success", "timestamp": "2025-09-18T01:06:00.008398Z", "run_id": "RUN123", "level": "info"}
{"task": "macro", "event": "task_ok", "timestamp": "2025-09-18T01:06:00.009400Z", "run_id": "RUN123", "level": "info"}
{"task": "macro", "duration": 0.773517, "event": "task_end", "timestamp": "2025-09-18T01:06:00.010402Z", "run_id": "RUN123", "level": "info"}
Job "task_wrapper (trigger: interval[0:05:03.685195], next run at: 2025-09-18 03:11:02 CEST)" executed successfully
{"alive": true, "rss_mb": 55.9, "cpu_percent": 0.0, "event": "heartbeat", "timestamp": "2025-09-18T01:06:23.314976Z", "run_id": "RUN123", "level": "info"}
{"alive": true, "rss_mb": 55.9, "cpu_percent": 0.0, "event": "heartbeat", "timestamp": "2025-09-18T01:07:23.323156Z", "run_id": "RUN123", "level": "info"}
{"alive": true, "rss_mb": 55.9, "cpu_percent": 0.0, "event": "heartbeat", "timestamp": "2025-09-18T01:08:23.325503Z", "run_id": "RUN123", "level": "info"}
{"alive": true, "rss_mb": 55.9, "cpu_percent": 0.0, "event": "heartbeat", "timestamp": "2025-09-18T01:09:23.335725Z", "run_id": "RUN123", "level": "info"}
Running job "task_wrapper (trigger: interval[0:05:00.485919], next run at: 2025-09-18 03:14:33 CEST)" (scheduled at 2025-09-18 03:09:33.341407+02:00)
{"task": "derivatives_oi", "ts": "2025-09-18T01:09:33.359546Z", "event": "task_start", "timestamp": "2025-09-18T01:09:33.359546Z", "run_id": "RUN123", "level": "info"}
{"symbol": "BTCUSDT", "event": "deriv_cache_hit", "timestamp": "2025-09-18T01:09:33.360562Z", "run_id": "RUN123", "level": "info"}
{"task": "derivatives_oi", "event": "task_ok", "timestamp": "2025-09-18T01:09:33.360562Z", "run_id": "RUN123", "level": "info"}
{"task": "derivatives_oi", "duration": 0.001016, "event": "task_end", "timestamp": "2025-09-18T01:09:33.360562Z", "run_id": "RUN123", "level": "info"}
Job "task_wrapper (trigger: interval[0:05:00.485919], next run at: 2025-09-18 03:14:33 CEST)" executed successfully
Running job "task_wrapper (trigger: interval[0:15:38.637530], next run at: 2025-09-18 03:25:46 CEST)" (scheduled at 2025-09-18 03:10:07.467443+02:00)
{"task": "defillama", "ts": "2025-09-18T01:10:07.476412Z", "event": "task_start", "timestamp": "2025-09-18T01:10:07.476412Z", "run_id": "RUN123", "level": "info"}
{"chain": "ethereum", "event": "defillama_cache_hit", "timestamp": "2025-09-18T01:10:07.477397Z", "run_id": "RUN123", "level": "info"}
{"task": "defillama", "event": "task_ok", "timestamp": "2025-09-18T01:10:07.478400Z", "run_id": "RUN123", "level": "info"}
{"task": "defillama", "duration": 0.001988, "event": "task_end", "timestamp": "2025-09-18T01:10:07.478400Z", "run_id": "RUN123", "level": "info"}
Job "task_wrapper (trigger: interval[0:15:38.637530], next run at: 2025-09-18 03:25:46 CEST)" executed successfully
{"alive": true, "rss_mb": 55.9, "cpu_percent": 0.0, "event": "heartbeat", "timestamp": "2025-09-18T01:10:23.354183Z", "run_id": "RUN123", "level": "info"}
Running job "task_wrapper (trigger: interval[0:05:03.429341], next run at: 2025-09-18 03:15:59 CEST)" (scheduled at 2025-09-18 03:10:55.759222+02:00)
{"task": "derivatives_lsr", "ts": "2025-09-18T01:10:55.776623Z", "event": "task_start", "timestamp": "2025-09-18T01:10:55.776623Z", "run_id": "RUN123", "level": "info"}
{"symbol": "BTCUSDT", "metric": "long_short_ratio", "event": "deriv_cache_hit", "timestamp": "2025-09-18T01:10:55.777623Z", "run_id": "RUN123", "level": "info"}
{"task": "derivatives_lsr", "event": "task_ok", "timestamp": "2025-09-18T01:10:55.777623Z", "run_id": "RUN123", "level": "info"}
{"task": "derivatives_lsr", "duration": 0.001998, "event": "task_end", "timestamp": "2025-09-18T01:10:55.778621Z", "run_id": "RUN123", "level": "info"}
Job "task_wrapper (trigger: interval[0:05:03.429341], next run at: 2025-09-18 03:15:59 CEST)" executed successfully
Running job "task_wrapper (trigger: interval[0:05:03.685195], next run at: 2025-09-18 03:16:06 CEST)" (scheduled at 2025-09-18 03:11:02.913137+02:00)
{"task": "macro", "ts": "2025-09-18T01:11:02.929123Z", "event": "task_start", "timestamp": "2025-09-18T01:11:02.929123Z", "run_id": "RUN123", "level": "info"}
HTTP Request: GET https://api.coingecko.com/api/v3/coins/bitcoin "HTTP/1.1 200 OK"
{"symbol": "bitcoin", "source": "coingecko", "event": "macro_success", "timestamp": "2025-09-18T01:11:03.640469Z", "run_id": "RUN123", "level": "info"}
{"task": "macro", "event": "task_ok", "timestamp": "2025-09-18T01:11:03.642473Z", "run_id": "RUN123", "level": "info"}
{"task": "macro", "duration": 0.71335, "event": "task_end", "timestamp": "2025-09-18T01:11:03.642473Z", "run_id": "RUN123", "level": "info"}
Job "task_wrapper (trigger: interval[0:05:03.685195], next run at: 2025-09-18 03:16:06 CEST)" executed successfully
{"alive": true, "rss_mb": 56.5, "cpu_percent": 0.0, "event": "heartbeat", "timestamp": "2025-09-18T01:11:23.358140Z", "run_id": "RUN123", "level": "info"}
{"alive": true, "rss_mb": 56.5, "cpu_percent": 0.0, "event": "heartbeat", "timestamp": "2025-09-18T01:12:23.368998Z", "run_id": "RUN123", "level": "info"}
{"alive": true, "rss_mb": 56.5, "cpu_percent": 0.0, "event": "heartbeat", "timestamp": "2025-09-18T01:13:23.384959Z", "run_id": "RUN123", "level": "info"}
{"alive": true, "rss_mb": 56.5, "cpu_percent": 0.0, "event": "heartbeat", "timestamp": "2025-09-18T01:14:23.395502Z", "run_id": "RUN123", "level": "info"}
Running job "task_wrapper (trigger: interval[0:05:00.485919], next run at: 2025-09-18 03:19:34 CEST)" (scheduled at 2025-09-18 03:14:33.827326+02:00)
{"task": "derivatives_oi", "ts": "2025-09-18T01:14:33.838547Z", "event": "task_start", "timestamp": "2025-09-18T01:14:33.838547Z", "run_id": "RUN123", "level": "info"}
{"symbol": "BTCUSDT", "event": "deriv_cache_hit", "timestamp": "2025-09-18T01:14:33.839534Z", "run_id": "RUN123", "level": "info"}
{"task": "derivatives_oi", "event": "task_ok", "timestamp": "2025-09-18T01:14:33.839534Z", "run_id": "RUN123", "level": "info"}
{"task": "derivatives_oi", "duration": 0.001986, "event": "task_end", "timestamp": "2025-09-18T01:14:33.840533Z", "run_id": "RUN123", "level": "info"}
Job "task_wrapper (trigger: interval[0:05:00.485919], next run at: 2025-09-18 03:19:34 CEST)" executed successfully
{"alive": true, "rss_mb": 56.5, "cpu_percent": 0.0, "event": "heartbeat", "timestamp": "2025-09-18T01:15:23.411003Z", "run_id": "RUN123", "level": "info"}
Running job "task_wrapper (trigger: interval[0:05:03.429341], next run at: 2025-09-18 03:21:02 CEST)" (scheduled at 2025-09-18 03:15:59.188563+02:00)
{"task": "derivatives_lsr", "ts": "2025-09-18T01:15:59.197893Z", "event": "task_start", "timestamp": "2025-09-18T01:15:59.197893Z", "run_id": "RUN123", "level": "info"}
{"symbol": "BTCUSDT", "metric": "long_short_ratio", "event": "deriv_cache_hit", "timestamp": "2025-09-18T01:15:59.198893Z", "run_id": "RUN123", "level": "info"}
{"task": "derivatives_lsr", "event": "task_ok", "timestamp": "2025-09-18T01:15:59.199894Z", "run_id": "RUN123", "level": "info"}
{"task": "derivatives_lsr", "duration": 0.002001, "event": "task_end", "timestamp": "2025-09-18T01:15:59.199894Z", "run_id": "RUN123", "level": "info"}
Job "task_wrapper (trigger: interval[0:05:03.429341], next run at: 2025-09-18 03:21:02 CEST)" executed successfully
Running job "task_wrapper (trigger: interval[0:05:03.685195], next run at: 2025-09-18 03:21:10 CEST)" (scheduled at 2025-09-18 03:16:06.598332+02:00)
{"task": "macro", "ts": "2025-09-18T01:16:06.615966Z", "event": "task_start", "timestamp": "2025-09-18T01:16:06.615966Z", "run_id": "RUN123", "level": "info"}
HTTP Request: GET https://api.coingecko.com/api/v3/coins/bitcoin "HTTP/1.1 200 OK"
{"symbol": "bitcoin", "source": "coingecko", "event": "macro_success", "timestamp": "2025-09-18T01:16:07.162315Z", "run_id": "RUN123", "level": "info"}
{"task": "macro", "event": "task_ok", "timestamp": "2025-09-18T01:16:07.163350Z", "run_id": "RUN123", "level": "info"}
{"task": "macro", "duration": 0.548373, "event": "task_end", "timestamp": "2025-09-18T01:16:07.164339Z", "run_id": "RUN123", "level": "info"}
Job "task_wrapper (trigger: interval[0:05:03.685195], next run at: 2025-09-18 03:21:10 CEST)" executed successfully
{"alive": true, "rss_mb": 57.3, "cpu_percent": 0.0, "event": "heartbeat", "timestamp": "2025-09-18T01:16:23.420743Z", "run_id": "RUN123", "level": "info"}
{"alive": true, "rss_mb": 57.3, "cpu_percent": 0.0, "event": "heartbeat", "timestamp": "2025-09-18T01:17:23.435535Z", "run_id": "RUN123", "level": "info"}
{"alive": true, "rss_mb": 57.3, "cpu_percent": 0.0, "event": "heartbeat", "timestamp": "2025-09-18T01:18:23.446440Z", "run_id": "RUN123", "level": "info"}
{"alive": true, "rss_mb": 57.3, "cpu_percent": 0.0, "event": "heartbeat", "timestamp": "2025-09-18T01:19:23.454975Z", "run_id": "RUN123", "level": "info"}
Running job "task_wrapper (trigger: interval[0:05:00.485919], next run at: 2025-09-18 03:24:34 CEST)" (scheduled at 2025-09-18 03:19:34.313245+02:00)
{"task": "derivatives_oi", "ts": "2025-09-18T01:19:34.342979Z", "event": "task_start", "timestamp": "2025-09-18T01:19:34.342979Z", "run_id": "RUN123", "level": "info"}
{"symbol": "BTCUSDT", "event": "deriv_cache_hit", "timestamp": "2025-09-18T01:19:34.343980Z", "run_id": "RUN123", "level": "info"}
{"task": "derivatives_oi", "event": "task_ok", "timestamp": "2025-09-18T01:19:34.344979Z", "run_id": "RUN123", "level": "info"}
{"task": "derivatives_oi", "duration": 0.002, "event": "task_end", "timestamp": "2025-09-18T01:19:34.344979Z", "run_id": "RUN123", "level": "info"}
Job "task_wrapper (trigger: interval[0:05:00.485919], next run at: 2025-09-18 03:24:34 CEST)" executed successfully
{"alive": true, "rss_mb": 57.3, "cpu_percent": 0.0, "event": "heartbeat", "timestamp": "2025-09-18T01:20:23.467899Z", "run_id": "RUN123", "level": "info"}
Running job "task_wrapper (trigger: interval[0:30:20.099607], next run at: 2025-09-18 03:51:20 CEST)" (scheduled at 2025-09-18 03:21:00.228709+02:00)
{"task": "onchain_tx", "ts": "2025-09-18T01:21:00.247087Z", "event": "task_start", "timestamp": "2025-09-18T01:21:00.247087Z", "run_id": "RUN123", "level": "info"}
HTTP Request: GET https://api.blockchain.info/q/getblockcount "HTTP/1.1 200 OK"
{"symbol": "BTC", "source": "blockchain.info", "event": "onchain_success", "timestamp": "2025-09-18T01:21:00.921983Z", "run_id": "RUN123", "level": "info"}
{"task": "onchain_tx", "event": "task_ok", "timestamp": "2025-09-18T01:21:00.924982Z", "run_id": "RUN123", "level": "info"}
{"task": "onchain_tx", "duration": 0.6789, "event": "task_end", "timestamp": "2025-09-18T01:21:00.925987Z", "run_id": "RUN123", "level": "info"}
Job "task_wrapper (trigger: interval[0:30:20.099607], next run at: 2025-09-18 03:51:20 CEST)" executed successfully
Running job "task_wrapper (trigger: interval[0:05:03.429341], next run at: 2025-09-18 03:26:06 CEST)" (scheduled at 2025-09-18 03:21:02.617904+02:00)
{"task": "derivatives_lsr", "ts": "2025-09-18T01:21:02.624407Z", "event": "task_start", "timestamp": "2025-09-18T01:21:02.624407Z", "run_id": "RUN123", "level": "info"}
{"symbol": "BTCUSDT", "metric": "long_short_ratio", "event": "deriv_cache_hit", "timestamp": "2025-09-18T01:21:02.625395Z", "run_id": "RUN123", "level": "info"}
{"task": "derivatives_lsr", "event": "task_ok", "timestamp": "2025-09-18T01:21:02.626395Z", "run_id": "RUN123", "level": "info"}
{"task": "derivatives_lsr", "duration": 0.001988, "event": "task_end", "timestamp": "2025-09-18T01:21:02.626395Z", "run_id": "RUN123", "level": "info"}
Job "task_wrapper (trigger: interval[0:05:03.429341], next run at: 2025-09-18 03:26:06 CEST)" executed successfully
Running job "task_wrapper (trigger: interval[0:05:03.685195], next run at: 2025-09-18 03:26:13 CEST)" (scheduled at 2025-09-18 03:21:10.283527+02:00)
{"task": "macro", "ts": "2025-09-18T01:21:10.302425Z", "event": "task_start", "timestamp": "2025-09-18T01:21:10.302425Z", "run_id": "RUN123", "level": "info"}
HTTP Request: GET https://api.coingecko.com/api/v3/coins/bitcoin "HTTP/1.1 200 OK"
{"symbol": "bitcoin", "source": "coingecko", "event": "macro_success", "timestamp": "2025-09-18T01:21:11.169010Z", "run_id": "RUN123", "level": "info"}
{"task": "macro", "event": "task_ok", "timestamp": "2025-09-18T01:21:11.171005Z", "run_id": "RUN123", "level": "info"}
{"task": "macro", "duration": 0.869585, "event": "task_end", "timestamp": "2025-09-18T01:21:11.172010Z", "run_id": "RUN123", "level": "info"}
Job "task_wrapper (trigger: interval[0:05:03.685195], next run at: 2025-09-18 03:26:13 CEST)" executed successfully
{"alive": true, "rss_mb": 58.8, "cpu_percent": 0.0, "event": "heartbeat", "timestamp": "2025-09-18T01:21:23.472234Z", "run_id": "RUN123", "level": "info"}
{"alive": true, "rss_mb": 58.8, "cpu_percent": 0.0, "event": "heartbeat", "timestamp": "2025-09-18T01:22:23.476144Z", "run_id": "RUN123", "level": "info"}
{"alive": true, "rss_mb": 58.8, "cpu_percent": 0.0, "event": "heartbeat", "timestamp": "2025-09-18T01:23:23.485502Z", "run_id": "RUN123", "level": "info"}
{"alive": true, "rss_mb": 58.8, "cpu_percent": 0.0, "event": "heartbeat", "timestamp": "2025-09-18T01:24:23.502149Z", "run_id": "RUN123", "level": "info"}
Running job "task_wrapper (trigger: interval[0:31:01.155603], next run at: 2025-09-18 03:55:26 CEST)" (scheduled at 2025-09-18 03:24:25.510693+02:00)
{"task": "onchain_hashrate", "ts": "2025-09-18T01:24:25.524431Z", "event": "task_start", "timestamp": "2025-09-18T01:24:25.524431Z", "run_id": "RUN123", "level": "info"}
HTTP Request: GET https://api.blockchain.info/q/hashrate "HTTP/1.1 200 OK"
{"symbol": "BTC", "source": "blockchain.info", "event": "onchain_success", "timestamp": "2025-09-18T01:24:26.105668Z", "run_id": "RUN123", "level": "info"}
{"task": "onchain_hashrate", "event": "task_ok", "timestamp": "2025-09-18T01:24:26.107668Z", "run_id": "RUN123", "level": "info"}
{"task": "onchain_hashrate", "duration": 0.583237, "event": "task_end", "timestamp": "2025-09-18T01:24:26.107668Z", "run_id": "RUN123", "level": "info"}
Job "task_wrapper (trigger: interval[0:31:01.155603], next run at: 2025-09-18 03:55:26 CEST)" executed successfully
Running job "task_wrapper (trigger: interval[0:05:00.485919], next run at: 2025-09-18 03:29:35 CEST)" (scheduled at 2025-09-18 03:24:34.799164+02:00)
{"task": "derivatives_oi", "ts": "2025-09-18T01:24:34.809090Z", "event": "task_start", "timestamp": "2025-09-18T01:24:34.809090Z", "run_id": "RUN123", "level": "info"}
{"symbol": "BTCUSDT", "event": "deriv_cache_hit", "timestamp": "2025-09-18T01:24:34.809090Z", "run_id": "RUN123", "level": "info"}
{"task": "derivatives_oi", "event": "task_ok", "timestamp": "2025-09-18T01:24:34.810090Z", "run_id": "RUN123", "level": "info"}
{"task": "derivatives_oi", "duration": 0.001, "event": "task_end", "timestamp": "2025-09-18T01:24:34.810090Z", "run_id": "RUN123", "level": "info"}
Job "task_wrapper (trigger: interval[0:05:00.485919], next run at: 2025-09-18 03:29:35 CEST)" executed successfully
Running job "task_wrapper (trigger: interval[0:31:05.669810], next run at: 2025-09-18 03:55:53 CEST)" (scheduled at 2025-09-18 03:24:48.082727+02:00)
{"task": "onchain_sopr", "ts": "2025-09-18T01:24:48.092660Z", "event": "task_start", "timestamp": "2025-09-18T01:24:48.092660Z", "run_id": "RUN123", "level": "info"}
{"symbol": "BTC", "event": "onchain_cache_hit", "timestamp": "2025-09-18T01:24:48.092660Z", "run_id": "RUN123", "level": "info"}
{"task": "onchain_sopr", "event": "task_ok", "timestamp": "2025-09-18T01:24:48.093665Z", "run_id": "RUN123", "level": "info"}
{"task": "onchain_sopr", "duration": 0.001005, "event": "task_end", "timestamp": "2025-09-18T01:24:48.093665Z", "run_id": "RUN123", "level": "info"}
Job "task_wrapper (trigger: interval[0:31:05.669810], next run at: 2025-09-18 03:55:53 CEST)" executed successfully
{"alive": true, "rss_mb": 58.8, "cpu_percent": 0.0, "event": "heartbeat", "timestamp": "2025-09-18T01:25:23.506190Z", "run_id": "RUN123", "level": "info"}
Running job "task_wrapper (trigger: interval[0:15:38.637530], next run at: 2025-09-18 03:41:24 CEST)" (scheduled at 2025-09-18 03:25:46.104973+02:00)
{"task": "defillama", "ts": "2025-09-18T01:25:46.119302Z", "event": "task_start", "timestamp": "2025-09-18T01:25:46.119302Z", "run_id": "RUN123", "level": "info"}
{"chain": "ethereum", "event": "defillama_cache_hit", "timestamp": "2025-09-18T01:25:46.120288Z", "run_id": "RUN123", "level": "info"}
{"task": "defillama", "event": "task_ok", "timestamp": "2025-09-18T01:25:46.120288Z", "run_id": "RUN123", "level": "info"}
{"task": "defillama", "duration": 0.001984, "event": "task_end", "timestamp": "2025-09-18T01:25:46.121286Z", "run_id": "RUN123", "level": "info"}
Job "task_wrapper (trigger: interval[0:15:38.637530], next run at: 2025-09-18 03:41:24 CEST)" executed successfully
Running job "task_wrapper (trigger: interval[0:05:03.429341], next run at: 2025-09-18 03:31:09 CEST)" (scheduled at 2025-09-18 03:26:06.047245+02:00)
{"task": "derivatives_lsr", "ts": "2025-09-18T01:26:06.050623Z", "event": "task_start", "timestamp": "2025-09-18T01:26:06.050623Z", "run_id": "RUN123", "level": "info"}
{"symbol": "BTCUSDT", "metric": "long_short_ratio", "event": "deriv_cache_hit", "timestamp": "2025-09-18T01:26:06.050623Z", "run_id": "RUN123", "level": "info"}
{"task": "derivatives_lsr", "event": "task_ok", "timestamp": "2025-09-18T01:26:06.051633Z", "run_id": "RUN123", "level": "info"}
{"task": "derivatives_lsr", "duration": 0.002008, "event": "task_end", "timestamp": "2025-09-18T01:26:06.052631Z", "run_id": "RUN123", "level": "info"}
Job "task_wrapper (trigger: interval[0:05:03.429341], next run at: 2025-09-18 03:31:09 CEST)" executed successfully
Running job "task_wrapper (trigger: interval[0:05:03.685195], next run at: 2025-09-18 03:31:17 CEST)" (scheduled at 2025-09-18 03:26:13.968722+02:00)
{"task": "macro", "ts": "2025-09-18T01:26:13.987380Z", "event": "task_start", "timestamp": "2025-09-18T01:26:13.987380Z", "run_id": "RUN123", "level": "info"}
HTTP Request: GET https://api.coingecko.com/api/v3/coins/bitcoin "HTTP/1.1 200 OK"
{"symbol": "bitcoin", "source": "coingecko", "event": "macro_success", "timestamp": "2025-09-18T01:26:14.610289Z", "run_id": "RUN123", "level": "info"}
{"task": "macro", "event": "task_ok", "timestamp": "2025-09-18T01:26:14.611280Z", "run_id": "RUN123", "level": "info"}
{"task": "macro", "duration": 0.624893, "event": "task_end", "timestamp": "2025-09-18T01:26:14.612273Z", "run_id": "RUN123", "level": "info"}
Job "task_wrapper (trigger: interval[0:05:03.685195], next run at: 2025-09-18 03:31:17 CEST)" executed successfully
{"alive": true, "rss_mb": 58.2, "cpu_percent": 0.0, "event": "heartbeat", "timestamp": "2025-09-18T01:26:23.507111Z", "run_id": "RUN123", "level": "info"}
{"alive": true, "rss_mb": 58.2, "cpu_percent": 0.0, "event": "heartbeat", "timestamp": "2025-09-18T01:27:23.514848Z", "run_id": "RUN123", "level": "info"}
{"alive": true, "rss_mb": 58.2, "cpu_percent": 0.0, "event": "heartbeat", "timestamp": "2025-09-18T01:28:23.530331Z", "run_id": "RUN123", "level": "info"}
{"alive": true, "rss_mb": 58.2, "cpu_percent": 0.0, "event": "heartbeat", "timestamp": "2025-09-18T01:29:23.534644Z", "run_id": "RUN123", "level": "info"}
Running job "task_wrapper (trigger: interval[0:05:00.485919], next run at: 2025-09-18 03:34:35 CEST)" (scheduled at 2025-09-18 03:29:35.285083+02:00)
{"task": "derivatives_oi", "ts": "2025-09-18T01:29:35.297787Z", "event": "task_start", "timestamp": "2025-09-18T01:29:35.297787Z", "run_id": "RUN123", "level": "info"}
{"symbol": "BTCUSDT", "event": "deriv_cache_hit", "timestamp": "2025-09-18T01:29:35.297787Z", "run_id": "RUN123", "level": "info"}
{"task": "derivatives_oi", "event": "task_ok", "timestamp": "2025-09-18T01:29:35.298787Z", "run_id": "RUN123", "level": "info"}
{"task": "derivatives_oi", "duration": 0.002005, "event": "task_end", "timestamp": "2025-09-18T01:29:35.299792Z", "run_id": "RUN123", "level": "info"}
Job "task_wrapper (trigger: interval[0:05:00.485919], next run at: 2025-09-18 03:34:35 CEST)" executed successfully
{"alive": true, "rss_mb": 58.2, "cpu_percent": 0.0, "event": "heartbeat", "timestamp": "2025-09-18T01:30:23.548187Z", "run_id": "RUN123", "level": "info"}
Running job "task_wrapper (trigger: interval[0:05:03.429341], next run at: 2025-09-18 03:36:12 CEST)" (scheduled at 2025-09-18 03:31:09.476586+02:00)
{"task": "derivatives_lsr", "ts": "2025-09-18T01:31:09.482284Z", "event": "task_start", "timestamp": "2025-09-18T01:31:09.482284Z", "run_id": "RUN123", "level": "info"}
{"symbol": "BTCUSDT", "metric": "long_short_ratio", "event": "deriv_cache_hit", "timestamp": "2025-09-18T01:31:09.483277Z", "run_id": "RUN123", "level": "info"}
{"task": "derivatives_lsr", "event": "task_ok", "timestamp": "2025-09-18T01:31:09.484273Z", "run_id": "RUN123", "level": "info"}
{"task": "derivatives_lsr", "duration": 0.00299, "event": "task_end", "timestamp": "2025-09-18T01:31:09.485274Z", "run_id": "RUN123", "level": "info"}
Job "task_wrapper (trigger: interval[0:05:03.429341], next run at: 2025-09-18 03:36:12 CEST)" executed successfully
Running job "task_wrapper (trigger: interval[0:05:03.685195], next run at: 2025-09-18 03:36:21 CEST)" (scheduled at 2025-09-18 03:31:17.653917+02:00)
{"task": "macro", "ts": "2025-09-18T01:31:17.659140Z", "event": "task_start", "timestamp": "2025-09-18T01:31:17.659140Z", "run_id": "RUN123", "level": "info"}
HTTP Request: GET https://api.coingecko.com/api/v3/coins/bitcoin "HTTP/1.1 200 OK"
{"symbol": "bitcoin", "source": "coingecko", "event": "macro_success", "timestamp": "2025-09-18T01:31:18.222578Z", "run_id": "RUN123", "level": "info"}
{"task": "macro", "event": "task_ok", "timestamp": "2025-09-18T01:31:18.223562Z", "run_id": "RUN123", "level": "info"}
{"task": "macro", "duration": 0.565431, "event": "task_end", "timestamp": "2025-09-18T01:31:18.224571Z", "run_id": "RUN123", "level": "info"}
Job "task_wrapper (trigger: interval[0:05:03.685195], next run at: 2025-09-18 03:36:21 CEST)" executed successfully
{"alive": true, "rss_mb": 58.8, "cpu_percent": 0.0, "event": "heartbeat", "timestamp": "2025-09-18T01:31:23.569921Z", "run_id": "RUN123", "level": "info"}
{"alive": true, "rss_mb": 58.8, "cpu_percent": 0.0, "event": "heartbeat", "timestamp": "2025-09-18T01:32:23.580558Z", "run_id": "RUN123", "level": "info"}
{"alive": true, "rss_mb": 58.8, "cpu_percent": 0.0, "event": "heartbeat", "timestamp": "2025-09-18T01:33:23.595047Z", "run_id": "RUN123", "level": "info"}
{"alive": true, "rss_mb": 58.8, "cpu_percent": 0.0, "event": "heartbeat", "timestamp": "2025-09-18T01:34:23.581091Z", "run_id": "RUN123", "level": "info"}
Running job "task_wrapper (trigger: interval[0:05:00.485919], next run at: 2025-09-18 03:39:36 CEST)" (scheduled at 2025-09-18 03:34:35.771002+02:00)
{"task": "derivatives_oi", "ts": "2025-09-18T01:34:35.787954Z", "event": "task_start", "timestamp": "2025-09-18T01:34:35.787954Z", "run_id": "RUN123", "level": "info"}
{"symbol": "BTCUSDT", "event": "deriv_cache_hit", "timestamp": "2025-09-18T01:34:35.788958Z", "run_id": "RUN123", "level": "info"}
{"task": "derivatives_oi", "event": "task_ok", "timestamp": "2025-09-18T01:34:35.789951Z", "run_id": "RUN123", "level": "info"}
{"task": "derivatives_oi", "duration": 0.001997, "event": "task_end", "timestamp": "2025-09-18T01:34:35.789951Z", "run_id": "RUN123", "level": "info"}
Job "task_wrapper (trigger: interval[0:05:00.485919], next run at: 2025-09-18 03:39:36 CEST)" executed successfully
{"alive": true, "rss_mb": 58.8, "cpu_percent": 0.0, "event": "heartbeat", "timestamp": "2025-09-18T01:35:23.600701Z", "run_id": "RUN123", "level": "info"}
Running job "task_wrapper (trigger: interval[0:05:03.429341], next run at: 2025-09-18 03:41:16 CEST)" (scheduled at 2025-09-18 03:36:12.905927+02:00)
{"task": "derivatives_lsr", "ts": "2025-09-18T01:36:12.925253Z", "event": "task_start", "timestamp": "2025-09-18T01:36:12.925253Z", "run_id": "RUN123", "level": "info"}
{"symbol": "BTCUSDT", "metric": "long_short_ratio", "event": "deriv_cache_hit", "timestamp": "2025-09-18T01:36:12.926265Z", "run_id": "RUN123", "level": "info"}
{"task": "derivatives_lsr", "event": "task_ok", "timestamp": "2025-09-18T01:36:12.927266Z", "run_id": "RUN123", "level": "info"}
{"task": "derivatives_lsr", "duration": 0.002013, "event": "task_end", "timestamp": "2025-09-18T01:36:12.927266Z", "run_id": "RUN123", "level": "info"}
Job "task_wrapper (trigger: interval[0:05:03.429341], next run at: 2025-09-18 03:41:16 CEST)" executed successfully
Running job "task_wrapper (trigger: interval[0:05:03.685195], next run at: 2025-09-18 03:41:25 CEST)" (scheduled at 2025-09-18 03:36:21.339112+02:00)
{"task": "macro", "ts": "2025-09-18T01:36:21.349240Z", "event": "task_start", "timestamp": "2025-09-18T01:36:21.349240Z", "run_id": "RUN123", "level": "info"}
HTTP Request: GET https://api.coingecko.com/api/v3/coins/bitcoin "HTTP/1.1 200 OK"
{"symbol": "bitcoin", "source": "coingecko", "event": "macro_success", "timestamp": "2025-09-18T01:36:21.923864Z", "run_id": "RUN123", "level": "info"}
{"task": "macro", "event": "task_ok", "timestamp": "2025-09-18T01:36:21.924849Z", "run_id": "RUN123", "level": "info"}
{"task": "macro", "duration": 0.575609, "event": "task_end", "timestamp": "2025-09-18T01:36:21.924849Z", "run_id": "RUN123", "level": "info"}
Job "task_wrapper (trigger: interval[0:05:03.685195], next run at: 2025-09-18 03:41:25 CEST)" executed successfully
{"alive": true, "rss_mb": 59.4, "cpu_percent": 0.0, "event": "heartbeat", "timestamp": "2025-09-18T01:36:23.600567Z", "run_id": "RUN123", "level": "info"}
{"alive": true, "rss_mb": 59.4, "cpu_percent": 0.0, "event": "heartbeat", "timestamp": "2025-09-18T01:37:23.614901Z", "run_id": "RUN123", "level": "info"}
{"alive": true, "rss_mb": 59.4, "cpu_percent": 0.0, "event": "heartbeat", "timestamp": "2025-09-18T01:38:23.621344Z", "run_id": "RUN123", "level": "info"}
{"alive": true, "rss_mb": 59.4, "cpu_percent": 0.0, "event": "heartbeat", "timestamp": "2025-09-18T01:39:23.638215Z", "run_id": "RUN123", "level": "info"}
Running job "task_wrapper (trigger: interval[0:05:00.485919], next run at: 2025-09-18 03:44:36 CEST)" (scheduled at 2025-09-18 03:39:36.256921+02:00)
{"task": "derivatives_oi", "ts": "2025-09-18T01:39:36.273246Z", "event": "task_start", "timestamp": "2025-09-18T01:39:36.273246Z", "run_id": "RUN123", "level": "info"}
{"symbol": "BTCUSDT", "event": "deriv_cache_hit", "timestamp": "2025-09-18T01:39:36.273246Z", "run_id": "RUN123", "level": "info"}
{"task": "derivatives_oi", "event": "task_ok", "timestamp": "2025-09-18T01:39:36.274242Z", "run_id": "RUN123", "level": "info"}
{"task": "derivatives_oi", "duration": 0.001996, "event": "task_end", "timestamp": "2025-09-18T01:39:36.275242Z", "run_id": "RUN123", "level": "info"}
Job "task_wrapper (trigger: interval[0:05:00.485919], next run at: 2025-09-18 03:44:36 CEST)" executed successfully
{"alive": true, "rss_mb": 59.4, "cpu_percent": 0.0, "event": "heartbeat", "timestamp": "2025-09-18T01:40:23.643623Z", "run_id": "RUN123", "level": "info"}
Running job "task_wrapper (trigger: interval[0:05:03.429341], next run at: 2025-09-18 03:46:19 CEST)" (scheduled at 2025-09-18 03:41:16.335268+02:00)
{"task": "derivatives_lsr", "ts": "2025-09-18T01:41:16.365490Z", "event": "task_start", "timestamp": "2025-09-18T01:41:16.365490Z", "run_id": "RUN123", "level": "info"}
{"symbol": "BTCUSDT", "metric": "long_short_ratio", "event": "deriv_cache_hit", "timestamp": "2025-09-18T01:41:16.366492Z", "run_id": "RUN123", "level": "info"}
{"task": "derivatives_lsr", "event": "task_ok", "timestamp": "2025-09-18T01:41:16.366492Z", "run_id": "RUN123", "level": "info"}
{"task": "derivatives_lsr", "duration": 0.001994, "event": "task_end", "timestamp": "2025-09-18T01:41:16.367484Z", "run_id": "RUN123", "level": "info"}
Job "task_wrapper (trigger: interval[0:05:03.429341], next run at: 2025-09-18 03:46:19 CEST)" executed successfully
{"alive": true, "rss_mb": 59.4, "cpu_percent": 0.0, "event": "heartbeat", "timestamp": "2025-09-18T01:41:23.639134Z", "run_id": "RUN123", "level": "info"}
Running job "task_wrapper (trigger: interval[0:15:38.637530], next run at: 2025-09-18 03:57:03 CEST)" (scheduled at 2025-09-18 03:41:24.742503+02:00)
{"task": "defillama", "ts": "2025-09-18T01:41:24.747790Z", "event": "task_start", "timestamp": "2025-09-18T01:41:24.747790Z", "run_id": "RUN123", "level": "info"}
{"chain": "ethereum", "event": "defillama_cache_hit", "timestamp": "2025-09-18T01:41:24.748791Z", "run_id": "RUN123", "level": "info"}
{"task": "defillama", "event": "task_ok", "timestamp": "2025-09-18T01:41:24.749787Z", "run_id": "RUN123", "level": "info"}
{"task": "defillama", "duration": 0.001997, "event": "task_end", "timestamp": "2025-09-18T01:41:24.749787Z", "run_id": "RUN123", "level": "info"}
Job "task_wrapper (trigger: interval[0:15:38.637530], next run at: 2025-09-18 03:57:03 CEST)" executed successfully
Running job "task_wrapper (trigger: interval[0:05:03.685195], next run at: 2025-09-18 03:46:28 CEST)" (scheduled at 2025-09-18 03:41:25.024307+02:00)
{"task": "macro", "ts": "2025-09-18T01:41:25.045863Z", "event": "task_start", "timestamp": "2025-09-18T01:41:25.045863Z", "run_id": "RUN123", "level": "info"}
HTTP Request: GET https://api.coingecko.com/api/v3/coins/bitcoin "HTTP/1.1 200 OK"
{"symbol": "bitcoin", "source": "coingecko", "event": "macro_success", "timestamp": "2025-09-18T01:41:25.611846Z", "run_id": "RUN123", "level": "info"}
{"task": "macro", "event": "task_ok", "timestamp": "2025-09-18T01:41:25.613835Z", "run_id": "RUN123", "level": "info"}
{"task": "macro", "duration": 0.568988, "event": "task_end", "timestamp": "2025-09-18T01:41:25.614851Z", "run_id": "RUN123", "level": "info"}
Job "task_wrapper (trigger: interval[0:05:03.685195], next run at: 2025-09-18 03:46:28 CEST)" executed successfully
{"alive": true, "rss_mb": 59.6, "cpu_percent": 0.0, "event": "heartbeat", "timestamp": "2025-09-18T01:42:23.651124Z", "run_id": "RUN123", "level": "info"}
{"alive": true, "rss_mb": 59.6, "cpu_percent": 0.0, "event": "heartbeat", "timestamp": "2025-09-18T01:43:23.666324Z", "run_id": "RUN123", "level": "info"}
{"alive": true, "rss_mb": 59.6, "cpu_percent": 0.0, "event": "heartbeat", "timestamp": "2025-09-18T01:44:23.669348Z", "run_id": "RUN123", "level": "info"}
Running job "task_wrapper (trigger: interval[0:05:00.485919], next run at: 2025-09-18 03:49:37 CEST)" (scheduled at 2025-09-18 03:44:36.742840+02:00)
{"task": "derivatives_oi", "ts": "2025-09-18T01:44:36.751651Z", "event": "task_start", "timestamp": "2025-09-18T01:44:36.751651Z", "run_id": "RUN123", "level": "info"}
{"symbol": "BTCUSDT", "event": "deriv_cache_hit", "timestamp": "2025-09-18T01:44:36.752648Z", "run_id": "RUN123", "level": "info"}
{"task": "derivatives_oi", "event": "task_ok", "timestamp": "2025-09-18T01:44:36.753642Z", "run_id": "RUN123", "level": "info"}
{"task": "derivatives_oi", "duration": 0.001991, "event": "task_end", "timestamp": "2025-09-18T01:44:36.753642Z", "run_id": "RUN123", "level": "info"}
Job "task_wrapper (trigger: interval[0:05:00.485919], next run at: 2025-09-18 03:49:37 CEST)" executed successfully
{"alive": true, "rss_mb": 59.6, "cpu_percent": 0.0, "event": "heartbeat", "timestamp": "2025-09-18T01:45:23.690219Z", "run_id": "RUN123", "level": "info"}
Running job "task_wrapper (trigger: interval[0:05:03.429341], next run at: 2025-09-18 03:51:23 CEST)" (scheduled at 2025-09-18 03:46:19.764609+02:00)
{"task": "derivatives_lsr", "ts": "2025-09-18T01:46:19.774488Z", "event": "task_start", "timestamp": "2025-09-18T01:46:19.774488Z", "run_id": "RUN123", "level": "info"}
{"symbol": "BTCUSDT", "metric": "long_short_ratio", "event": "deriv_cache_hit", "timestamp": "2025-09-18T01:46:19.774488Z", "run_id": "RUN123", "level": "info"}
{"task": "derivatives_lsr", "event": "task_ok", "timestamp": "2025-09-18T01:46:19.775490Z", "run_id": "RUN123", "level": "info"}
{"task": "derivatives_lsr", "duration": 0.001002, "event": "task_end", "timestamp": "2025-09-18T01:46:19.775490Z", "run_id": "RUN123", "level": "info"}
Job "task_wrapper (trigger: interval[0:05:03.429341], next run at: 2025-09-18 03:51:23 CEST)" executed successfully
{"alive": true, "rss_mb": 59.6, "cpu_percent": 0.0, "event": "heartbeat", "timestamp": "2025-09-18T01:46:23.685853Z", "run_id": "RUN123", "level": "info"}
Running job "task_wrapper (trigger: interval[0:05:03.685195], next run at: 2025-09-18 03:51:32 CEST)" (scheduled at 2025-09-18 03:46:28.709502+02:00)
{"task": "macro", "ts": "2025-09-18T01:46:28.717883Z", "event": "task_start", "timestamp": "2025-09-18T01:46:28.717883Z", "run_id": "RUN123", "level": "info"}
HTTP Request: GET https://api.coingecko.com/api/v3/coins/bitcoin "HTTP/1.1 200 OK"
{"symbol": "bitcoin", "source": "coingecko", "event": "macro_success", "timestamp": "2025-09-18T01:46:29.274335Z", "run_id": "RUN123", "level": "info"}
{"task": "macro", "event": "task_ok", "timestamp": "2025-09-18T01:46:29.276106Z", "run_id": "RUN123", "level": "info"}
{"task": "macro", "duration": 0.558789, "event": "task_end", "timestamp": "2025-09-18T01:46:29.276672Z", "run_id": "RUN123", "level": "info"}
Job "task_wrapper (trigger: interval[0:05:03.685195], next run at: 2025-09-18 03:51:32 CEST)" executed successfully
{"alive": true, "rss_mb": 60.5, "cpu_percent": 0.0, "event": "heartbeat", "timestamp": "2025-09-18T01:47:23.702794Z", "run_id": "RUN123", "level": "info"}
{"alive": true, "rss_mb": 60.5, "cpu_percent": 0.0, "event": "heartbeat", "timestamp": "2025-09-18T01:48:23.705931Z", "run_id": "RUN123", "level": "info"}
{"alive": true, "rss_mb": 60.5, "cpu_percent": 0.0, "event": "heartbeat", "timestamp": "2025-09-18T01:49:23.712988Z", "run_id": "RUN123", "level": "info"}
Running job "task_wrapper (trigger: interval[0:05:00.485919], next run at: 2025-09-18 03:54:37 CEST)" (scheduled at 2025-09-18 03:49:37.228759+02:00)
{"task": "derivatives_oi", "ts": "2025-09-18T01:49:37.255735Z", "event": "task_start", "timestamp": "2025-09-18T01:49:37.255735Z", "run_id": "RUN123", "level": "info"}
HTTP Request: GET https://api.bybit.com/v5/market/open-interest?category=linear&symbol=BTCUSDT&intervalTime=5min "HTTP/1.1 200 OK"
{"symbol": "BTCUSDT", "source": "bybit", "event": "deriv_success", "timestamp": "2025-09-18T01:49:38.017023Z", "run_id": "RUN123", "level": "info"}
{"task": "derivatives_oi", "event": "task_ok", "timestamp": "2025-09-18T01:49:38.018018Z", "run_id": "RUN123", "level": "info"}
{"task": "derivatives_oi", "duration": 0.762283, "event": "task_end", "timestamp": "2025-09-18T01:49:38.018018Z", "run_id": "RUN123", "level": "info"}
Job "task_wrapper (trigger: interval[0:05:00.485919], next run at: 2025-09-18 03:54:37 CEST)" executed successfully
Running job "task_wrapper (trigger: interval[1:00:12.398608], next run at: 2025-09-18 04:50:09 CEST)" (scheduled at 2025-09-18 03:49:56.934501+02:00)
{"task": "sentiment_fg", "ts": "2025-09-18T01:49:56.939019Z", "event": "task_start", "timestamp": "2025-09-18T01:49:56.939019Z", "run_id": "RUN123", "level": "info"}
HTTP Request: GET https://api.alternative.me/fng/ "HTTP/1.1 200 OK"
{"metric": "fear_greed", "source": "alternative.me", "event": "sentiment_success", "timestamp": "2025-09-18T01:49:57.737651Z", "run_id": "RUN123", "level": "info"}
{"task": "sentiment_fg", "event": "task_ok", "timestamp": "2025-09-18T01:49:57.738660Z", "run_id": "RUN123", "level": "info"}
{"task": "sentiment_fg", "duration": 0.800619, "event": "task_end", "timestamp": "2025-09-18T01:49:57.739638Z", "run_id": "RUN123", "level": "info"}
Job "task_wrapper (trigger: interval[1:00:12.398608], next run at: 2025-09-18 04:50:09 CEST)" executed successfully
{"alive": true, "rss_mb": 61.2, "cpu_percent": 0.0, "event": "heartbeat", "timestamp": "2025-09-18T01:50:23.714055Z", "run_id": "RUN123", "level": "info"}
Running job "task_wrapper (trigger: interval[0:30:20.099607], next run at: 2025-09-18 04:21:40 CEST)" (scheduled at 2025-09-18 03:51:20.328316+02:00)
{"task": "onchain_tx", "ts": "2025-09-18T01:51:20.344609Z", "event": "task_start", "timestamp": "2025-09-18T01:51:20.344609Z", "run_id": "RUN123", "level": "info"}
HTTP Request: GET https://api.blockchain.info/q/getblockcount "HTTP/1.1 200 OK"
{"symbol": "BTC", "source": "blockchain.info", "event": "onchain_success", "timestamp": "2025-09-18T01:51:20.897485Z", "run_id": "RUN123", "level": "info"}
{"task": "onchain_tx", "event": "task_ok", "timestamp": "2025-09-18T01:51:20.898475Z", "run_id": "RUN123", "level": "info"}
{"task": "onchain_tx", "duration": 0.553866, "event": "task_end", "timestamp": "2025-09-18T01:51:20.898475Z", "run_id": "RUN123", "level": "info"}
Job "task_wrapper (trigger: interval[0:30:20.099607], next run at: 2025-09-18 04:21:40 CEST)" executed successfully
Running job "task_wrapper (trigger: interval[0:05:03.429341], next run at: 2025-09-18 03:56:26 CEST)" (scheduled at 2025-09-18 03:51:23.193950+02:00)
{"task": "derivatives_lsr", "ts": "2025-09-18T01:51:23.212077Z", "event": "task_start", "timestamp": "2025-09-18T01:51:23.212077Z", "run_id": "RUN123", "level": "info"}
{"symbol": "BTCUSDT", "metric": "long_short_ratio", "event": "deriv_cache_hit", "timestamp": "2025-09-18T01:51:23.212077Z", "run_id": "RUN123", "level": "info"}
{"task": "derivatives_lsr", "event": "task_ok", "timestamp": "2025-09-18T01:51:23.213078Z", "run_id": "RUN123", "level": "info"}
{"task": "derivatives_lsr", "duration": 0.001001, "event": "task_end", "timestamp": "2025-09-18T01:51:23.213078Z", "run_id": "RUN123", "level": "info"}
Job "task_wrapper (trigger: interval[0:05:03.429341], next run at: 2025-09-18 03:56:26 CEST)" executed successfully
{"alive": true, "rss_mb": 62.0, "cpu_percent": 0.0, "event": "heartbeat", "timestamp": "2025-09-18T01:51:23.727321Z", "run_id": "RUN123", "level": "info"}
Running job "task_wrapper (trigger: interval[0:05:03.685195], next run at: 2025-09-18 03:56:36 CEST)" (scheduled at 2025-09-18 03:51:32.394697+02:00)
{"task": "macro", "ts": "2025-09-18T01:51:32.411318Z", "event": "task_start", "timestamp": "2025-09-18T01:51:32.411318Z", "run_id": "RUN123", "level": "info"}
HTTP Request: GET https://api.coingecko.com/api/v3/coins/bitcoin "HTTP/1.1 200 OK"
{"symbol": "bitcoin", "source": "coingecko", "event": "macro_success", "timestamp": "2025-09-18T01:51:32.987488Z", "run_id": "RUN123", "level": "info"}
{"task": "macro", "event": "task_ok", "timestamp": "2025-09-18T01:51:32.988478Z", "run_id": "RUN123", "level": "info"}
{"task": "macro", "duration": 0.57716, "event": "task_end", "timestamp": "2025-09-18T01:51:32.988478Z", "run_id": "RUN123", "level": "info"}
Job "task_wrapper (trigger: interval[0:05:03.685195], next run at: 2025-09-18 03:56:36 CEST)" executed successfully
{"alive": true, "rss_mb": 63.2, "cpu_percent": 0.0, "event": "heartbeat", "timestamp": "2025-09-18T01:52:23.738470Z", "run_id": "RUN123", "level": "info"}
{"alive": true, "rss_mb": 63.2, "cpu_percent": 0.0, "event": "heartbeat", "timestamp": "2025-09-18T01:53:23.747901Z", "run_id": "RUN123", "level": "info"}
{"alive": true, "rss_mb": 63.2, "cpu_percent": 0.0, "event": "heartbeat", "timestamp": "2025-09-18T01:54:23.765330Z", "run_id": "RUN123", "level": "info"}
Running job "task_wrapper (trigger: interval[0:05:00.485919], next run at: 2025-09-18 03:59:38 CEST)" (scheduled at 2025-09-18 03:54:37.714678+02:00)
{"task": "derivatives_oi", "ts": "2025-09-18T01:54:37.722327Z", "event": "task_start", "timestamp": "2025-09-18T01:54:37.722327Z", "run_id": "RUN123", "level": "info"}
{"symbol": "BTCUSDT", "event": "deriv_cache_hit", "timestamp": "2025-09-18T01:54:37.723295Z", "run_id": "RUN123", "level": "info"}
{"task": "derivatives_oi", "event": "task_ok", "timestamp": "2025-09-18T01:54:37.723295Z", "run_id": "RUN123", "level": "info"}
{"task": "derivatives_oi", "duration": 0.001962, "event": "task_end", "timestamp": "2025-09-18T01:54:37.724289Z", "run_id": "RUN123", "level": "info"}
Job "task_wrapper (trigger: interval[0:05:00.485919], next run at: 2025-09-18 03:59:38 CEST)" executed successfully
{"alive": true, "rss_mb": 63.2, "cpu_percent": 0.0, "event": "heartbeat", "timestamp": "2025-09-18T01:55:23.777297Z", "run_id": "RUN123", "level": "info"}
Running job "task_wrapper (trigger: interval[0:31:01.155603], next run at: 2025-09-18 04:26:27 CEST)" (scheduled at 2025-09-18 03:55:26.666296+02:00)
{"task": "onchain_hashrate", "ts": "2025-09-18T01:55:26.684454Z", "event": "task_start", "timestamp": "2025-09-18T01:55:26.684454Z", "run_id": "RUN123", "level": "info"}
HTTP Request: GET https://api.blockchain.info/q/hashrate "HTTP/1.1 200 OK"
{"symbol": "BTC", "source": "blockchain.info", "event": "onchain_success", "timestamp": "2025-09-18T01:55:27.248414Z", "run_id": "RUN123", "level": "info"}
{"task": "onchain_hashrate", "event": "task_ok", "timestamp": "2025-09-18T01:55:27.249930Z", "run_id": "RUN123", "level": "info"}
{"task": "onchain_hashrate", "duration": 0.565476, "event": "task_end", "timestamp": "2025-09-18T01:55:27.249930Z", "run_id": "RUN123", "level": "info"}
Job "task_wrapper (trigger: interval[0:31:01.155603], next run at: 2025-09-18 04:26:27 CEST)" executed successfully
Running job "task_wrapper (trigger: interval[0:31:05.669810], next run at: 2025-09-18 04:26:59 CEST)" (scheduled at 2025-09-18 03:55:53.752537+02:00)
{"task": "onchain_sopr", "ts": "2025-09-18T01:55:53.764571Z", "event": "task_start", "timestamp": "2025-09-18T01:55:53.764571Z", "run_id": "RUN123", "level": "info"}
{"symbol": "BTC", "event": "onchain_cache_hit", "timestamp": "2025-09-18T01:55:53.765592Z", "run_id": "RUN123", "level": "info"}
{"task": "onchain_sopr", "event": "task_ok", "timestamp": "2025-09-18T01:55:53.765592Z", "run_id": "RUN123", "level": "info"}
{"task": "onchain_sopr", "duration": 0.001021, "event": "task_end", "timestamp": "2025-09-18T01:55:53.765592Z", "run_id": "RUN123", "level": "info"}
Job "task_wrapper (trigger: interval[0:31:05.669810], next run at: 2025-09-18 04:26:59 CEST)" executed successfully
{"alive": true, "rss_mb": 63.2, "cpu_percent": 0.0, "event": "heartbeat", "timestamp": "2025-09-18T01:56:23.769310Z", "run_id": "RUN123", "level": "info"}
Running job "task_wrapper (trigger: interval[0:05:03.429341], next run at: 2025-09-18 04:01:30 CEST)" (scheduled at 2025-09-18 03:56:26.623291+02:00)
{"task": "derivatives_lsr", "ts": "2025-09-18T01:56:26.633415Z", "event": "task_start", "timestamp": "2025-09-18T01:56:26.633415Z", "run_id": "RUN123", "level": "info"}
{"symbol": "BTCUSDT", "metric": "long_short_ratio", "event": "deriv_cache_hit", "timestamp": "2025-09-18T01:56:26.634404Z", "run_id": "RUN123", "level": "info"}
{"task": "derivatives_lsr", "event": "task_ok", "timestamp": "2025-09-18T01:56:26.635402Z", "run_id": "RUN123", "level": "info"}
{"task": "derivatives_lsr", "duration": 0.001987, "event": "task_end", "timestamp": "2025-09-18T01:56:26.635402Z", "run_id": "RUN123", "level": "info"}
Job "task_wrapper (trigger: interval[0:05:03.429341], next run at: 2025-09-18 04:01:30 CEST)" executed successfully
Running job "task_wrapper (trigger: interval[0:05:03.685195], next run at: 2025-09-18 04:01:39 CEST)" (scheduled at 2025-09-18 03:56:36.079892+02:00)
{"task": "macro", "ts": "2025-09-18T01:56:36.097029Z", "event": "task_start", "timestamp": "2025-09-18T01:56:36.097029Z", "run_id": "RUN123", "level": "info"}
HTTP Request: GET https://api.coingecko.com/api/v3/coins/bitcoin "HTTP/1.1 200 OK"
{"symbol": "bitcoin", "source": "coingecko", "event": "macro_success", "timestamp": "2025-09-18T01:56:36.663004Z", "run_id": "RUN123", "level": "info"}
{"task": "macro", "event": "task_ok", "timestamp": "2025-09-18T01:56:36.663516Z", "run_id": "RUN123", "level": "info"}
{"task": "macro", "duration": 0.567503, "event": "task_end", "timestamp": "2025-09-18T01:56:36.664532Z", "run_id": "RUN123", "level": "info"}
Job "task_wrapper (trigger: interval[0:05:03.685195], next run at: 2025-09-18 04:01:39 CEST)" executed successfully
Running job "task_wrapper (trigger: interval[0:15:38.637530], next run at: 2025-09-18 04:12:42 CEST)" (scheduled at 2025-09-18 03:57:03.380033+02:00)
{"task": "defillama", "ts": "2025-09-18T01:57:03.398558Z", "event": "task_start", "timestamp": "2025-09-18T01:57:03.398558Z", "run_id": "RUN123", "level": "info"}
{"chain": "ethereum", "event": "defillama_cache_hit", "timestamp": "2025-09-18T01:57:03.398558Z", "run_id": "RUN123", "level": "info"}
{"task": "defillama", "event": "task_ok", "timestamp": "2025-09-18T01:57:03.399560Z", "run_id": "RUN123", "level": "info"}
{"task": "defillama", "duration": 0.001002, "event": "task_end", "timestamp": "2025-09-18T01:57:03.399560Z", "run_id": "RUN123", "level": "info"}
Job "task_wrapper (trigger: interval[0:15:38.637530], next run at: 2025-09-18 04:12:42 CEST)" executed successfully
{"alive": true, "rss_mb": 63.5, "cpu_percent": 0.0, "event": "heartbeat", "timestamp": "2025-09-18T01:57:23.790867Z", "run_id": "RUN123", "level": "info"}
{"alive": true, "rss_mb": 63.5, "cpu_percent": 0.0, "event": "heartbeat", "timestamp": "2025-09-18T01:58:23.806381Z", "run_id": "RUN123", "level": "info"}
{"alive": true, "rss_mb": 63.5, "cpu_percent": 0.0, "event": "heartbeat", "timestamp": "2025-09-18T01:59:23.822763Z", "run_id": "RUN123", "level": "info"}
Running job "task_wrapper (trigger: interval[0:05:00.485919], next run at: 2025-09-18 04:04:38 CEST)" (scheduled at 2025-09-18 03:59:38.200597+02:00)
{"task": "derivatives_oi", "ts": "2025-09-18T01:59:38.220776Z", "event": "task_start", "timestamp": "2025-09-18T01:59:38.220776Z", "run_id": "RUN123", "level": "info"}
{"symbol": "BTCUSDT", "event": "deriv_cache_hit", "timestamp": "2025-09-18T01:59:38.220776Z", "run_id": "RUN123", "level": "info"}
{"task": "derivatives_oi", "event": "task_ok", "timestamp": "2025-09-18T01:59:38.221792Z", "run_id": "RUN123", "level": "info"}
{"task": "derivatives_oi", "duration": 0.001016, "event": "task_end", "timestamp": "2025-09-18T01:59:38.221792Z", "run_id": "RUN123", "level": "info"}
Job "task_wrapper (trigger: interval[0:05:00.485919], next run at: 2025-09-18 04:04:38 CEST)" executed successfully
{"alive": true, "rss_mb": 63.5, "cpu_percent": 0.0, "event": "heartbeat", "timestamp": "2025-09-18T02:00:23.820193Z", "run_id": "RUN123", "level": "info"}
{"alive": true, "rss_mb": 63.5, "cpu_percent": 0.0, "event": "heartbeat", "timestamp": "2025-09-18T02:01:23.833241Z", "run_id": "RUN123", "level": "info"}
Running job "task_wrapper (trigger: interval[0:05:03.429341], next run at: 2025-09-18 04:06:33 CEST)" (scheduled at 2025-09-18 04:01:30.052632+02:00)
{"task": "derivatives_lsr", "ts": "2025-09-18T02:01:30.059940Z", "event": "task_start", "timestamp": "2025-09-18T02:01:30.059940Z", "run_id": "RUN123", "level": "info"}
{"symbol": "BTCUSDT", "metric": "long_short_ratio", "event": "deriv_cache_hit", "timestamp": "2025-09-18T02:01:30.059940Z", "run_id": "RUN123", "level": "info"}
{"task": "derivatives_lsr", "event": "task_ok", "timestamp": "2025-09-18T02:01:30.060942Z", "run_id": "RUN123", "level": "info"}
{"task": "derivatives_lsr", "duration": 0.001002, "event": "task_end", "timestamp": "2025-09-18T02:01:30.060942Z", "run_id": "RUN123", "level": "info"}
Job "task_wrapper (trigger: interval[0:05:03.429341], next run at: 2025-09-18 04:06:33 CEST)" executed successfully
Running job "task_wrapper (trigger: interval[0:05:03.685195], next run at: 2025-09-18 04:06:43 CEST)" (scheduled at 2025-09-18 04:01:39.765087+02:00)
{"task": "macro", "ts": "2025-09-18T02:01:39.774507Z", "event": "task_start", "timestamp": "2025-09-18T02:01:39.774507Z", "run_id": "RUN123", "level": "info"}
HTTP Request: GET https://api.coingecko.com/api/v3/coins/bitcoin "HTTP/1.1 200 OK"
{"symbol": "bitcoin", "source": "coingecko", "event": "macro_success", "timestamp": "2025-09-18T02:01:40.341202Z", "run_id": "RUN123", "level": "info"}
{"task": "macro", "event": "task_ok", "timestamp": "2025-09-18T02:01:40.342205Z", "run_id": "RUN123", "level": "info"}
{"task": "macro", "duration": 0.5687, "event": "task_end", "timestamp": "2025-09-18T02:01:40.343207Z", "run_id": "RUN123", "level": "info"}
Job "task_wrapper (trigger: interval[0:05:03.685195], next run at: 2025-09-18 04:06:43 CEST)" executed successfully
{"alive": true, "rss_mb": 63.6, "cpu_percent": 0.0, "event": "heartbeat", "timestamp": "2025-09-18T02:02:23.853244Z", "run_id": "RUN123", "level": "info"}
{"alive": true, "rss_mb": 63.6, "cpu_percent": 0.0, "event": "heartbeat", "timestamp": "2025-09-18T02:03:23.856690Z", "run_id": "RUN123", "level": "info"}
{"alive": true, "rss_mb": 63.6, "cpu_percent": 0.0, "event": "heartbeat", "timestamp": "2025-09-18T02:04:23.868084Z", "run_id": "RUN123", "level": "info"}
Running job "task_wrapper (trigger: interval[0:05:00.485919], next run at: 2025-09-18 04:09:39 CEST)" (scheduled at 2025-09-18 04:04:38.686516+02:00)
{"task": "derivatives_oi", "ts": "2025-09-18T02:04:38.697209Z", "event": "task_start", "timestamp": "2025-09-18T02:04:38.697209Z", "run_id": "RUN123", "level": "info"}
{"symbol": "BTCUSDT", "event": "deriv_cache_hit", "timestamp": "2025-09-18T02:04:38.697209Z", "run_id": "RUN123", "level": "info"}
{"task": "derivatives_oi", "event": "task_ok", "timestamp": "2025-09-18T02:04:38.698206Z", "run_id": "RUN123", "level": "info"}
{"task": "derivatives_oi", "duration": 0.000997, "event": "task_end", "timestamp": "2025-09-18T02:04:38.698206Z", "run_id": "RUN123", "level": "info"}
Job "task_wrapper (trigger: interval[0:05:00.485919], next run at: 2025-09-18 04:09:39 CEST)" executed successfully
{"alive": true, "rss_mb": 63.6, "cpu_percent": 0.0, "event": "heartbeat", "timestamp": "2025-09-18T02:05:23.884848Z", "run_id": "RUN123", "level": "info"}
{"alive": true, "rss_mb": 63.5, "cpu_percent": 0.0, "event": "heartbeat", "timestamp": "2025-09-18T02:06:23.890594Z", "run_id": "RUN123", "level": "info"}
Running job "task_wrapper (trigger: interval[0:05:03.429341], next run at: 2025-09-18 04:11:36 CEST)" (scheduled at 2025-09-18 04:06:33.481973+02:00)
{"task": "derivatives_lsr", "ts": "2025-09-18T02:06:33.497875Z", "event": "task_start", "timestamp": "2025-09-18T02:06:33.497875Z", "run_id": "RUN123", "level": "info"}
{"symbol": "BTCUSDT", "metric": "long_short_ratio", "event": "deriv_cache_hit", "timestamp": "2025-09-18T02:06:33.497875Z", "run_id": "RUN123", "level": "info"}
{"task": "derivatives_lsr", "event": "task_ok", "timestamp": "2025-09-18T02:06:33.498876Z", "run_id": "RUN123", "level": "info"}
{"task": "derivatives_lsr", "duration": 0.001001, "event": "task_end", "timestamp": "2025-09-18T02:06:33.498876Z", "run_id": "RUN123", "level": "info"}
Job "task_wrapper (trigger: interval[0:05:03.429341], next run at: 2025-09-18 04:11:36 CEST)" executed successfully
Running job "task_wrapper (trigger: interval[0:05:03.685195], next run at: 2025-09-18 04:11:47 CEST)" (scheduled at 2025-09-18 04:06:43.450282+02:00)
{"task": "macro", "ts": "2025-09-18T02:06:43.466700Z", "event": "task_start", "timestamp": "2025-09-18T02:06:43.466700Z", "run_id": "RUN123", "level": "info"}
HTTP Request: GET https://api.coingecko.com/api/v3/coins/bitcoin "HTTP/1.1 200 OK"
{"symbol": "bitcoin", "source": "coingecko", "event": "macro_success", "timestamp": "2025-09-18T02:06:44.014763Z", "run_id": "RUN123", "level": "info"}
{"task": "macro", "event": "task_ok", "timestamp": "2025-09-18T02:06:44.016768Z", "run_id": "RUN123", "level": "info"}
{"task": "macro", "duration": 0.550068, "event": "task_end", "timestamp": "2025-09-18T02:06:44.016768Z", "run_id": "RUN123", "level": "info"}
Job "task_wrapper (trigger: interval[0:05:03.685195], next run at: 2025-09-18 04:11:47 CEST)" executed successfully
{"alive": true, "rss_mb": 63.9, "cpu_percent": 0.0, "event": "heartbeat", "timestamp": "2025-09-18T02:07:23.905829Z", "run_id": "RUN123", "level": "info"}
{"alive": true, "rss_mb": 63.9, "cpu_percent": 0.0, "event": "heartbeat", "timestamp": "2025-09-18T02:08:23.911273Z", "run_id": "RUN123", "level": "info"}
{"alive": true, "rss_mb": 63.9, "cpu_percent": 0.0, "event": "heartbeat", "timestamp": "2025-09-18T02:09:23.918056Z", "run_id": "RUN123", "level": "info"}
Running job "task_wrapper (trigger: interval[0:05:00.485919], next run at: 2025-09-18 04:14:39 CEST)" (scheduled at 2025-09-18 04:09:39.172435+02:00)
{"task": "derivatives_oi", "ts": "2025-09-18T02:09:39.183970Z", "event": "task_start", "timestamp": "2025-09-18T02:09:39.183970Z", "run_id": "RUN123", "level": "info"}
{"symbol": "BTCUSDT", "event": "deriv_cache_hit", "timestamp": "2025-09-18T02:09:39.184973Z", "run_id": "RUN123", "level": "info"}
{"task": "derivatives_oi", "event": "task_ok", "timestamp": "2025-09-18T02:09:39.185969Z", "run_id": "RUN123", "level": "info"}
{"task": "derivatives_oi", "duration": 0.001999, "event": "task_end", "timestamp": "2025-09-18T02:09:39.185969Z", "run_id": "RUN123", "level": "info"}
Job "task_wrapper (trigger: interval[0:05:00.485919], next run at: 2025-09-18 04:14:39 CEST)" executed successfully
{"alive": true, "rss_mb": 63.9, "cpu_percent": 0.0, "event": "heartbeat", "timestamp": "2025-09-18T02:10:23.933638Z", "run_id": "RUN123", "level": "info"}
{"alive": true, "rss_mb": 63.9, "cpu_percent": 0.0, "event": "heartbeat", "timestamp": "2025-09-18T02:11:23.937159Z", "run_id": "RUN123", "level": "info"}
Running job "task_wrapper (trigger: interval[0:05:03.429341], next run at: 2025-09-18 04:16:40 CEST)" (scheduled at 2025-09-18 04:11:36.911314+02:00)
{"task": "derivatives_lsr", "ts": "2025-09-18T02:11:36.934278Z", "event": "task_start", "timestamp": "2025-09-18T02:11:36.934278Z", "run_id": "RUN123", "level": "info"}
{"symbol": "BTCUSDT", "metric": "long_short_ratio", "event": "deriv_cache_hit", "timestamp": "2025-09-18T02:11:36.934278Z", "run_id": "RUN123", "level": "info"}
{"task": "derivatives_lsr", "event": "task_ok", "timestamp": "2025-09-18T02:11:36.935279Z", "run_id": "RUN123", "level": "info"}
{"task": "derivatives_lsr", "duration": 0.001001, "event": "task_end", "timestamp": "2025-09-18T02:11:36.935279Z", "run_id": "RUN123", "level": "info"}
Job "task_wrapper (trigger: interval[0:05:03.429341], next run at: 2025-09-18 04:16:40 CEST)" executed successfully
Running job "task_wrapper (trigger: interval[0:05:03.685195], next run at: 2025-09-18 04:16:50 CEST)" (scheduled at 2025-09-18 04:11:47.135477+02:00)
{"task": "macro", "ts": "2025-09-18T02:11:47.141803Z", "event": "task_start", "timestamp": "2025-09-18T02:11:47.141803Z", "run_id": "RUN123", "level": "info"}
HTTP Request: GET https://api.coingecko.com/api/v3/coins/bitcoin "HTTP/1.1 200 OK"
{"symbol": "bitcoin", "source": "coingecko", "event": "macro_success", "timestamp": "2025-09-18T02:11:47.709177Z", "run_id": "RUN123", "level": "info"}
{"task": "macro", "event": "task_ok", "timestamp": "2025-09-18T02:11:47.710268Z", "run_id": "RUN123", "level": "info"}
{"task": "macro", "duration": 0.56948, "event": "task_end", "timestamp": "2025-09-18T02:11:47.711283Z", "run_id": "RUN123", "level": "info"}
Job "task_wrapper (trigger: interval[0:05:03.685195], next run at: 2025-09-18 04:16:50 CEST)" executed successfully
{"alive": true, "rss_mb": 64.8, "cpu_percent": 0.0, "event": "heartbeat", "timestamp": "2025-09-18T02:12:23.955654Z", "run_id": "RUN123", "level": "info"}
Running job "task_wrapper (trigger: interval[0:15:38.637530], next run at: 2025-09-18 04:28:20 CEST)" (scheduled at 2025-09-18 04:12:42.017563+02:00)
{"task": "defillama", "ts": "2025-09-18T02:12:42.023419Z", "event": "task_start", "timestamp": "2025-09-18T02:12:42.023419Z", "run_id": "RUN123", "level": "info"}
{"chain": "ethereum", "event": "defillama_cache_hit", "timestamp": "2025-09-18T02:12:42.024414Z", "run_id": "RUN123", "level": "info"}
{"task": "defillama", "event": "task_ok", "timestamp": "2025-09-18T02:12:42.024414Z", "run_id": "RUN123", "level": "info"}
{"task": "defillama", "duration": 0.002002, "event": "task_end", "timestamp": "2025-09-18T02:12:42.025421Z", "run_id": "RUN123", "level": "info"}
Job "task_wrapper (trigger: interval[0:15:38.637530], next run at: 2025-09-18 04:28:20 CEST)" executed successfully
{"alive": true, "rss_mb": 64.8, "cpu_percent": 0.0, "event": "heartbeat", "timestamp": "2025-09-18T02:13:23.953871Z", "run_id": "RUN123", "level": "info"}
{"alive": true, "rss_mb": 64.8, "cpu_percent": 0.0, "event": "heartbeat", "timestamp": "2025-09-18T02:14:23.961241Z", "run_id": "RUN123", "level": "info"}
Running job "task_wrapper (trigger: interval[0:05:00.485919], next run at: 2025-09-18 04:19:40 CEST)" (scheduled at 2025-09-18 04:14:39.658354+02:00)
{"task": "derivatives_oi", "ts": "2025-09-18T02:14:39.669561Z", "event": "task_start", "timestamp": "2025-09-18T02:14:39.669561Z", "run_id": "RUN123", "level": "info"}
{"symbol": "BTCUSDT", "event": "deriv_cache_hit", "timestamp": "2025-09-18T02:14:39.670555Z", "run_id": "RUN123", "level": "info"}
{"task": "derivatives_oi", "event": "task_ok", "timestamp": "2025-09-18T02:14:39.670760Z", "run_id": "RUN123", "level": "info"}
{"task": "derivatives_oi", "duration": 0.001199, "event": "task_end", "timestamp": "2025-09-18T02:14:39.670760Z", "run_id": "RUN123", "level": "info"}
Job "task_wrapper (trigger: interval[0:05:00.485919], next run at: 2025-09-18 04:19:40 CEST)" executed successfully
{"alive": true, "rss_mb": 64.8, "cpu_percent": 0.0, "event": "heartbeat", "timestamp": "2025-09-18T02:15:23.958095Z", "run_id": "RUN123", "level": "info"}
{"alive": true, "rss_mb": 64.8, "cpu_percent": 0.0, "event": "heartbeat", "timestamp": "2025-09-18T02:16:23.973046Z", "run_id": "RUN123", "level": "info"}
Running job "task_wrapper (trigger: interval[0:05:03.429341], next run at: 2025-09-18 04:21:43 CEST)" (scheduled at 2025-09-18 04:16:40.340655+02:00)
{"task": "derivatives_lsr", "ts": "2025-09-18T02:16:40.354655Z", "event": "task_start", "timestamp": "2025-09-18T02:16:40.354655Z", "run_id": "RUN123", "level": "info"}
{"symbol": "BTCUSDT", "metric": "long_short_ratio", "event": "deriv_cache_hit", "timestamp": "2025-09-18T02:16:40.355649Z", "run_id": "RUN123", "level": "info"}
{"task": "derivatives_lsr", "event": "task_ok", "timestamp": "2025-09-18T02:16:40.355649Z", "run_id": "RUN123", "level": "info"}
{"task": "derivatives_lsr", "duration": 0.001999, "event": "task_end", "timestamp": "2025-09-18T02:16:40.356654Z", "run_id": "RUN123", "level": "info"}
Job "task_wrapper (trigger: interval[0:05:03.429341], next run at: 2025-09-18 04:21:43 CEST)" executed successfully
Running job "task_wrapper (trigger: interval[0:05:03.685195], next run at: 2025-09-18 04:21:54 CEST)" (scheduled at 2025-09-18 04:16:50.820672+02:00)
{"task": "macro", "ts": "2025-09-18T02:16:50.835388Z", "event": "task_start", "timestamp": "2025-09-18T02:16:50.835388Z", "run_id": "RUN123", "level": "info"}
HTTP Request: GET https://api.coingecko.com/api/v3/coins/bitcoin "HTTP/1.1 200 OK"
{"symbol": "bitcoin", "source": "coingecko", "event": "macro_success", "timestamp": "2025-09-18T02:16:51.411403Z", "run_id": "RUN123", "level": "info"}
{"task": "macro", "event": "task_ok", "timestamp": "2025-09-18T02:16:51.413388Z", "run_id": "RUN123", "level": "info"}
{"task": "macro", "duration": 0.578, "event": "task_end", "timestamp": "2025-09-18T02:16:51.413388Z", "run_id": "RUN123", "level": "info"}
Job "task_wrapper (trigger: interval[0:05:03.685195], next run at: 2025-09-18 04:21:54 CEST)" executed successfully
{"alive": true, "rss_mb": 65.0, "cpu_percent": 0.0, "event": "heartbeat", "timestamp": "2025-09-18T02:17:23.993996Z", "run_id": "RUN123", "level": "info"}
{"alive": true, "rss_mb": 65.0, "cpu_percent": 0.0, "event": "heartbeat", "timestamp": "2025-09-18T02:18:24.003077Z", "run_id": "RUN123", "level": "info"}
{"alive": true, "rss_mb": 65.0, "cpu_percent": 0.0, "event": "heartbeat", "timestamp": "2025-09-18T02:19:24.016783Z", "run_id": "RUN123", "level": "info"}
Running job "task_wrapper (trigger: interval[0:05:00.485919], next run at: 2025-09-18 04:24:40 CEST)" (scheduled at 2025-09-18 04:19:40.144273+02:00)
{"task": "derivatives_oi", "ts": "2025-09-18T02:19:40.145871Z", "event": "task_start", "timestamp": "2025-09-18T02:19:40.145871Z", "run_id": "RUN123", "level": "info"}
{"symbol": "BTCUSDT", "event": "deriv_cache_hit", "timestamp": "2025-09-18T02:19:40.146871Z", "run_id": "RUN123", "level": "info"}
{"task": "derivatives_oi", "event": "task_ok", "timestamp": "2025-09-18T02:19:40.146871Z", "run_id": "RUN123", "level": "info"}
{"task": "derivatives_oi", "duration": 0.001996, "event": "task_end", "timestamp": "2025-09-18T02:19:40.147867Z", "run_id": "RUN123", "level": "info"}
Job "task_wrapper (trigger: interval[0:05:00.485919], next run at: 2025-09-18 04:24:40 CEST)" executed successfully
{"alive": true, "rss_mb": 65.0, "cpu_percent": 0.0, "event": "heartbeat", "timestamp": "2025-09-18T02:20:24.033215Z", "run_id": "RUN123", "level": "info"}
{"alive": true, "rss_mb": 65.0, "cpu_percent": 0.0, "event": "heartbeat", "timestamp": "2025-09-18T02:21:24.042572Z", "run_id": "RUN123", "level": "info"}
Running job "task_wrapper (trigger: interval[0:30:20.099607], next run at: 2025-09-18 04:52:00 CEST)" (scheduled at 2025-09-18 04:21:40.427923+02:00)
{"task": "onchain_tx", "ts": "2025-09-18T02:21:40.437875Z", "event": "task_start", "timestamp": "2025-09-18T02:21:40.437875Z", "run_id": "RUN123", "level": "info"}
HTTP Request: GET https://api.blockchain.info/q/getblockcount "HTTP/1.1 200 OK"
{"symbol": "BTC", "source": "blockchain.info", "event": "onchain_success", "timestamp": "2025-09-18T02:21:41.014590Z", "run_id": "RUN123", "level": "info"}
{"task": "onchain_tx", "event": "task_ok", "timestamp": "2025-09-18T02:21:41.015573Z", "run_id": "RUN123", "level": "info"}
{"task": "onchain_tx", "duration": 0.577698, "event": "task_end", "timestamp": "2025-09-18T02:21:41.015573Z", "run_id": "RUN123", "level": "info"}
Job "task_wrapper (trigger: interval[0:30:20.099607], next run at: 2025-09-18 04:52:00 CEST)" executed successfully
Running job "task_wrapper (trigger: interval[0:05:03.429341], next run at: 2025-09-18 04:26:47 CEST)" (scheduled at 2025-09-18 04:21:43.769996+02:00)
{"task": "derivatives_lsr", "ts": "2025-09-18T02:21:43.779488Z", "event": "task_start", "timestamp": "2025-09-18T02:21:43.779488Z", "run_id": "RUN123", "level": "info"}
{"symbol": "BTCUSDT", "metric": "long_short_ratio", "event": "deriv_cache_hit", "timestamp": "2025-09-18T02:21:43.779488Z", "run_id": "RUN123", "level": "info"}
{"task": "derivatives_lsr", "event": "task_ok", "timestamp": "2025-09-18T02:21:43.780489Z", "run_id": "RUN123", "level": "info"}
{"task": "derivatives_lsr", "duration": 0.001001, "event": "task_end", "timestamp": "2025-09-18T02:21:43.780489Z", "run_id": "RUN123", "level": "info"}
Job "task_wrapper (trigger: interval[0:05:03.429341], next run at: 2025-09-18 04:26:47 CEST)" executed successfully
Running job "task_wrapper (trigger: interval[0:05:03.685195], next run at: 2025-09-18 04:26:58 CEST)" (scheduled at 2025-09-18 04:21:54.505867+02:00)
{"task": "macro", "ts": "2025-09-18T02:21:54.514950Z", "event": "task_start", "timestamp": "2025-09-18T02:21:54.514950Z", "run_id": "RUN123", "level": "info"}
HTTP Request: GET https://api.coingecko.com/api/v3/coins/bitcoin "HTTP/1.1 200 OK"
{"symbol": "bitcoin", "source": "coingecko", "event": "macro_success", "timestamp": "2025-09-18T02:21:55.100136Z", "run_id": "RUN123", "level": "info"}
{"task": "macro", "event": "task_ok", "timestamp": "2025-09-18T02:21:55.102139Z", "run_id": "RUN123", "level": "info"}
{"task": "macro", "duration": 0.588193, "event": "task_end", "timestamp": "2025-09-18T02:21:55.103143Z", "run_id": "RUN123", "level": "info"}
Job "task_wrapper (trigger: interval[0:05:03.685195], next run at: 2025-09-18 04:26:58 CEST)" executed successfully
{"alive": true, "rss_mb": 66.7, "cpu_percent": 0.0, "event": "heartbeat", "timestamp": "2025-09-18T02:22:24.051731Z", "run_id": "RUN123", "level": "info"}
{"alive": true, "rss_mb": 66.7, "cpu_percent": 0.0, "event": "heartbeat", "timestamp": "2025-09-18T02:23:24.068447Z", "run_id": "RUN123", "level": "info"}
{"alive": true, "rss_mb": 66.7, "cpu_percent": 0.0, "event": "heartbeat", "timestamp": "2025-09-18T02:24:24.082922Z", "run_id": "RUN123", "level": "info"}
Running job "task_wrapper (trigger: interval[0:05:00.485919], next run at: 2025-09-18 04:29:41 CEST)" (scheduled at 2025-09-18 04:24:40.630192+02:00)
{"task": "derivatives_oi", "ts": "2025-09-18T02:24:40.639727Z", "event": "task_start", "timestamp": "2025-09-18T02:24:40.639727Z", "run_id": "RUN123", "level": "info"}
{"symbol": "BTCUSDT", "event": "deriv_cache_hit", "timestamp": "2025-09-18T02:24:40.640728Z", "run_id": "RUN123", "level": "info"}
{"task": "derivatives_oi", "event": "task_ok", "timestamp": "2025-09-18T02:24:40.640728Z", "run_id": "RUN123", "level": "info"}
{"task": "derivatives_oi", "duration": 0.001843, "event": "task_end", "timestamp": "2025-09-18T02:24:40.641570Z", "run_id": "RUN123", "level": "info"}
Job "task_wrapper (trigger: interval[0:05:00.485919], next run at: 2025-09-18 04:29:41 CEST)" executed successfully
{"alive": true, "rss_mb": 66.7, "cpu_percent": 0.0, "event": "heartbeat", "timestamp": "2025-09-18T02:25:24.103143Z", "run_id": "RUN123", "level": "info"}
{"alive": true, "rss_mb": 66.7, "cpu_percent": 0.0, "event": "heartbeat", "timestamp": "2025-09-18T02:26:24.115617Z", "run_id": "RUN123", "level": "info"}
Running job "task_wrapper (trigger: interval[0:31:01.155603], next run at: 2025-09-18 04:57:28 CEST)" (scheduled at 2025-09-18 04:26:27.821899+02:00)
{"task": "onchain_hashrate", "ts": "2025-09-18T02:26:27.833634Z", "event": "task_start", "timestamp": "2025-09-18T02:26:27.833634Z", "run_id": "RUN123", "level": "info"}
HTTP Request: GET https://api.blockchain.info/q/hashrate "HTTP/1.1 200 OK"
{"symbol": "BTC", "source": "blockchain.info", "event": "onchain_success", "timestamp": "2025-09-18T02:26:28.409452Z", "run_id": "RUN123", "level": "info"}
{"task": "onchain_hashrate", "event": "task_ok", "timestamp": "2025-09-18T02:26:28.410449Z", "run_id": "RUN123", "level": "info"}
{"task": "onchain_hashrate", "duration": 0.576815, "event": "task_end", "timestamp": "2025-09-18T02:26:28.410449Z", "run_id": "RUN123", "level": "info"}
Job "task_wrapper (trigger: interval[0:31:01.155603], next run at: 2025-09-18 04:57:28 CEST)" executed successfully
Running job "task_wrapper (trigger: interval[0:05:03.429341], next run at: 2025-09-18 04:31:50 CEST)" (scheduled at 2025-09-18 04:26:47.199337+02:00)
{"task": "derivatives_lsr", "ts": "2025-09-18T02:26:47.205454Z", "event": "task_start", "timestamp": "2025-09-18T02:26:47.205454Z", "run_id": "RUN123", "level": "info"}
{"symbol": "BTCUSDT", "metric": "long_short_ratio", "event": "deriv_cache_hit", "timestamp": "2025-09-18T02:26:47.206455Z", "run_id": "RUN123", "level": "info"}
{"task": "derivatives_lsr", "event": "task_ok", "timestamp": "2025-09-18T02:26:47.206455Z", "run_id": "RUN123", "level": "info"}
{"task": "derivatives_lsr", "duration": 0.001996, "event": "task_end", "timestamp": "2025-09-18T02:26:47.207450Z", "run_id": "RUN123", "level": "info"}
Job "task_wrapper (trigger: interval[0:05:03.429341], next run at: 2025-09-18 04:31:50 CEST)" executed successfully
Running job "task_wrapper (trigger: interval[0:05:03.685195], next run at: 2025-09-18 04:32:01 CEST)" (scheduled at 2025-09-18 04:26:58.191062+02:00)
{"task": "macro", "ts": "2025-09-18T02:26:58.208982Z", "event": "task_start", "timestamp": "2025-09-18T02:26:58.208982Z", "run_id": "RUN123", "level": "info"}
HTTP Request: GET https://api.coingecko.com/api/v3/coins/bitcoin "HTTP/1.1 200 OK"
{"symbol": "bitcoin", "source": "coingecko", "event": "macro_success", "timestamp": "2025-09-18T02:26:58.776363Z", "run_id": "RUN123", "level": "info"}
{"task": "macro", "event": "task_ok", "timestamp": "2025-09-18T02:26:58.778340Z", "run_id": "RUN123", "level": "info"}
{"task": "macro", "duration": 0.569358, "event": "task_end", "timestamp": "2025-09-18T02:26:58.778340Z", "run_id": "RUN123", "level": "info"}
Job "task_wrapper (trigger: interval[0:05:03.685195], next run at: 2025-09-18 04:32:01 CEST)" executed successfully
Running job "task_wrapper (trigger: interval[0:31:05.669810], next run at: 2025-09-18 04:58:05 CEST)" (scheduled at 2025-09-18 04:26:59.422347+02:00)
{"task": "onchain_sopr", "ts": "2025-09-18T02:26:59.430112Z", "event": "task_start", "timestamp": "2025-09-18T02:26:59.430112Z", "run_id": "RUN123", "level": "info"}
{"symbol": "BTC", "event": "onchain_cache_hit", "timestamp": "2025-09-18T02:26:59.431110Z", "run_id": "RUN123", "level": "info"}
{"task": "onchain_sopr", "event": "task_ok", "timestamp": "2025-09-18T02:26:59.432102Z", "run_id": "RUN123", "level": "info"}
{"task": "onchain_sopr", "duration": 0.00299, "event": "task_end", "timestamp": "2025-09-18T02:26:59.433102Z", "run_id": "RUN123", "level": "info"}
Job "task_wrapper (trigger: interval[0:31:05.669810], next run at: 2025-09-18 04:58:05 CEST)" executed successfully
{"alive": true, "rss_mb": 60.8, "cpu_percent": 0.0, "event": "heartbeat", "timestamp": "2025-09-18T02:27:24.128498Z", "run_id": "RUN123", "level": "info"}
Running job "task_wrapper (trigger: interval[0:15:38.637530], next run at: 2025-09-18 04:43:59 CEST)" (scheduled at 2025-09-18 04:28:20.655093+02:00)
{"task": "defillama", "ts": "2025-09-18T02:28:20.683456Z", "event": "task_start", "timestamp": "2025-09-18T02:28:20.683456Z", "run_id": "RUN123", "level": "info"}
{"chain": "ethereum", "event": "defillama_cache_hit", "timestamp": "2025-09-18T02:28:20.683456Z", "run_id": "RUN123", "level": "info"}
{"task": "defillama", "event": "task_ok", "timestamp": "2025-09-18T02:28:20.684458Z", "run_id": "RUN123", "level": "info"}
{"task": "defillama", "duration": 0.001002, "event": "task_end", "timestamp": "2025-09-18T02:28:20.684458Z", "run_id": "RUN123", "level": "info"}
Job "task_wrapper (trigger: interval[0:15:38.637530], next run at: 2025-09-18 04:43:59 CEST)" executed successfully
{"alive": true, "rss_mb": 60.8, "cpu_percent": 0.0, "event": "heartbeat", "timestamp": "2025-09-18T02:28:24.124596Z", "run_id": "RUN123", "level": "info"}
{"alive": true, "rss_mb": 60.8, "cpu_percent": 0.0, "event": "heartbeat", "timestamp": "2025-09-18T02:29:24.139208Z", "run_id": "RUN123", "level": "info"}
Running job "task_wrapper (trigger: interval[0:05:00.485919], next run at: 2025-09-18 04:34:41 CEST)" (scheduled at 2025-09-18 04:29:41.116111+02:00)
{"task": "derivatives_oi", "ts": "2025-09-18T02:29:41.124090Z", "event": "task_start", "timestamp": "2025-09-18T02:29:41.124090Z", "run_id": "RUN123", "level": "info"}
{"symbol": "BTCUSDT", "event": "deriv_cache_hit", "timestamp": "2025-09-18T02:29:41.125091Z", "run_id": "RUN123", "level": "info"}
{"task": "derivatives_oi", "event": "task_ok", "timestamp": "2025-09-18T02:29:41.126091Z", "run_id": "RUN123", "level": "info"}
{"task": "derivatives_oi", "duration": 0.002001, "event": "task_end", "timestamp": "2025-09-18T02:29:41.126091Z", "run_id": "RUN123", "level": "info"}
Job "task_wrapper (trigger: interval[0:05:00.485919], next run at: 2025-09-18 04:34:41 CEST)" executed successfully
{"alive": true, "rss_mb": 60.8, "cpu_percent": 0.0, "event": "heartbeat", "timestamp": "2025-09-18T02:30:24.155516Z", "run_id": "RUN123", "level": "info"}
{"alive": true, "rss_mb": 60.8, "cpu_percent": 0.0, "event": "heartbeat", "timestamp": "2025-09-18T02:31:24.171908Z", "run_id": "RUN123", "level": "info"}
Running job "task_wrapper (trigger: interval[0:05:03.429341], next run at: 2025-09-18 04:36:54 CEST)" (scheduled at 2025-09-18 04:31:50.628678+02:00)
{"task": "derivatives_lsr", "ts": "2025-09-18T02:31:50.644662Z", "event": "task_start", "timestamp": "2025-09-18T02:31:50.644662Z", "run_id": "RUN123", "level": "info"}
{"symbol": "BTCUSDT", "metric": "long_short_ratio", "event": "deriv_cache_hit", "timestamp": "2025-09-18T02:31:50.645659Z", "run_id": "RUN123", "level": "info"}
{"task": "derivatives_lsr", "event": "task_ok", "timestamp": "2025-09-18T02:31:50.646656Z", "run_id": "RUN123", "level": "info"}
{"task": "derivatives_lsr", "duration": 0.002997, "event": "task_end", "timestamp": "2025-09-18T02:31:50.647659Z", "run_id": "RUN123", "level": "info"}
Job "task_wrapper (trigger: interval[0:05:03.429341], next run at: 2025-09-18 04:36:54 CEST)" executed successfully
Running job "task_wrapper (trigger: interval[0:05:03.685195], next run at: 2025-09-18 04:37:05 CEST)" (scheduled at 2025-09-18 04:32:01.876257+02:00)
{"task": "macro", "ts": "2025-09-18T02:32:01.888682Z", "event": "task_start", "timestamp": "2025-09-18T02:32:01.888682Z", "run_id": "RUN123", "level": "info"}
HTTP Request: GET https://api.coingecko.com/api/v3/coins/bitcoin "HTTP/1.1 200 OK"
{"symbol": "bitcoin", "source": "coingecko", "event": "macro_success", "timestamp": "2025-09-18T02:32:02.513836Z", "run_id": "RUN123", "level": "info"}
{"task": "macro", "event": "task_ok", "timestamp": "2025-09-18T02:32:02.517836Z", "run_id": "RUN123", "level": "info"}
{"task": "macro", "duration": 0.629154, "event": "task_end", "timestamp": "2025-09-18T02:32:02.517836Z", "run_id": "RUN123", "level": "info"}
Job "task_wrapper (trigger: interval[0:05:03.685195], next run at: 2025-09-18 04:37:05 CEST)" executed successfully
{"alive": true, "rss_mb": 61.3, "cpu_percent": 0.0, "event": "heartbeat", "timestamp": "2025-09-18T02:32:24.175547Z", "run_id": "RUN123", "level": "info"}
{"alive": true, "rss_mb": 61.3, "cpu_percent": 0.0, "event": "heartbeat", "timestamp": "2025-09-18T02:33:24.186929Z", "run_id": "RUN123", "level": "info"}
{"alive": true, "rss_mb": 61.3, "cpu_percent": 0.0, "event": "heartbeat", "timestamp": "2025-09-18T02:34:24.199927Z", "run_id": "RUN123", "level": "info"}
Running job "task_wrapper (trigger: interval[0:05:00.485919], next run at: 2025-09-18 04:39:42 CEST)" (scheduled at 2025-09-18 04:34:41.602030+02:00)
{"task": "derivatives_oi", "ts": "2025-09-18T02:34:41.618642Z", "event": "task_start", "timestamp": "2025-09-18T02:34:41.618642Z", "run_id": "RUN123", "level": "info"}
{"symbol": "BTCUSDT", "event": "deriv_cache_hit", "timestamp": "2025-09-18T02:34:41.619642Z", "run_id": "RUN123", "level": "info"}
{"task": "derivatives_oi", "event": "task_ok", "timestamp": "2025-09-18T02:34:41.619642Z", "run_id": "RUN123", "level": "info"}
{"task": "derivatives_oi", "duration": 0.001996, "event": "task_end", "timestamp": "2025-09-18T02:34:41.620638Z", "run_id": "RUN123", "level": "info"}
Job "task_wrapper (trigger: interval[0:05:00.485919], next run at: 2025-09-18 04:39:42 CEST)" executed successfully
{"alive": true, "rss_mb": 61.3, "cpu_percent": 0.0, "event": "heartbeat", "timestamp": "2025-09-18T02:35:24.215846Z", "run_id": "RUN123", "level": "info"}
{"alive": true, "rss_mb": 61.3, "cpu_percent": 0.0, "event": "heartbeat", "timestamp": "2025-09-18T02:36:24.221540Z", "run_id": "RUN123", "level": "info"}
Running job "task_wrapper (trigger: interval[0:05:03.429341], next run at: 2025-09-18 04:41:57 CEST)" (scheduled at 2025-09-18 04:36:54.058019+02:00)
{"task": "derivatives_lsr", "ts": "2025-09-18T02:36:54.073710Z", "event": "task_start", "timestamp": "2025-09-18T02:36:54.073710Z", "run_id": "RUN123", "level": "info"}
{"symbol": "BTCUSDT", "metric": "long_short_ratio", "event": "deriv_cache_hit", "timestamp": "2025-09-18T02:36:54.074706Z", "run_id": "RUN123", "level": "info"}
{"task": "derivatives_lsr", "event": "task_ok", "timestamp": "2025-09-18T02:36:54.075708Z", "run_id": "RUN123", "level": "info"}
{"task": "derivatives_lsr", "duration": 0.001998, "event": "task_end", "timestamp": "2025-09-18T02:36:54.075708Z", "run_id": "RUN123", "level": "info"}
Job "task_wrapper (trigger: interval[0:05:03.429341], next run at: 2025-09-18 04:41:57 CEST)" executed successfully
Running job "task_wrapper (trigger: interval[0:05:03.685195], next run at: 2025-09-18 04:42:09 CEST)" (scheduled at 2025-09-18 04:37:05.561452+02:00)
{"task": "macro", "ts": "2025-09-18T02:37:05.567595Z", "event": "task_start", "timestamp": "2025-09-18T02:37:05.567595Z", "run_id": "RUN123", "level": "info"}
HTTP Request: GET https://api.coingecko.com/api/v3/coins/bitcoin "HTTP/1.1 200 OK"
{"symbol": "bitcoin", "source": "coingecko", "event": "macro_success", "timestamp": "2025-09-18T02:37:06.148599Z", "run_id": "RUN123", "level": "info"}
{"task": "macro", "event": "task_ok", "timestamp": "2025-09-18T02:37:06.149599Z", "run_id": "RUN123", "level": "info"}
{"task": "macro", "duration": 0.583008, "event": "task_end", "timestamp": "2025-09-18T02:37:06.150603Z", "run_id": "RUN123", "level": "info"}
Job "task_wrapper (trigger: interval[0:05:03.685195], next run at: 2025-09-18 04:42:09 CEST)" executed successfully
{"alive": true, "rss_mb": 61.3, "cpu_percent": 0.0, "event": "heartbeat", "timestamp": "2025-09-18T02:37:24.228315Z", "run_id": "RUN123", "level": "info"}
{"alive": true, "rss_mb": 61.3, "cpu_percent": 0.0, "event": "heartbeat", "timestamp": "2025-09-18T02:38:24.240976Z", "run_id": "RUN123", "level": "info"}
{"alive": true, "rss_mb": 61.3, "cpu_percent": 0.0, "event": "heartbeat", "timestamp": "2025-09-18T02:39:24.256069Z", "run_id": "RUN123", "level": "info"}
Running job "task_wrapper (trigger: interval[0:05:00.485919], next run at: 2025-09-18 04:44:42 CEST)" (scheduled at 2025-09-18 04:39:42.087949+02:00)
{"task": "derivatives_oi", "ts": "2025-09-18T02:39:42.104328Z", "event": "task_start", "timestamp": "2025-09-18T02:39:42.104328Z", "run_id": "RUN123", "level": "info"}
{"symbol": "BTCUSDT", "event": "deriv_cache_hit", "timestamp": "2025-09-18T02:39:42.105332Z", "run_id": "RUN123", "level": "info"}
{"task": "derivatives_oi", "event": "task_ok", "timestamp": "2025-09-18T02:39:42.105332Z", "run_id": "RUN123", "level": "info"}
{"task": "derivatives_oi", "duration": 0.001997, "event": "task_end", "timestamp": "2025-09-18T02:39:42.106325Z", "run_id": "RUN123", "level": "info"}
Job "task_wrapper (trigger: interval[0:05:00.485919], next run at: 2025-09-18 04:44:42 CEST)" executed successfully
{"alive": true, "rss_mb": 61.3, "cpu_percent": 0.0, "event": "heartbeat", "timestamp": "2025-09-18T02:40:24.261282Z", "run_id": "RUN123", "level": "info"}
{"alive": true, "rss_mb": 61.3, "cpu_percent": 0.0, "event": "heartbeat", "timestamp": "2025-09-18T02:41:24.277148Z", "run_id": "RUN123", "level": "info"}
Running job "task_wrapper (trigger: interval[0:05:03.429341], next run at: 2025-09-18 04:47:00 CEST)" (scheduled at 2025-09-18 04:41:57.487360+02:00)
{"task": "derivatives_lsr", "ts": "2025-09-18T02:41:57.495362Z", "event": "task_start", "timestamp": "2025-09-18T02:41:57.495362Z", "run_id": "RUN123", "level": "info"}
{"symbol": "BTCUSDT", "metric": "long_short_ratio", "event": "deriv_cache_hit", "timestamp": "2025-09-18T02:41:57.495362Z", "run_id": "RUN123", "level": "info"}
{"task": "derivatives_lsr", "event": "task_ok", "timestamp": "2025-09-18T02:41:57.496367Z", "run_id": "RUN123", "level": "info"}
{"task": "derivatives_lsr", "duration": 0.001005, "event": "task_end", "timestamp": "2025-09-18T02:41:57.496367Z", "run_id": "RUN123", "level": "info"}
Job "task_wrapper (trigger: interval[0:05:03.429341], next run at: 2025-09-18 04:47:00 CEST)" executed successfully
Running job "task_wrapper (trigger: interval[0:05:03.685195], next run at: 2025-09-18 04:47:12 CEST)" (scheduled at 2025-09-18 04:42:09.246647+02:00)
{"task": "macro", "ts": "2025-09-18T02:42:09.255005Z", "event": "task_start", "timestamp": "2025-09-18T02:42:09.255005Z", "run_id": "RUN123", "level": "info"}
HTTP Request: GET https://api.coingecko.com/api/v3/coins/bitcoin "HTTP/1.1 200 OK"
{"symbol": "bitcoin", "source": "coingecko", "event": "macro_success", "timestamp": "2025-09-18T02:42:09.885638Z", "run_id": "RUN123", "level": "info"}
{"task": "macro", "event": "task_ok", "timestamp": "2025-09-18T02:42:09.886645Z", "run_id": "RUN123", "level": "info"}
{"task": "macro", "duration": 0.632635, "event": "task_end", "timestamp": "2025-09-18T02:42:09.887640Z", "run_id": "RUN123", "level": "info"}
Job "task_wrapper (trigger: interval[0:05:03.685195], next run at: 2025-09-18 04:47:12 CEST)" executed successfully
{"alive": true, "rss_mb": 61.6, "cpu_percent": 0.0, "event": "heartbeat", "timestamp": "2025-09-18T02:42:24.274775Z", "run_id": "RUN123", "level": "info"}
{"alive": true, "rss_mb": 61.6, "cpu_percent": 0.0, "event": "heartbeat", "timestamp": "2025-09-18T02:43:24.287581Z", "run_id": "RUN123", "level": "info"}
Running job "task_wrapper (trigger: interval[0:15:38.637530], next run at: 2025-09-18 04:59:37 CEST)" (scheduled at 2025-09-18 04:43:59.292623+02:00)
{"task": "defillama", "ts": "2025-09-18T02:43:59.301396Z", "event": "task_start", "timestamp": "2025-09-18T02:43:59.301396Z", "run_id": "RUN123", "level": "info"}
{"chain": "ethereum", "event": "defillama_cache_hit", "timestamp": "2025-09-18T02:43:59.301956Z", "run_id": "RUN123", "level": "info"}
{"task": "defillama", "event": "task_ok", "timestamp": "2025-09-18T02:43:59.302528Z", "run_id": "RUN123", "level": "info"}
{"task": "defillama", "duration": 0.001702, "event": "task_end", "timestamp": "2025-09-18T02:43:59.303098Z", "run_id": "RUN123", "level": "info"}
Job "task_wrapper (trigger: interval[0:15:38.637530], next run at: 2025-09-18 04:59:37 CEST)" executed successfully
{"alive": true, "rss_mb": 61.6, "cpu_percent": 0.0, "event": "heartbeat", "timestamp": "2025-09-18T02:44:24.292312Z", "run_id": "RUN123", "level": "info"}
Running job "task_wrapper (trigger: interval[0:05:00.485919], next run at: 2025-09-18 04:49:43 CEST)" (scheduled at 2025-09-18 04:44:42.573868+02:00)
{"task": "derivatives_oi", "ts": "2025-09-18T02:44:42.598009Z", "event": "task_start", "timestamp": "2025-09-18T02:44:42.598009Z", "run_id": "RUN123", "level": "info"}
{"symbol": "BTCUSDT", "event": "deriv_cache_hit", "timestamp": "2025-09-18T02:44:42.599003Z", "run_id": "RUN123", "level": "info"}
{"task": "derivatives_oi", "event": "task_ok", "timestamp": "2025-09-18T02:44:42.600004Z", "run_id": "RUN123", "level": "info"}
{"task": "derivatives_oi", "duration": 0.001995, "event": "task_end", "timestamp": "2025-09-18T02:44:42.600004Z", "run_id": "RUN123", "level": "info"}
Job "task_wrapper (trigger: interval[0:05:00.485919], next run at: 2025-09-18 04:49:43 CEST)" executed successfully
{"alive": true, "rss_mb": 61.6, "cpu_percent": 0.0, "event": "heartbeat", "timestamp": "2025-09-18T02:45:24.299666Z", "run_id": "RUN123", "level": "info"}
{"alive": true, "rss_mb": 61.6, "cpu_percent": 0.0, "event": "heartbeat", "timestamp": "2025-09-18T02:46:24.312166Z", "run_id": "RUN123", "level": "info"}
Running job "task_wrapper (trigger: interval[0:05:03.429341], next run at: 2025-09-18 04:52:04 CEST)" (scheduled at 2025-09-18 04:47:00.916701+02:00)
{"task": "derivatives_lsr", "ts": "2025-09-18T02:47:00.945542Z", "event": "task_start", "timestamp": "2025-09-18T02:47:00.945542Z", "run_id": "RUN123", "level": "info"}
{"symbol": "BTCUSDT", "metric": "long_short_ratio", "event": "deriv_cache_hit", "timestamp": "2025-09-18T02:47:00.945542Z", "run_id": "RUN123", "level": "info"}
{"task": "derivatives_lsr", "event": "task_ok", "timestamp": "2025-09-18T02:47:00.946564Z", "run_id": "RUN123", "level": "info"}
{"task": "derivatives_lsr", "duration": 0.001022, "event": "task_end", "timestamp": "2025-09-18T02:47:00.946564Z", "run_id": "RUN123", "level": "info"}
Job "task_wrapper (trigger: interval[0:05:03.429341], next run at: 2025-09-18 04:52:04 CEST)" executed successfully
Running job "task_wrapper (trigger: interval[0:05:03.685195], next run at: 2025-09-18 04:52:16 CEST)" (scheduled at 2025-09-18 04:47:12.931842+02:00)
{"task": "macro", "ts": "2025-09-18T02:47:12.944529Z", "event": "task_start", "timestamp": "2025-09-18T02:47:12.944529Z", "run_id": "RUN123", "level": "info"}
HTTP Request: GET https://api.coingecko.com/api/v3/coins/bitcoin "HTTP/1.1 200 OK"
{"symbol": "bitcoin", "source": "coingecko", "event": "macro_success", "timestamp": "2025-09-18T02:47:13.488321Z", "run_id": "RUN123", "level": "info"}
{"task": "macro", "event": "task_ok", "timestamp": "2025-09-18T02:47:13.489322Z", "run_id": "RUN123", "level": "info"}
{"task": "macro", "duration": 0.545818, "event": "task_end", "timestamp": "2025-09-18T02:47:13.490347Z", "run_id": "RUN123", "level": "info"}
Job "task_wrapper (trigger: interval[0:05:03.685195], next run at: 2025-09-18 04:52:16 CEST)" executed successfully
{"alive": true, "rss_mb": 62.1, "cpu_percent": 0.0, "event": "heartbeat", "timestamp": "2025-09-18T02:47:24.317057Z", "run_id": "RUN123", "level": "info"}
{"alive": true, "rss_mb": 62.1, "cpu_percent": 0.0, "event": "heartbeat", "timestamp": "2025-09-18T02:48:24.320720Z", "run_id": "RUN123", "level": "info"}
{"alive": true, "rss_mb": 62.1, "cpu_percent": 0.0, "event": "heartbeat", "timestamp": "2025-09-18T02:49:24.323633Z", "run_id": "RUN123", "level": "info"}
Running job "task_wrapper (trigger: interval[0:05:00.485919], next run at: 2025-09-18 04:54:43 CEST)" (scheduled at 2025-09-18 04:49:43.059787+02:00)
{"task": "derivatives_oi", "ts": "2025-09-18T02:49:43.067879Z", "event": "task_start", "timestamp": "2025-09-18T02:49:43.067879Z", "run_id": "RUN123", "level": "info"}
{"symbol": "BTCUSDT", "event": "deriv_cache_hit", "timestamp": "2025-09-18T02:49:43.068845Z", "run_id": "RUN123", "level": "info"}
{"task": "derivatives_oi", "event": "task_ok", "timestamp": "2025-09-18T02:49:43.069847Z", "run_id": "RUN123", "level": "info"}
{"task": "derivatives_oi", "duration": 0.001968, "event": "task_end", "timestamp": "2025-09-18T02:49:43.069847Z", "run_id": "RUN123", "level": "info"}
Job "task_wrapper (trigger: interval[0:05:00.485919], next run at: 2025-09-18 04:54:43 CEST)" executed successfully
Running job "task_wrapper (trigger: interval[1:00:12.398608], next run at: 2025-09-18 05:50:21 CEST)" (scheduled at 2025-09-18 04:50:09.333109+02:00)
{"task": "sentiment_fg", "ts": "2025-09-18T02:50:09.353517Z", "event": "task_start", "timestamp": "2025-09-18T02:50:09.353517Z", "run_id": "RUN123", "level": "info"}
HTTP Request: GET https://api.alternative.me/fng/ "HTTP/1.1 200 OK"
{"metric": "fear_greed", "source": "alternative.me", "event": "sentiment_success", "timestamp": "2025-09-18T02:50:10.210606Z", "run_id": "RUN123", "level": "info"}
{"task": "sentiment_fg", "event": "task_ok", "timestamp": "2025-09-18T02:50:10.211068Z", "run_id": "RUN123", "level": "info"}
{"task": "sentiment_fg", "duration": 0.858562, "event": "task_end", "timestamp": "2025-09-18T02:50:10.212079Z", "run_id": "RUN123", "level": "info"}
Job "task_wrapper (trigger: interval[1:00:12.398608], next run at: 2025-09-18 05:50:21 CEST)" executed successfully
{"alive": true, "rss_mb": 62.1, "cpu_percent": 0.0, "event": "heartbeat", "timestamp": "2025-09-18T02:50:24.326270Z", "run_id": "RUN123", "level": "info"}
{"alive": true, "rss_mb": 62.1, "cpu_percent": 0.0, "event": "heartbeat", "timestamp": "2025-09-18T02:51:24.337046Z", "run_id": "RUN123", "level": "info"}
Running job "task_wrapper (trigger: interval[0:30:20.099607], next run at: 2025-09-18 05:22:20 CEST)" (scheduled at 2025-09-18 04:52:00.527530+02:00)
{"task": "onchain_tx", "ts": "2025-09-18T02:52:00.540681Z", "event": "task_start", "timestamp": "2025-09-18T02:52:00.540681Z", "run_id": "RUN123", "level": "info"}
HTTP Request: GET https://api.blockchain.info/q/getblockcount "HTTP/1.1 200 OK"
{"symbol": "BTC", "source": "blockchain.info", "event": "onchain_success", "timestamp": "2025-09-18T02:52:01.162119Z", "run_id": "RUN123", "level": "info"}
{"task": "onchain_tx", "event": "task_ok", "timestamp": "2025-09-18T02:52:01.163118Z", "run_id": "RUN123", "level": "info"}
{"task": "onchain_tx", "duration": 0.623437, "event": "task_end", "timestamp": "2025-09-18T02:52:01.164118Z", "run_id": "RUN123", "level": "info"}
Job "task_wrapper (trigger: interval[0:30:20.099607], next run at: 2025-09-18 05:22:20 CEST)" executed successfully
Running job "task_wrapper (trigger: interval[0:05:03.429341], next run at: 2025-09-18 04:57:07 CEST)" (scheduled at 2025-09-18 04:52:04.346042+02:00)
{"task": "derivatives_lsr", "ts": "2025-09-18T02:52:04.361404Z", "event": "task_start", "timestamp": "2025-09-18T02:52:04.361404Z", "run_id": "RUN123", "level": "info"}
{"symbol": "BTCUSDT", "metric": "long_short_ratio", "event": "deriv_cache_hit", "timestamp": "2025-09-18T02:52:04.361404Z", "run_id": "RUN123", "level": "info"}
{"task": "derivatives_lsr", "event": "task_ok", "timestamp": "2025-09-18T02:52:04.362408Z", "run_id": "RUN123", "level": "info"}
{"task": "derivatives_lsr", "duration": 0.002003, "event": "task_end", "timestamp": "2025-09-18T02:52:04.363407Z", "run_id": "RUN123", "level": "info"}
Job "task_wrapper (trigger: interval[0:05:03.429341], next run at: 2025-09-18 04:57:07 CEST)" executed successfully
Running job "task_wrapper (trigger: interval[0:05:03.685195], next run at: 2025-09-18 04:57:20 CEST)" (scheduled at 2025-09-18 04:52:16.617037+02:00)
{"task": "macro", "ts": "2025-09-18T02:52:16.626333Z", "event": "task_start", "timestamp": "2025-09-18T02:52:16.626333Z", "run_id": "RUN123", "level": "info"}
HTTP Request: GET https://api.coingecko.com/api/v3/coins/bitcoin "HTTP/1.1 200 OK"
{"symbol": "bitcoin", "source": "coingecko", "event": "macro_success", "timestamp": "2025-09-18T02:52:17.164627Z", "run_id": "RUN123", "level": "info"}
{"task": "macro", "event": "task_ok", "timestamp": "2025-09-18T02:52:17.165628Z", "run_id": "RUN123", "level": "info"}
{"task": "macro", "duration": 0.540279, "event": "task_end", "timestamp": "2025-09-18T02:52:17.166612Z", "run_id": "RUN123", "level": "info"}
Job "task_wrapper (trigger: interval[0:05:03.685195], next run at: 2025-09-18 04:57:20 CEST)" executed successfully
{"alive": true, "rss_mb": 62.4, "cpu_percent": 0.0, "event": "heartbeat", "timestamp": "2025-09-18T02:52:24.349129Z", "run_id": "RUN123", "level": "info"}
{"alive": true, "rss_mb": 62.4, "cpu_percent": 0.0, "event": "heartbeat", "timestamp": "2025-09-18T02:53:24.364928Z", "run_id": "RUN123", "level": "info"}
{"alive": true, "rss_mb": 62.4, "cpu_percent": 0.0, "event": "heartbeat", "timestamp": "2025-09-18T02:54:24.354812Z", "run_id": "RUN123", "level": "info"}
Running job "task_wrapper (trigger: interval[0:05:00.485919], next run at: 2025-09-18 04:59:44 CEST)" (scheduled at 2025-09-18 04:54:43.545706+02:00)
{"task": "derivatives_oi", "ts": "2025-09-18T02:54:43.556295Z", "event": "task_start", "timestamp": "2025-09-18T02:54:43.556295Z", "run_id": "RUN123", "level": "info"}
{"symbol": "BTCUSDT", "event": "deriv_cache_hit", "timestamp": "2025-09-18T02:54:43.557294Z", "run_id": "RUN123", "level": "info"}
{"task": "derivatives_oi", "event": "task_ok", "timestamp": "2025-09-18T02:54:43.557294Z", "run_id": "RUN123", "level": "info"}
{"task": "derivatives_oi", "duration": 0.001997, "event": "task_end", "timestamp": "2025-09-18T02:54:43.558292Z", "run_id": "RUN123", "level": "info"}
Job "task_wrapper (trigger: interval[0:05:00.485919], next run at: 2025-09-18 04:59:44 CEST)" executed successfully
{"alive": true, "rss_mb": 62.4, "cpu_percent": 0.0, "event": "heartbeat", "timestamp": "2025-09-18T02:55:24.358472Z", "run_id": "RUN123", "level": "info"}
{"alive": true, "rss_mb": 62.4, "cpu_percent": 0.0, "event": "heartbeat", "timestamp": "2025-09-18T02:56:24.368502Z", "run_id": "RUN123", "level": "info"}
Running job "task_wrapper (trigger: interval[0:05:03.429341], next run at: 2025-09-18 05:02:11 CEST)" (scheduled at 2025-09-18 04:57:07.775383+02:00)
{"task": "derivatives_lsr", "ts": "2025-09-18T02:57:07.794789Z", "event": "task_start", "timestamp": "2025-09-18T02:57:07.794789Z", "run_id": "RUN123", "level": "info"}
{"symbol": "BTCUSDT", "metric": "long_short_ratio", "event": "deriv_cache_hit", "timestamp": "2025-09-18T02:57:07.795786Z", "run_id": "RUN123", "level": "info"}
{"task": "derivatives_lsr", "event": "task_ok", "timestamp": "2025-09-18T02:57:07.795786Z", "run_id": "RUN123", "level": "info"}
{"task": "derivatives_lsr", "duration": 0.001997, "event": "task_end", "timestamp": "2025-09-18T02:57:07.796786Z", "run_id": "RUN123", "level": "info"}
Job "task_wrapper (trigger: interval[0:05:03.429341], next run at: 2025-09-18 05:02:11 CEST)" executed successfully
Running job "task_wrapper (trigger: interval[0:05:03.685195], next run at: 2025-09-18 05:02:23 CEST)" (scheduled at 2025-09-18 04:57:20.302232+02:00)
{"task": "macro", "ts": "2025-09-18T02:57:20.309872Z", "event": "task_start", "timestamp": "2025-09-18T02:57:20.309872Z", "run_id": "RUN123", "level": "info"}
HTTP Request: GET https://api.coingecko.com/api/v3/coins/bitcoin "HTTP/1.1 200 OK"
{"symbol": "bitcoin", "source": "coingecko", "event": "macro_success", "timestamp": "2025-09-18T02:57:20.878284Z", "run_id": "RUN123", "level": "info"}
{"task": "macro", "event": "task_ok", "timestamp": "2025-09-18T02:57:20.879286Z", "run_id": "RUN123", "level": "info"}
{"task": "macro", "duration": 0.570417, "event": "task_end", "timestamp": "2025-09-18T02:57:20.880289Z", "run_id": "RUN123", "level": "info"}
Job "task_wrapper (trigger: interval[0:05:03.685195], next run at: 2025-09-18 05:02:23 CEST)" executed successfully
{"alive": true, "rss_mb": 62.5, "cpu_percent": 0.0, "event": "heartbeat", "timestamp": "2025-09-18T02:57:24.386178Z", "run_id": "RUN123", "level": "info"}
Running job "task_wrapper (trigger: interval[0:31:01.155603], next run at: 2025-09-18 05:28:30 CEST)" (scheduled at 2025-09-18 04:57:28.977502+02:00)
{"task": "onchain_hashrate", "ts": "2025-09-18T02:57:28.979819Z", "event": "task_start", "timestamp": "2025-09-18T02:57:28.979819Z", "run_id": "RUN123", "level": "info"}
HTTP Request: GET https://api.blockchain.info/q/hashrate "HTTP/1.1 200 OK"
{"symbol": "BTC", "source": "blockchain.info", "event": "onchain_success", "timestamp": "2025-09-18T02:57:29.559679Z", "run_id": "RUN123", "level": "info"}
{"task": "onchain_hashrate", "event": "task_ok", "timestamp": "2025-09-18T02:57:29.561684Z", "run_id": "RUN123", "level": "info"}
{"task": "onchain_hashrate", "duration": 0.582862, "event": "task_end", "timestamp": "2025-09-18T02:57:29.562681Z", "run_id": "RUN123", "level": "info"}
Job "task_wrapper (trigger: interval[0:31:01.155603], next run at: 2025-09-18 05:28:30 CEST)" executed successfully
Running job "task_wrapper (trigger: interval[0:31:05.669810], next run at: 2025-09-18 05:29:10 CEST)" (scheduled at 2025-09-18 04:58:05.092157+02:00)
{"task": "onchain_sopr", "ts": "2025-09-18T02:58:05.108538Z", "event": "task_start", "timestamp": "2025-09-18T02:58:05.108538Z", "run_id": "RUN123", "level": "info"}
{"symbol": "BTC", "event": "onchain_cache_hit", "timestamp": "2025-09-18T02:58:05.108538Z", "run_id": "RUN123", "level": "info"}
{"task": "onchain_sopr", "event": "task_ok", "timestamp": "2025-09-18T02:58:05.109529Z", "run_id": "RUN123", "level": "info"}
{"task": "onchain_sopr", "duration": 0.000991, "event": "task_end", "timestamp": "2025-09-18T02:58:05.109529Z", "run_id": "RUN123", "level": "info"}
Job "task_wrapper (trigger: interval[0:31:05.669810], next run at: 2025-09-18 05:29:10 CEST)" executed successfully
{"alive": true, "rss_mb": 62.6, "cpu_percent": 0.0, "event": "heartbeat", "timestamp": "2025-09-18T02:58:24.397527Z", "run_id": "RUN123", "level": "info"}
{"alive": true, "rss_mb": 62.6, "cpu_percent": 0.0, "event": "heartbeat", "timestamp": "2025-09-18T02:59:24.412919Z", "run_id": "RUN123", "level": "info"}
Running job "task_wrapper (trigger: interval[0:15:38.637530], next run at: 2025-09-18 05:15:16 CEST)" (scheduled at 2025-09-18 04:59:37.930153+02:00)
{"task": "defillama", "ts": "2025-09-18T02:59:37.955987Z", "event": "task_start", "timestamp": "2025-09-18T02:59:37.955987Z", "run_id": "RUN123", "level": "info"}
{"chain": "ethereum", "event": "defillama_cache_hit", "timestamp": "2025-09-18T02:59:37.955987Z", "run_id": "RUN123", "level": "info"}
{"task": "defillama", "event": "task_ok", "timestamp": "2025-09-18T02:59:37.957019Z", "run_id": "RUN123", "level": "info"}
{"task": "defillama", "duration": 0.001032, "event": "task_end", "timestamp": "2025-09-18T02:59:37.957019Z", "run_id": "RUN123", "level": "info"}
Job "task_wrapper (trigger: interval[0:15:38.637530], next run at: 2025-09-18 05:15:16 CEST)" executed successfully
Running job "task_wrapper (trigger: interval[0:05:00.485919], next run at: 2025-09-18 05:04:44 CEST)" (scheduled at 2025-09-18 04:59:44.031625+02:00)
{"task": "derivatives_oi", "ts": "2025-09-18T02:59:44.044245Z", "event": "task_start", "timestamp": "2025-09-18T02:59:44.044245Z", "run_id": "RUN123", "level": "info"}
{"symbol": "BTCUSDT", "event": "deriv_cache_hit", "timestamp": "2025-09-18T02:59:44.045247Z", "run_id": "RUN123", "level": "info"}
{"task": "derivatives_oi", "event": "task_ok", "timestamp": "2025-09-18T02:59:44.045247Z", "run_id": "RUN123", "level": "info"}
{"task": "derivatives_oi", "duration": 0.001994, "event": "task_end", "timestamp": "2025-09-18T02:59:44.046239Z", "run_id": "RUN123", "level": "info"}
Job "task_wrapper (trigger: interval[0:05:00.485919], next run at: 2025-09-18 05:04:44 CEST)" executed successfully
{"alive": true, "rss_mb": 62.6, "cpu_percent": 0.0, "event": "heartbeat", "timestamp": "2025-09-18T03:00:24.416498Z", "run_id": "RUN123", "level": "info"}
{"alive": true, "rss_mb": 62.6, "cpu_percent": 0.0, "event": "heartbeat", "timestamp": "2025-09-18T03:01:24.431854Z", "run_id": "RUN123", "level": "info"}
Running job "task_wrapper (trigger: interval[0:05:03.429341], next run at: 2025-09-18 05:07:14 CEST)" (scheduled at 2025-09-18 05:02:11.204724+02:00)
{"task": "derivatives_lsr", "ts": "2025-09-18T03:02:11.217759Z", "event": "task_start", "timestamp": "2025-09-18T03:02:11.217759Z", "run_id": "RUN123", "level": "info"}
{"symbol": "BTCUSDT", "metric": "long_short_ratio", "event": "deriv_cache_hit", "timestamp": "2025-09-18T03:02:11.218747Z", "run_id": "RUN123", "level": "info"}
{"task": "derivatives_lsr", "event": "task_ok", "timestamp": "2025-09-18T03:02:11.219189Z", "run_id": "RUN123", "level": "info"}
{"task": "derivatives_lsr", "duration": 0.00143, "event": "task_end", "timestamp": "2025-09-18T03:02:11.219189Z", "run_id": "RUN123", "level": "info"}
Job "task_wrapper (trigger: interval[0:05:03.429341], next run at: 2025-09-18 05:07:14 CEST)" executed successfully
Running job "task_wrapper (trigger: interval[0:05:03.685195], next run at: 2025-09-18 05:07:27 CEST)" (scheduled at 2025-09-18 05:02:23.987427+02:00)
{"task": "macro", "ts": "2025-09-18T03:02:24.003101Z", "event": "task_start", "timestamp": "2025-09-18T03:02:24.004089Z", "run_id": "RUN123", "level": "info"}
{"alive": true, "rss_mb": 62.9, "cpu_percent": 0.0, "event": "heartbeat", "timestamp": "2025-09-18T03:02:24.550753Z", "run_id": "RUN123", "level": "info"}
HTTP Request: GET https://api.coingecko.com/api/v3/coins/bitcoin "HTTP/1.1 200 OK"
{"symbol": "bitcoin", "source": "coingecko", "event": "macro_success", "timestamp": "2025-09-18T03:02:24.681747Z", "run_id": "RUN123", "level": "info"}
{"task": "macro", "event": "task_ok", "timestamp": "2025-09-18T03:02:24.683036Z", "run_id": "RUN123", "level": "info"}
{"task": "macro", "duration": 0.679935, "event": "task_end", "timestamp": "2025-09-18T03:02:24.683036Z", "run_id": "RUN123", "level": "info"}
Job "task_wrapper (trigger: interval[0:05:03.685195], next run at: 2025-09-18 05:07:27 CEST)" executed successfully
{"alive": true, "rss_mb": 63.0, "cpu_percent": 0.0, "event": "heartbeat", "timestamp": "2025-09-18T03:03:24.555125Z", "run_id": "RUN123", "level": "info"}
{"alive": true, "rss_mb": 63.0, "cpu_percent": 0.0, "event": "heartbeat", "timestamp": "2025-09-18T03:04:24.556968Z", "run_id": "RUN123", "level": "info"}
Running job "task_wrapper (trigger: interval[0:05:00.485919], next run at: 2025-09-18 05:09:45 CEST)" (scheduled at 2025-09-18 05:04:44.517544+02:00)
{"task": "derivatives_oi", "ts": "2025-09-18T03:04:44.543450Z", "event": "task_start", "timestamp": "2025-09-18T03:04:44.543450Z", "run_id": "RUN123", "level": "info"}
{"symbol": "BTCUSDT", "event": "deriv_cache_hit", "timestamp": "2025-09-18T03:04:44.544467Z", "run_id": "RUN123", "level": "info"}
{"task": "derivatives_oi", "event": "task_ok", "timestamp": "2025-09-18T03:04:44.545450Z", "run_id": "RUN123", "level": "info"}
{"task": "derivatives_oi", "duration": 0.003001, "event": "task_end", "timestamp": "2025-09-18T03:04:44.546451Z", "run_id": "RUN123", "level": "info"}
Job "task_wrapper (trigger: interval[0:05:00.485919], next run at: 2025-09-18 05:09:45 CEST)" executed successfully
{"alive": true, "rss_mb": 63.0, "cpu_percent": 0.0, "event": "heartbeat", "timestamp": "2025-09-18T03:05:24.552155Z", "run_id": "RUN123", "level": "info"}
{"alive": true, "rss_mb": 63.0, "cpu_percent": 0.0, "event": "heartbeat", "timestamp": "2025-09-18T03:06:24.559933Z", "run_id": "RUN123", "level": "info"}
Running job "task_wrapper (trigger: interval[0:05:03.429341], next run at: 2025-09-18 05:12:18 CEST)" (scheduled at 2025-09-18 05:07:14.634065+02:00)
{"task": "derivatives_lsr", "ts": "2025-09-18T03:07:14.649088Z", "event": "task_start", "timestamp": "2025-09-18T03:07:14.649088Z", "run_id": "RUN123", "level": "info"}
{"symbol": "BTCUSDT", "metric": "long_short_ratio", "event": "deriv_cache_hit", "timestamp": "2025-09-18T03:07:14.650078Z", "run_id": "RUN123", "level": "info"}
{"task": "derivatives_lsr", "event": "task_ok", "timestamp": "2025-09-18T03:07:14.651079Z", "run_id": "RUN123", "level": "info"}
{"task": "derivatives_lsr", "duration": 0.001991, "event": "task_end", "timestamp": "2025-09-18T03:07:14.651079Z", "run_id": "RUN123", "level": "info"}
Job "task_wrapper (trigger: interval[0:05:03.429341], next run at: 2025-09-18 05:12:18 CEST)" executed successfully
{"alive": true, "rss_mb": 62.9, "cpu_percent": 0.0, "event": "heartbeat", "timestamp": "2025-09-18T03:07:24.562197Z", "run_id": "RUN123", "level": "info"}
Running job "task_wrapper (trigger: interval[0:05:03.685195], next run at: 2025-09-18 05:12:31 CEST)" (scheduled at 2025-09-18 05:07:27.672622+02:00)
{"task": "macro", "ts": "2025-09-18T03:07:27.676321Z", "event": "task_start", "timestamp": "2025-09-18T03:07:27.676321Z", "run_id": "RUN123", "level": "info"}
HTTP Request: GET https://api.coingecko.com/api/v3/coins/bitcoin "HTTP/1.1 200 OK"
{"symbol": "bitcoin", "source": "coingecko", "event": "macro_success", "timestamp": "2025-09-18T03:07:28.268123Z", "run_id": "RUN123", "level": "info"}
{"task": "macro", "event": "task_ok", "timestamp": "2025-09-18T03:07:28.270124Z", "run_id": "RUN123", "level": "info"}
{"task": "macro", "duration": 0.593803, "event": "task_end", "timestamp": "2025-09-18T03:07:28.270124Z", "run_id": "RUN123", "level": "info"}
Job "task_wrapper (trigger: interval[0:05:03.685195], next run at: 2025-09-18 05:12:31 CEST)" executed successfully
{"alive": true, "rss_mb": 63.0, "cpu_percent": 0.0, "event": "heartbeat", "timestamp": "2025-09-18T03:08:24.577203Z", "run_id": "RUN123", "level": "info"}
{"alive": true, "rss_mb": 63.0, "cpu_percent": 0.0, "event": "heartbeat", "timestamp": "2025-09-18T03:09:24.579866Z", "run_id": "RUN123", "level": "info"}
Running job "task_wrapper (trigger: interval[0:05:00.485919], next run at: 2025-09-18 05:14:45 CEST)" (scheduled at 2025-09-18 05:09:45.003463+02:00)
{"task": "derivatives_oi", "ts": "2025-09-18T03:09:45.018042Z", "event": "task_start", "timestamp": "2025-09-18T03:09:45.018042Z", "run_id": "RUN123", "level": "info"}
{"symbol": "BTCUSDT", "event": "deriv_cache_hit", "timestamp": "2025-09-18T03:09:45.018042Z", "run_id": "RUN123", "level": "info"}
{"task": "derivatives_oi", "event": "task_ok", "timestamp": "2025-09-18T03:09:45.019048Z", "run_id": "RUN123", "level": "info"}
{"task": "derivatives_oi", "duration": 0.001006, "event": "task_end", "timestamp": "2025-09-18T03:09:45.019048Z", "run_id": "RUN123", "level": "info"}
Job "task_wrapper (trigger: interval[0:05:00.485919], next run at: 2025-09-18 05:14:45 CEST)" executed successfully
{"alive": true, "rss_mb": 63.0, "cpu_percent": 0.0, "event": "heartbeat", "timestamp": "2025-09-18T03:10:24.600633Z", "run_id": "RUN123", "level": "info"}
{"alive": true, "rss_mb": 63.0, "cpu_percent": 0.0, "event": "heartbeat", "timestamp": "2025-09-18T03:11:24.616975Z", "run_id": "RUN123", "level": "info"}
Running job "task_wrapper (trigger: interval[0:05:03.429341], next run at: 2025-09-18 05:17:21 CEST)" (scheduled at 2025-09-18 05:12:18.063406+02:00)
{"task": "derivatives_lsr", "ts": "2025-09-18T03:12:18.086865Z", "event": "task_start", "timestamp": "2025-09-18T03:12:18.086865Z", "run_id": "RUN123", "level": "info"}
{"symbol": "BTCUSDT", "metric": "long_short_ratio", "event": "deriv_cache_hit", "timestamp": "2025-09-18T03:12:18.087833Z", "run_id": "RUN123", "level": "info"}
{"task": "derivatives_lsr", "event": "task_ok", "timestamp": "2025-09-18T03:12:18.088833Z", "run_id": "RUN123", "level": "info"}
{"task": "derivatives_lsr", "duration": 0.001968, "event": "task_end", "timestamp": "2025-09-18T03:12:18.088833Z", "run_id": "RUN123", "level": "info"}
Job "task_wrapper (trigger: interval[0:05:03.429341], next run at: 2025-09-18 05:17:21 CEST)" executed successfully
{"alive": true, "rss_mb": 63.0, "cpu_percent": 0.0, "event": "heartbeat", "timestamp": "2025-09-18T03:12:24.636206Z", "run_id": "RUN123", "level": "info"}
Running job "task_wrapper (trigger: interval[0:05:03.685195], next run at: 2025-09-18 05:17:35 CEST)" (scheduled at 2025-09-18 05:12:31.357817+02:00)
{"task": "macro", "ts": "2025-09-18T03:12:31.367081Z", "event": "task_start", "timestamp": "2025-09-18T03:12:31.367081Z", "run_id": "RUN123", "level": "info"}
HTTP Request: GET https://api.coingecko.com/api/v3/coins/bitcoin "HTTP/1.1 200 OK"
{"symbol": "bitcoin", "source": "coingecko", "event": "macro_success", "timestamp": "2025-09-18T03:12:31.931580Z", "run_id": "RUN123", "level": "info"}
{"task": "macro", "event": "task_ok", "timestamp": "2025-09-18T03:12:31.932560Z", "run_id": "RUN123", "level": "info"}
{"task": "macro", "duration": 0.566485, "event": "task_end", "timestamp": "2025-09-18T03:12:31.933566Z", "run_id": "RUN123", "level": "info"}
Job "task_wrapper (trigger: interval[0:05:03.685195], next run at: 2025-09-18 05:17:35 CEST)" executed successfully
{"alive": true, "rss_mb": 63.2, "cpu_percent": 0.0, "event": "heartbeat", "timestamp": "2025-09-18T03:13:24.644834Z", "run_id": "RUN123", "level": "info"}
{"alive": true, "rss_mb": 63.2, "cpu_percent": 0.0, "event": "heartbeat", "timestamp": "2025-09-18T03:14:24.655338Z", "run_id": "RUN123", "level": "info"}
Running job "task_wrapper (trigger: interval[0:05:00.485919], next run at: 2025-09-18 05:19:45 CEST)" (scheduled at 2025-09-18 05:14:45.489382+02:00)
{"task": "derivatives_oi", "ts": "2025-09-18T03:14:45.503398Z", "event": "task_start", "timestamp": "2025-09-18T03:14:45.503398Z", "run_id": "RUN123", "level": "info"}
{"symbol": "BTCUSDT", "event": "deriv_cache_hit", "timestamp": "2025-09-18T03:14:45.504395Z", "run_id": "RUN123", "level": "info"}
{"task": "derivatives_oi", "event": "task_ok", "timestamp": "2025-09-18T03:14:45.504395Z", "run_id": "RUN123", "level": "info"}
{"task": "derivatives_oi", "duration": 0.001997, "event": "task_end", "timestamp": "2025-09-18T03:14:45.505395Z", "run_id": "RUN123", "level": "info"}
Job "task_wrapper (trigger: interval[0:05:00.485919], next run at: 2025-09-18 05:19:45 CEST)" executed successfully
Running job "task_wrapper (trigger: interval[0:15:38.637530], next run at: 2025-09-18 05:30:55 CEST)" (scheduled at 2025-09-18 05:15:16.567683+02:00)
{"task": "defillama", "ts": "2025-09-18T03:15:16.573065Z", "event": "task_start", "timestamp": "2025-09-18T03:15:16.573065Z", "run_id": "RUN123", "level": "info"}
{"chain": "ethereum", "event": "defillama_cache_hit", "timestamp": "2025-09-18T03:15:16.573065Z", "run_id": "RUN123", "level": "info"}
{"task": "defillama", "event": "task_ok", "timestamp": "2025-09-18T03:15:16.574064Z", "run_id": "RUN123", "level": "info"}
{"task": "defillama", "duration": 0.000999, "event": "task_end", "timestamp": "2025-09-18T03:15:16.574064Z", "run_id": "RUN123", "level": "info"}
Job "task_wrapper (trigger: interval[0:15:38.637530], next run at: 2025-09-18 05:30:55 CEST)" executed successfully
{"alive": true, "rss_mb": 63.2, "cpu_percent": 0.0, "event": "heartbeat", "timestamp": "2025-09-18T03:15:24.664730Z", "run_id": "RUN123", "level": "info"}
{"alive": true, "rss_mb": 63.2, "cpu_percent": 0.0, "event": "heartbeat", "timestamp": "2025-09-18T03:16:24.668368Z", "run_id": "RUN123", "level": "info"}
Running job "task_wrapper (trigger: interval[0:05:03.429341], next run at: 2025-09-18 05:22:24 CEST)" (scheduled at 2025-09-18 05:17:21.492747+02:00)
{"task": "derivatives_lsr", "ts": "2025-09-18T03:17:21.513549Z", "event": "task_start", "timestamp": "2025-09-18T03:17:21.513549Z", "run_id": "RUN123", "level": "info"}
{"symbol": "BTCUSDT", "metric": "long_short_ratio", "event": "deriv_cache_hit", "timestamp": "2025-09-18T03:17:21.513549Z", "run_id": "RUN123", "level": "info"}
{"task": "derivatives_lsr", "event": "task_ok", "timestamp": "2025-09-18T03:17:21.514554Z", "run_id": "RUN123", "level": "info"}
{"task": "derivatives_lsr", "duration": 0.002003, "event": "task_end", "timestamp": "2025-09-18T03:17:21.515552Z", "run_id": "RUN123", "level": "info"}
Job "task_wrapper (trigger: interval[0:05:03.429341], next run at: 2025-09-18 05:22:24 CEST)" executed successfully
{"alive": true, "rss_mb": 63.2, "cpu_percent": 0.0, "event": "heartbeat", "timestamp": "2025-09-18T03:17:24.686928Z", "run_id": "RUN123", "level": "info"}
Running job "task_wrapper (trigger: interval[0:05:03.685195], next run at: 2025-09-18 05:22:38 CEST)" (scheduled at 2025-09-18 05:17:35.043012+02:00)
{"task": "macro", "ts": "2025-09-18T03:17:35.049525Z", "event": "task_start", "timestamp": "2025-09-18T03:17:35.049525Z", "run_id": "RUN123", "level": "info"}
HTTP Request: GET https://api.coingecko.com/api/v3/coins/bitcoin "HTTP/1.1 200 OK"
{"symbol": "bitcoin", "source": "coingecko", "event": "macro_success", "timestamp": "2025-09-18T03:17:35.665944Z", "run_id": "RUN123", "level": "info"}
{"task": "macro", "event": "task_ok", "timestamp": "2025-09-18T03:17:35.666950Z", "run_id": "RUN123", "level": "info"}
{"task": "macro", "duration": 0.618424, "event": "task_end", "timestamp": "2025-09-18T03:17:35.667949Z", "run_id": "RUN123", "level": "info"}
Job "task_wrapper (trigger: interval[0:05:03.685195], next run at: 2025-09-18 05:22:38 CEST)" executed successfully
{"alive": true, "rss_mb": 63.2, "cpu_percent": 0.0, "event": "heartbeat", "timestamp": "2025-09-18T03:18:24.700109Z", "run_id": "RUN123", "level": "info"}
{"alive": true, "rss_mb": 63.2, "cpu_percent": 0.0, "event": "heartbeat", "timestamp": "2025-09-18T03:19:24.702821Z", "run_id": "RUN123", "level": "info"}
Running job "task_wrapper (trigger: interval[0:05:00.485919], next run at: 2025-09-18 05:24:46 CEST)" (scheduled at 2025-09-18 05:19:45.975301+02:00)
{"task": "derivatives_oi", "ts": "2025-09-18T03:19:45.992249Z", "event": "task_start", "timestamp": "2025-09-18T03:19:45.992249Z", "run_id": "RUN123", "level": "info"}
{"symbol": "BTCUSDT", "event": "deriv_cache_hit", "timestamp": "2025-09-18T03:19:45.993257Z", "run_id": "RUN123", "level": "info"}
{"task": "derivatives_oi", "event": "task_ok", "timestamp": "2025-09-18T03:19:45.994253Z", "run_id": "RUN123", "level": "info"}
{"task": "derivatives_oi", "duration": 0.002004, "event": "task_end", "timestamp": "2025-09-18T03:19:45.994253Z", "run_id": "RUN123", "level": "info"}
Job "task_wrapper (trigger: interval[0:05:00.485919], next run at: 2025-09-18 05:24:46 CEST)" executed successfully
{"alive": true, "rss_mb": 63.2, "cpu_percent": 0.0, "event": "heartbeat", "timestamp": "2025-09-18T03:20:24.716999Z", "run_id": "RUN123", "level": "info"}
{"alive": true, "rss_mb": 63.2, "cpu_percent": 0.0, "event": "heartbeat", "timestamp": "2025-09-18T03:21:24.723972Z", "run_id": "RUN123", "level": "info"}
Running job "task_wrapper (trigger: interval[0:30:20.099607], next run at: 2025-09-18 05:52:40 CEST)" (scheduled at 2025-09-18 05:22:20.627137+02:00)
{"task": "onchain_tx", "ts": "2025-09-18T03:22:20.633286Z", "event": "task_start", "timestamp": "2025-09-18T03:22:20.633286Z", "run_id": "RUN123", "level": "info"}
HTTP Request: GET https://api.blockchain.info/q/getblockcount "HTTP/1.1 200 OK"
{"symbol": "BTC", "source": "blockchain.info", "event": "onchain_success", "timestamp": "2025-09-18T03:22:21.207933Z", "run_id": "RUN123", "level": "info"}
{"task": "onchain_tx", "event": "task_ok", "timestamp": "2025-09-18T03:22:21.208933Z", "run_id": "RUN123", "level": "info"}
{"task": "onchain_tx", "duration": 0.576629, "event": "task_end", "timestamp": "2025-09-18T03:22:21.209915Z", "run_id": "RUN123", "level": "info"}
Job "task_wrapper (trigger: interval[0:30:20.099607], next run at: 2025-09-18 05:52:40 CEST)" executed successfully
{"alive": true, "rss_mb": 63.2, "cpu_percent": 0.0, "event": "heartbeat", "timestamp": "2025-09-18T03:22:24.726628Z", "run_id": "RUN123", "level": "info"}
Running job "task_wrapper (trigger: interval[0:05:03.429341], next run at: 2025-09-18 05:27:28 CEST)" (scheduled at 2025-09-18 05:22:24.922088+02:00)
{"task": "derivatives_lsr", "ts": "2025-09-18T03:22:24.932461Z", "event": "task_start", "timestamp": "2025-09-18T03:22:24.932461Z", "run_id": "RUN123", "level": "info"}
{"symbol": "BTCUSDT", "metric": "long_short_ratio", "event": "deriv_cache_hit", "timestamp": "2025-09-18T03:22:24.933459Z", "run_id": "RUN123", "level": "info"}
{"task": "derivatives_lsr", "event": "task_ok", "timestamp": "2025-09-18T03:22:24.933459Z", "run_id": "RUN123", "level": "info"}
{"task": "derivatives_lsr", "duration": 0.002001, "event": "task_end", "timestamp": "2025-09-18T03:22:24.934462Z", "run_id": "RUN123", "level": "info"}
Job "task_wrapper (trigger: interval[0:05:03.429341], next run at: 2025-09-18 05:27:28 CEST)" executed successfully
Running job "task_wrapper (trigger: interval[0:05:03.685195], next run at: 2025-09-18 05:27:42 CEST)" (scheduled at 2025-09-18 05:22:38.728207+02:00)
{"task": "macro", "ts": "2025-09-18T03:22:38.745171Z", "event": "task_start", "timestamp": "2025-09-18T03:22:38.745171Z", "run_id": "RUN123", "level": "info"}
HTTP Request: GET https://api.coingecko.com/api/v3/coins/bitcoin "HTTP/1.1 200 OK"
{"symbol": "bitcoin", "source": "coingecko", "event": "macro_success", "timestamp": "2025-09-18T03:22:39.425565Z", "run_id": "RUN123", "level": "info"}
{"task": "macro", "event": "task_ok", "timestamp": "2025-09-18T03:22:39.427554Z", "run_id": "RUN123", "level": "info"}
{"task": "macro", "duration": 0.683381, "event": "task_end", "timestamp": "2025-09-18T03:22:39.428552Z", "run_id": "RUN123", "level": "info"}
Job "task_wrapper (trigger: interval[0:05:03.685195], next run at: 2025-09-18 05:27:42 CEST)" executed successfully
{"alive": true, "rss_mb": 63.7, "cpu_percent": 0.0, "event": "heartbeat", "timestamp": "2025-09-18T03:23:24.752183Z", "run_id": "RUN123", "level": "info"}
{"alive": true, "rss_mb": 63.7, "cpu_percent": 0.0, "event": "heartbeat", "timestamp": "2025-09-18T03:24:24.772988Z", "run_id": "RUN123", "level": "info"}
Running job "task_wrapper (trigger: interval[0:05:00.485919], next run at: 2025-09-18 05:29:46 CEST)" (scheduled at 2025-09-18 05:24:46.461220+02:00)
{"task": "derivatives_oi", "ts": "2025-09-18T03:24:46.490522Z", "event": "task_start", "timestamp": "2025-09-18T03:24:46.490522Z", "run_id": "RUN123", "level": "info"}
{"symbol": "BTCUSDT", "event": "deriv_cache_hit", "timestamp": "2025-09-18T03:24:46.491524Z", "run_id": "RUN123", "level": "info"}
{"task": "derivatives_oi", "event": "task_ok", "timestamp": "2025-09-18T03:24:46.492524Z", "run_id": "RUN123", "level": "info"}
{"task": "derivatives_oi", "duration": 0.002002, "event": "task_end", "timestamp": "2025-09-18T03:24:46.492524Z", "run_id": "RUN123", "level": "info"}
Job "task_wrapper (trigger: interval[0:05:00.485919], next run at: 2025-09-18 05:29:46 CEST)" executed successfully
{"alive": true, "rss_mb": 63.7, "cpu_percent": 0.0, "event": "heartbeat", "timestamp": "2025-09-18T03:25:24.792506Z", "run_id": "RUN123", "level": "info"}
{"alive": true, "rss_mb": 63.7, "cpu_percent": 0.0, "event": "heartbeat", "timestamp": "2025-09-18T03:26:24.810000Z", "run_id": "RUN123", "level": "info"}
{"alive": true, "rss_mb": 63.7, "cpu_percent": 0.0, "event": "heartbeat", "timestamp": "2025-09-18T03:27:24.826135Z", "run_id": "RUN123", "level": "info"}
Running job "task_wrapper (trigger: interval[0:05:03.429341], next run at: 2025-09-18 05:32:31 CEST)" (scheduled at 2025-09-18 05:27:28.351429+02:00)
{"task": "derivatives_lsr", "ts": "2025-09-18T03:27:28.356558Z", "event": "task_start", "timestamp": "2025-09-18T03:27:28.356558Z", "run_id": "RUN123", "level": "info"}
{"symbol": "BTCUSDT", "metric": "long_short_ratio", "event": "deriv_cache_hit", "timestamp": "2025-09-18T03:27:28.357543Z", "run_id": "RUN123", "level": "info"}
{"task": "derivatives_lsr", "event": "task_ok", "timestamp": "2025-09-18T03:27:28.357543Z", "run_id": "RUN123", "level": "info"}
{"task": "derivatives_lsr", "duration": 0.000985, "event": "task_end", "timestamp": "2025-09-18T03:27:28.357543Z", "run_id": "RUN123", "level": "info"}
Job "task_wrapper (trigger: interval[0:05:03.429341], next run at: 2025-09-18 05:32:31 CEST)" executed successfully
Running job "task_wrapper (trigger: interval[0:05:03.685195], next run at: 2025-09-18 05:32:46 CEST)" (scheduled at 2025-09-18 05:27:42.413402+02:00)
{"task": "macro", "ts": "2025-09-18T03:27:42.419208Z", "event": "task_start", "timestamp": "2025-09-18T03:27:42.419208Z", "run_id": "RUN123", "level": "info"}
HTTP Request: GET https://api.coingecko.com/api/v3/coins/bitcoin "HTTP/1.1 200 OK"
{"symbol": "bitcoin", "source": "coingecko", "event": "macro_success", "timestamp": "2025-09-18T03:27:43.011472Z", "run_id": "RUN123", "level": "info"}
{"task": "macro", "event": "task_ok", "timestamp": "2025-09-18T03:27:43.013469Z", "run_id": "RUN123", "level": "info"}
{"task": "macro", "duration": 0.595246, "event": "task_end", "timestamp": "2025-09-18T03:27:43.014454Z", "run_id": "RUN123", "level": "info"}
Job "task_wrapper (trigger: interval[0:05:03.685195], next run at: 2025-09-18 05:32:46 CEST)" executed successfully
{"alive": true, "rss_mb": 64.0, "cpu_percent": 0.0, "event": "heartbeat", "timestamp": "2025-09-18T03:28:24.846868Z", "run_id": "RUN123", "level": "info"}
Running job "task_wrapper (trigger: interval[0:31:01.155603], next run at: 2025-09-18 05:59:31 CEST)" (scheduled at 2025-09-18 05:28:30.133105+02:00)
{"task": "onchain_hashrate", "ts": "2025-09-18T03:28:30.144014Z", "event": "task_start", "timestamp": "2025-09-18T03:28:30.144014Z", "run_id": "RUN123", "level": "info"}
{"symbol": "BTC", "event": "onchain_cache_hit", "timestamp": "2025-09-18T03:28:30.144014Z", "run_id": "RUN123", "level": "info"}
{"task": "onchain_hashrate", "event": "task_ok", "timestamp": "2025-09-18T03:28:30.145008Z", "run_id": "RUN123", "level": "info"}
{"task": "onchain_hashrate", "duration": 0.000994, "event": "task_end", "timestamp": "2025-09-18T03:28:30.145008Z", "run_id": "RUN123", "level": "info"}
Job "task_wrapper (trigger: interval[0:31:01.155603], next run at: 2025-09-18 05:59:31 CEST)" executed successfully
Running job "task_wrapper (trigger: interval[0:31:05.669810], next run at: 2025-09-18 06:00:16 CEST)" (scheduled at 2025-09-18 05:29:10.761967+02:00)
{"task": "onchain_sopr", "ts": "2025-09-18T03:29:10.771095Z", "event": "task_start", "timestamp": "2025-09-18T03:29:10.771095Z", "run_id": "RUN123", "level": "info"}
{"symbol": "BTC", "event": "onchain_cache_hit", "timestamp": "2025-09-18T03:29:10.772086Z", "run_id": "RUN123", "level": "info"}
{"task": "onchain_sopr", "event": "task_ok", "timestamp": "2025-09-18T03:29:10.772086Z", "run_id": "RUN123", "level": "info"}
{"task": "onchain_sopr", "duration": 0.000991, "event": "task_end", "timestamp": "2025-09-18T03:29:10.772086Z", "run_id": "RUN123", "level": "info"}
Job "task_wrapper (trigger: interval[0:31:05.669810], next run at: 2025-09-18 06:00:16 CEST)" executed successfully
{"alive": true, "rss_mb": 64.0, "cpu_percent": 0.0, "event": "heartbeat", "timestamp": "2025-09-18T03:29:24.856979Z", "run_id": "RUN123", "level": "info"}
Running job "task_wrapper (trigger: interval[0:05:00.485919], next run at: 2025-09-18 05:34:47 CEST)" (scheduled at 2025-09-18 05:29:46.947139+02:00)
{"task": "derivatives_oi", "ts": "2025-09-18T03:29:46.958603Z", "event": "task_start", "timestamp": "2025-09-18T03:29:46.958603Z", "run_id": "RUN123", "level": "info"}
{"symbol": "BTCUSDT", "event": "deriv_cache_hit", "timestamp": "2025-09-18T03:29:46.959604Z", "run_id": "RUN123", "level": "info"}
{"task": "derivatives_oi", "event": "task_ok", "timestamp": "2025-09-18T03:29:46.960603Z", "run_id": "RUN123", "level": "info"}
{"task": "derivatives_oi", "duration": 0.002, "event": "task_end", "timestamp": "2025-09-18T03:29:46.960603Z", "run_id": "RUN123", "level": "info"}
Job "task_wrapper (trigger: interval[0:05:00.485919], next run at: 2025-09-18 05:34:47 CEST)" executed successfully
{"alive": true, "rss_mb": 64.0, "cpu_percent": 0.0, "event": "heartbeat", "timestamp": "2025-09-18T03:30:24.885451Z", "run_id": "RUN123", "level": "info"}
Running job "task_wrapper (trigger: interval[0:15:38.637530], next run at: 2025-09-18 05:46:33 CEST)" (scheduled at 2025-09-18 05:30:55.205213+02:00)
{"task": "defillama", "ts": "2025-09-18T03:30:55.216518Z", "event": "task_start", "timestamp": "2025-09-18T03:30:55.216518Z", "run_id": "RUN123", "level": "info"}
{"chain": "ethereum", "event": "defillama_cache_hit", "timestamp": "2025-09-18T03:30:55.217513Z", "run_id": "RUN123", "level": "info"}
{"task": "defillama", "event": "task_ok", "timestamp": "2025-09-18T03:30:55.217513Z", "run_id": "RUN123", "level": "info"}
{"task": "defillama", "duration": 0.001995, "event": "task_end", "timestamp": "2025-09-18T03:30:55.218513Z", "run_id": "RUN123", "level": "info"}
Job "task_wrapper (trigger: interval[0:15:38.637530], next run at: 2025-09-18 05:46:33 CEST)" executed successfully
{"alive": true, "rss_mb": 64.0, "cpu_percent": 0.0, "event": "heartbeat", "timestamp": "2025-09-18T03:31:24.891679Z", "run_id": "RUN123", "level": "info"}
{"alive": true, "rss_mb": 64.0, "cpu_percent": 0.0, "event": "heartbeat", "timestamp": "2025-09-18T03:32:24.895725Z", "run_id": "RUN123", "level": "info"}
Running job "task_wrapper (trigger: interval[0:05:03.429341], next run at: 2025-09-18 05:37:35 CEST)" (scheduled at 2025-09-18 05:32:31.780770+02:00)
{"task": "derivatives_lsr", "ts": "2025-09-18T03:32:31.788076Z", "event": "task_start", "timestamp": "2025-09-18T03:32:31.788076Z", "run_id": "RUN123", "level": "info"}
{"symbol": "BTCUSDT", "metric": "long_short_ratio", "event": "deriv_cache_hit", "timestamp": "2025-09-18T03:32:31.789073Z", "run_id": "RUN123", "level": "info"}
{"task": "derivatives_lsr", "event": "task_ok", "timestamp": "2025-09-18T03:32:31.790069Z", "run_id": "RUN123", "level": "info"}
{"task": "derivatives_lsr", "duration": 0.002994, "event": "task_end", "timestamp": "2025-09-18T03:32:31.791070Z", "run_id": "RUN123", "level": "info"}
Job "task_wrapper (trigger: interval[0:05:03.429341], next run at: 2025-09-18 05:37:35 CEST)" executed successfully
Running job "task_wrapper (trigger: interval[0:05:03.685195], next run at: 2025-09-18 05:37:49 CEST)" (scheduled at 2025-09-18 05:32:46.098597+02:00)
{"task": "macro", "ts": "2025-09-18T03:32:46.110810Z", "event": "task_start", "timestamp": "2025-09-18T03:32:46.110810Z", "run_id": "RUN123", "level": "info"}
HTTP Request: GET https://api.coingecko.com/api/v3/coins/bitcoin "HTTP/1.1 200 OK"
{"symbol": "bitcoin", "source": "coingecko", "event": "macro_success", "timestamp": "2025-09-18T03:32:46.659619Z", "run_id": "RUN123", "level": "info"}
{"task": "macro", "event": "task_ok", "timestamp": "2025-09-18T03:32:46.660619Z", "run_id": "RUN123", "level": "info"}
{"task": "macro", "duration": 0.550805, "event": "task_end", "timestamp": "2025-09-18T03:32:46.661615Z", "run_id": "RUN123", "level": "info"}
Job "task_wrapper (trigger: interval[0:05:03.685195], next run at: 2025-09-18 05:37:49 CEST)" executed successfully
{"alive": true, "rss_mb": 64.0, "cpu_percent": 0.0, "event": "heartbeat", "timestamp": "2025-09-18T03:33:24.910316Z", "run_id": "RUN123", "level": "info"}
{"alive": true, "rss_mb": 64.0, "cpu_percent": 0.0, "event": "heartbeat", "timestamp": "2025-09-18T03:34:24.922752Z", "run_id": "RUN123", "level": "info"}
Running job "task_wrapper (trigger: interval[0:05:00.485919], next run at: 2025-09-18 05:39:47 CEST)" (scheduled at 2025-09-18 05:34:47.433058+02:00)
{"task": "derivatives_oi", "ts": "2025-09-18T03:34:47.449393Z", "event": "task_start", "timestamp": "2025-09-18T03:34:47.449393Z", "run_id": "RUN123", "level": "info"}
{"symbol": "BTCUSDT", "event": "deriv_cache_hit", "timestamp": "2025-09-18T03:34:47.450409Z", "run_id": "RUN123", "level": "info"}
{"task": "derivatives_oi", "event": "task_ok", "timestamp": "2025-09-18T03:34:47.450409Z", "run_id": "RUN123", "level": "info"}
{"task": "derivatives_oi", "duration": 0.001016, "event": "task_end", "timestamp": "2025-09-18T03:34:47.450409Z", "run_id": "RUN123", "level": "info"}
Job "task_wrapper (trigger: interval[0:05:00.485919], next run at: 2025-09-18 05:39:47 CEST)" executed successfully
{"alive": true, "rss_mb": 64.0, "cpu_percent": 0.0, "event": "heartbeat", "timestamp": "2025-09-18T03:35:24.926585Z", "run_id": "RUN123", "level": "info"}
{"alive": true, "rss_mb": 64.0, "cpu_percent": 0.0, "event": "heartbeat", "timestamp": "2025-09-18T03:36:24.950295Z", "run_id": "RUN123", "level": "info"}
{"alive": true, "rss_mb": 63.8, "cpu_percent": 0.0, "event": "heartbeat", "timestamp": "2025-09-18T03:37:24.955222Z", "run_id": "RUN123", "level": "info"}
Running job "task_wrapper (trigger: interval[0:05:03.429341], next run at: 2025-09-18 05:42:38 CEST)" (scheduled at 2025-09-18 05:37:35.210111+02:00)
{"task": "derivatives_lsr", "ts": "2025-09-18T03:37:35.217485Z", "event": "task_start", "timestamp": "2025-09-18T03:37:35.217485Z", "run_id": "RUN123", "level": "info"}
{"symbol": "BTCUSDT", "metric": "long_short_ratio", "event": "deriv_cache_hit", "timestamp": "2025-09-18T03:37:35.218491Z", "run_id": "RUN123", "level": "info"}
{"task": "derivatives_lsr", "event": "task_ok", "timestamp": "2025-09-18T03:37:35.218491Z", "run_id": "RUN123", "level": "info"}
{"task": "derivatives_lsr", "duration": 0.001999, "event": "task_end", "timestamp": "2025-09-18T03:37:35.219484Z", "run_id": "RUN123", "level": "info"}
Job "task_wrapper (trigger: interval[0:05:03.429341], next run at: 2025-09-18 05:42:38 CEST)" executed successfully
Running job "task_wrapper (trigger: interval[0:05:03.685195], next run at: 2025-09-18 05:42:53 CEST)" (scheduled at 2025-09-18 05:37:49.783792+02:00)
{"task": "macro", "ts": "2025-09-18T03:37:49.795830Z", "event": "task_start", "timestamp": "2025-09-18T03:37:49.795830Z", "run_id": "RUN123", "level": "info"}
HTTP Request: GET https://api.coingecko.com/api/v3/coins/bitcoin "HTTP/1.1 200 OK"
{"symbol": "bitcoin", "source": "coingecko", "event": "macro_success", "timestamp": "2025-09-18T03:37:50.571153Z", "run_id": "RUN123", "level": "info"}
{"task": "macro", "event": "task_ok", "timestamp": "2025-09-18T03:37:50.572140Z", "run_id": "RUN123", "level": "info"}
{"task": "macro", "duration": 0.777311, "event": "task_end", "timestamp": "2025-09-18T03:37:50.573141Z", "run_id": "RUN123", "level": "info"}
Job "task_wrapper (trigger: interval[0:05:03.685195], next run at: 2025-09-18 05:42:53 CEST)" executed successfully
{"alive": true, "rss_mb": 63.9, "cpu_percent": 0.0, "event": "heartbeat", "timestamp": "2025-09-18T03:38:24.978865Z", "run_id": "RUN123", "level": "info"}
{"alive": true, "rss_mb": 63.9, "cpu_percent": 0.0, "event": "heartbeat", "timestamp": "2025-09-18T03:39:24.978896Z", "run_id": "RUN123", "level": "info"}
Running job "task_wrapper (trigger: interval[0:05:00.485919], next run at: 2025-09-18 05:44:48 CEST)" (scheduled at 2025-09-18 05:39:47.918977+02:00)
{"task": "derivatives_oi", "ts": "2025-09-18T03:39:47.926048Z", "event": "task_start", "timestamp": "2025-09-18T03:39:47.926048Z", "run_id": "RUN123", "level": "info"}
{"symbol": "BTCUSDT", "event": "deriv_cache_hit", "timestamp": "2025-09-18T03:39:47.927047Z", "run_id": "RUN123", "level": "info"}
{"task": "derivatives_oi", "event": "task_ok", "timestamp": "2025-09-18T03:39:47.927047Z", "run_id": "RUN123", "level": "info"}
{"task": "derivatives_oi", "duration": 0.002002, "event": "task_end", "timestamp": "2025-09-18T03:39:47.928050Z", "run_id": "RUN123", "level": "info"}
Job "task_wrapper (trigger: interval[0:05:00.485919], next run at: 2025-09-18 05:44:48 CEST)" executed successfully
{"alive": true, "rss_mb": 63.9, "cpu_percent": 0.0, "event": "heartbeat", "timestamp": "2025-09-18T03:40:24.980133Z", "run_id": "RUN123", "level": "info"}
{"alive": true, "rss_mb": 63.9, "cpu_percent": 0.0, "event": "heartbeat", "timestamp": "2025-09-18T03:41:24.975073Z", "run_id": "RUN123", "level": "info"}
{"alive": true, "rss_mb": 63.9, "cpu_percent": 0.0, "event": "heartbeat", "timestamp": "2025-09-18T03:42:24.988547Z", "run_id": "RUN123", "level": "info"}
Running job "task_wrapper (trigger: interval[0:05:03.429341], next run at: 2025-09-18 05:47:42 CEST)" (scheduled at 2025-09-18 05:42:38.639452+02:00)
{"task": "derivatives_lsr", "ts": "2025-09-18T03:42:38.649580Z", "event": "task_start", "timestamp": "2025-09-18T03:42:38.649580Z", "run_id": "RUN123", "level": "info"}
{"symbol": "BTCUSDT", "metric": "long_short_ratio", "event": "deriv_cache_hit", "timestamp": "2025-09-18T03:42:38.651089Z", "run_id": "RUN123", "level": "info"}
{"task": "derivatives_lsr", "event": "task_ok", "timestamp": "2025-09-18T03:42:38.651089Z", "run_id": "RUN123", "level": "info"}
{"task": "derivatives_lsr", "duration": 0.001509, "event": "task_end", "timestamp": "2025-09-18T03:42:38.652101Z", "run_id": "RUN123", "level": "info"}
Job "task_wrapper (trigger: interval[0:05:03.429341], next run at: 2025-09-18 05:47:42 CEST)" executed successfully
Running job "task_wrapper (trigger: interval[0:05:03.685195], next run at: 2025-09-18 05:47:57 CEST)" (scheduled at 2025-09-18 05:42:53.468987+02:00)
{"task": "macro", "ts": "2025-09-18T03:42:53.483657Z", "event": "task_start", "timestamp": "2025-09-18T03:42:53.483657Z", "run_id": "RUN123", "level": "info"}
HTTP Request: GET https://api.coingecko.com/api/v3/coins/bitcoin "HTTP/1.1 200 OK"
{"symbol": "bitcoin", "source": "coingecko", "event": "macro_success", "timestamp": "2025-09-18T03:42:54.054766Z", "run_id": "RUN123", "level": "info"}
{"task": "macro", "event": "task_ok", "timestamp": "2025-09-18T03:42:54.055748Z", "run_id": "RUN123", "level": "info"}
{"task": "macro", "duration": 0.573094, "event": "task_end", "timestamp": "2025-09-18T03:42:54.056751Z", "run_id": "RUN123", "level": "info"}
Job "task_wrapper (trigger: interval[0:05:03.685195], next run at: 2025-09-18 05:47:57 CEST)" executed successfully
{"alive": true, "rss_mb": 64.0, "cpu_percent": 0.0, "event": "heartbeat", "timestamp": "2025-09-18T03:43:25.020297Z", "run_id": "RUN123", "level": "info"}
{"alive": true, "rss_mb": 64.0, "cpu_percent": 0.0, "event": "heartbeat", "timestamp": "2025-09-18T03:44:25.050894Z", "run_id": "RUN123", "level": "info"}
Running job "task_wrapper (trigger: interval[0:05:00.485919], next run at: 2025-09-18 05:49:48 CEST)" (scheduled at 2025-09-18 05:44:48.404896+02:00)
{"task": "derivatives_oi", "ts": "2025-09-18T03:44:48.414945Z", "event": "task_start", "timestamp": "2025-09-18T03:44:48.414945Z", "run_id": "RUN123", "level": "info"}
{"symbol": "BTCUSDT", "event": "deriv_cache_hit", "timestamp": "2025-09-18T03:44:48.415937Z", "run_id": "RUN123", "level": "info"}
{"task": "derivatives_oi", "event": "task_ok", "timestamp": "2025-09-18T03:44:48.415937Z", "run_id": "RUN123", "level": "info"}
{"task": "derivatives_oi", "duration": 0.000992, "event": "task_end", "timestamp": "2025-09-18T03:44:48.415937Z", "run_id": "RUN123", "level": "info"}
Job "task_wrapper (trigger: interval[0:05:00.485919], next run at: 2025-09-18 05:49:48 CEST)" executed successfully
{"alive": true, "rss_mb": 64.0, "cpu_percent": 0.0, "event": "heartbeat", "timestamp": "2025-09-18T03:45:25.063950Z", "run_id": "RUN123", "level": "info"}
{"alive": true, "rss_mb": 64.0, "cpu_percent": 0.0, "event": "heartbeat", "timestamp": "2025-09-18T03:46:25.084448Z", "run_id": "RUN123", "level": "info"}
Running job "task_wrapper (trigger: interval[0:15:38.637530], next run at: 2025-09-18 06:02:12 CEST)" (scheduled at 2025-09-18 05:46:33.842743+02:00)
{"task": "defillama", "ts": "2025-09-18T03:46:33.851992Z", "event": "task_start", "timestamp": "2025-09-18T03:46:33.851992Z", "run_id": "RUN123", "level": "info"}
{"chain": "ethereum", "event": "defillama_cache_hit", "timestamp": "2025-09-18T03:46:33.852955Z", "run_id": "RUN123", "level": "info"}
{"task": "defillama", "event": "task_ok", "timestamp": "2025-09-18T03:46:33.853351Z", "run_id": "RUN123", "level": "info"}
{"task": "defillama", "duration": 0.001359, "event": "task_end", "timestamp": "2025-09-18T03:46:33.853351Z", "run_id": "RUN123", "level": "info"}
Job "task_wrapper (trigger: interval[0:15:38.637530], next run at: 2025-09-18 06:02:12 CEST)" executed successfully
{"alive": true, "rss_mb": 64.0, "cpu_percent": 0.0, "event": "heartbeat", "timestamp": "2025-09-18T03:47:25.103161Z", "run_id": "RUN123", "level": "info"}
Running job "task_wrapper (trigger: interval[0:05:03.429341], next run at: 2025-09-18 05:52:45 CEST)" (scheduled at 2025-09-18 05:47:42.068793+02:00)
{"task": "derivatives_lsr", "ts": "2025-09-18T03:47:42.073065Z", "event": "task_start", "timestamp": "2025-09-18T03:47:42.073065Z", "run_id": "RUN123", "level": "info"}
{"symbol": "BTCUSDT", "metric": "long_short_ratio", "event": "deriv_cache_hit", "timestamp": "2025-09-18T03:47:42.074070Z", "run_id": "RUN123", "level": "info"}
{"task": "derivatives_lsr", "event": "task_ok", "timestamp": "2025-09-18T03:47:42.074070Z", "run_id": "RUN123", "level": "info"}
{"task": "derivatives_lsr", "duration": 0.001005, "event": "task_end", "timestamp": "2025-09-18T03:47:42.074070Z", "run_id": "RUN123", "level": "info"}
Job "task_wrapper (trigger: interval[0:05:03.429341], next run at: 2025-09-18 05:52:45 CEST)" executed successfully
Running job "task_wrapper (trigger: interval[0:05:03.685195], next run at: 2025-09-18 05:53:00 CEST)" (scheduled at 2025-09-18 05:47:57.154182+02:00)
{"task": "macro", "ts": "2025-09-18T03:47:57.173114Z", "event": "task_start", "timestamp": "2025-09-18T03:47:57.173114Z", "run_id": "RUN123", "level": "info"}
HTTP Request: GET https://api.coingecko.com/api/v3/coins/bitcoin "HTTP/1.1 200 OK"
{"symbol": "bitcoin", "source": "coingecko", "event": "macro_success", "timestamp": "2025-09-18T03:47:57.744752Z", "run_id": "RUN123", "level": "info"}
{"task": "macro", "event": "task_ok", "timestamp": "2025-09-18T03:47:57.746754Z", "run_id": "RUN123", "level": "info"}
{"task": "macro", "duration": 0.57364, "event": "task_end", "timestamp": "2025-09-18T03:47:57.746754Z", "run_id": "RUN123", "level": "info"}
Job "task_wrapper (trigger: interval[0:05:03.685195], next run at: 2025-09-18 05:53:00 CEST)" executed successfully
{"alive": true, "rss_mb": 64.1, "cpu_percent": 0.0, "event": "heartbeat", "timestamp": "2025-09-18T03:48:25.123027Z", "run_id": "RUN123", "level": "info"}
{"alive": true, "rss_mb": 64.1, "cpu_percent": 0.0, "event": "heartbeat", "timestamp": "2025-09-18T03:49:25.138803Z", "run_id": "RUN123", "level": "info"}
Running job "task_wrapper (trigger: interval[0:05:00.485919], next run at: 2025-09-18 05:54:49 CEST)" (scheduled at 2025-09-18 05:49:48.890815+02:00)
{"task": "derivatives_oi", "ts": "2025-09-18T03:49:48.901415Z", "event": "task_start", "timestamp": "2025-09-18T03:49:48.901415Z", "run_id": "RUN123", "level": "info"}
{"symbol": "BTCUSDT", "event": "deriv_cache_hit", "timestamp": "2025-09-18T03:49:48.902412Z", "run_id": "RUN123", "level": "info"}
{"task": "derivatives_oi", "event": "task_ok", "timestamp": "2025-09-18T03:49:48.903415Z", "run_id": "RUN123", "level": "info"}
{"task": "derivatives_oi", "duration": 0.002, "event": "task_end", "timestamp": "2025-09-18T03:49:48.903415Z", "run_id": "RUN123", "level": "info"}
Job "task_wrapper (trigger: interval[0:05:00.485919], next run at: 2025-09-18 05:54:49 CEST)" executed successfully
Running job "task_wrapper (trigger: interval[1:00:12.398608], next run at: 2025-09-18 06:50:34 CEST)" (scheduled at 2025-09-18 05:50:21.731717+02:00)
{"task": "sentiment_fg", "ts": "2025-09-18T03:50:21.751810Z", "event": "task_start", "timestamp": "2025-09-18T03:50:21.751810Z", "run_id": "RUN123", "level": "info"}
HTTP Request: GET https://api.alternative.me/fng/ "HTTP/1.1 200 OK"
{"metric": "fear_greed", "source": "alternative.me", "event": "sentiment_success", "timestamp": "2025-09-18T03:50:22.575957Z", "run_id": "RUN123", "level": "info"}
{"task": "sentiment_fg", "event": "task_ok", "timestamp": "2025-09-18T03:50:22.576971Z", "run_id": "RUN123", "level": "info"}
{"task": "sentiment_fg", "duration": 0.825161, "event": "task_end", "timestamp": "2025-09-18T03:50:22.576971Z", "run_id": "RUN123", "level": "info"}
Job "task_wrapper (trigger: interval[1:00:12.398608], next run at: 2025-09-18 06:50:34 CEST)" executed successfully
{"alive": true, "rss_mb": 64.8, "cpu_percent": 0.0, "event": "heartbeat", "timestamp": "2025-09-18T03:50:25.150051Z", "run_id": "RUN123", "level": "info"}
{"alive": true, "rss_mb": 64.8, "cpu_percent": 0.0, "event": "heartbeat", "timestamp": "2025-09-18T03:51:25.170828Z", "run_id": "RUN123", "level": "info"}
{"alive": true, "rss_mb": 64.7, "cpu_percent": 0.0, "event": "heartbeat", "timestamp": "2025-09-18T03:52:25.195626Z", "run_id": "RUN123", "level": "info"}
Running job "task_wrapper (trigger: interval[0:30:20.099607], next run at: 2025-09-18 06:23:00 CEST)" (scheduled at 2025-09-18 05:52:40.726744+02:00)
{"task": "onchain_tx", "ts": "2025-09-18T03:52:40.744012Z", "event": "task_start", "timestamp": "2025-09-18T03:52:40.744012Z", "run_id": "RUN123", "level": "info"}
HTTP Request: GET https://api.blockchain.info/q/getblockcount "HTTP/1.1 200 OK"
{"symbol": "BTC", "source": "blockchain.info", "event": "onchain_success", "timestamp": "2025-09-18T03:52:41.310966Z", "run_id": "RUN123", "level": "info"}
{"task": "onchain_tx", "event": "task_ok", "timestamp": "2025-09-18T03:52:41.311966Z", "run_id": "RUN123", "level": "info"}
{"task": "onchain_tx", "duration": 0.567954, "event": "task_end", "timestamp": "2025-09-18T03:52:41.311966Z", "run_id": "RUN123", "level": "info"}
Job "task_wrapper (trigger: interval[0:30:20.099607], next run at: 2025-09-18 06:23:00 CEST)" executed successfully
Running job "task_wrapper (trigger: interval[0:05:03.429341], next run at: 2025-09-18 05:57:48 CEST)" (scheduled at 2025-09-18 05:52:45.498134+02:00)
{"task": "derivatives_lsr", "ts": "2025-09-18T03:52:45.501385Z", "event": "task_start", "timestamp": "2025-09-18T03:52:45.501385Z", "run_id": "RUN123", "level": "info"}
{"symbol": "BTCUSDT", "metric": "long_short_ratio", "event": "deriv_cache_hit", "timestamp": "2025-09-18T03:52:45.502367Z", "run_id": "RUN123", "level": "info"}
{"task": "derivatives_lsr", "event": "task_ok", "timestamp": "2025-09-18T03:52:45.503369Z", "run_id": "RUN123", "level": "info"}
{"task": "derivatives_lsr", "duration": 0.001984, "event": "task_end", "timestamp": "2025-09-18T03:52:45.503369Z", "run_id": "RUN123", "level": "info"}
Job "task_wrapper (trigger: interval[0:05:03.429341], next run at: 2025-09-18 05:57:48 CEST)" executed successfully
Running job "task_wrapper (trigger: interval[0:05:03.685195], next run at: 2025-09-18 05:58:04 CEST)" (scheduled at 2025-09-18 05:53:00.839377+02:00)
{"task": "macro", "ts": "2025-09-18T03:53:00.861859Z", "event": "task_start", "timestamp": "2025-09-18T03:53:00.861859Z", "run_id": "RUN123", "level": "info"}
HTTP Request: GET https://api.coingecko.com/api/v3/coins/bitcoin "HTTP/1.1 200 OK"
{"symbol": "bitcoin", "source": "coingecko", "event": "macro_success", "timestamp": "2025-09-18T03:53:01.428879Z", "run_id": "RUN123", "level": "info"}
{"task": "macro", "event": "task_ok", "timestamp": "2025-09-18T03:53:01.430865Z", "run_id": "RUN123", "level": "info"}
{"task": "macro", "duration": 0.569006, "event": "task_end", "timestamp": "2025-09-18T03:53:01.430865Z", "run_id": "RUN123", "level": "info"}
Job "task_wrapper (trigger: interval[0:05:03.685195], next run at: 2025-09-18 05:58:04 CEST)" executed successfully
{"alive": true, "rss_mb": 66.1, "cpu_percent": 0.0, "event": "heartbeat", "timestamp": "2025-09-18T03:53:25.188894Z", "run_id": "RUN123", "level": "info"}
{"alive": true, "rss_mb": 66.1, "cpu_percent": 0.0, "event": "heartbeat", "timestamp": "2025-09-18T03:54:25.187503Z", "run_id": "RUN123", "level": "info"}
Running job "task_wrapper (trigger: interval[0:05:00.485919], next run at: 2025-09-18 05:59:49 CEST)" (scheduled at 2025-09-18 05:54:49.376734+02:00)
{"task": "derivatives_oi", "ts": "2025-09-18T03:54:49.387171Z", "event": "task_start", "timestamp": "2025-09-18T03:54:49.387171Z", "run_id": "RUN123", "level": "info"}
{"symbol": "BTCUSDT", "event": "deriv_cache_hit", "timestamp": "2025-09-18T03:54:49.388157Z", "run_id": "RUN123", "level": "info"}
{"task": "derivatives_oi", "event": "task_ok", "timestamp": "2025-09-18T03:54:49.389156Z", "run_id": "RUN123", "level": "info"}
{"task": "derivatives_oi", "duration": 0.001985, "event": "task_end", "timestamp": "2025-09-18T03:54:49.389156Z", "run_id": "RUN123", "level": "info"}
Job "task_wrapper (trigger: interval[0:05:00.485919], next run at: 2025-09-18 05:59:49 CEST)" executed successfully
{"alive": true, "rss_mb": 66.1, "cpu_percent": 0.0, "event": "heartbeat", "timestamp": "2025-09-18T03:55:25.200261Z", "run_id": "RUN123", "level": "info"}
{"alive": true, "rss_mb": 66.1, "cpu_percent": 0.0, "event": "heartbeat", "timestamp": "2025-09-18T03:56:25.206924Z", "run_id": "RUN123", "level": "info"}
{"alive": true, "rss_mb": 66.1, "cpu_percent": 0.0, "event": "heartbeat", "timestamp": "2025-09-18T03:57:25.209997Z", "run_id": "RUN123", "level": "info"}
Running job "task_wrapper (trigger: interval[0:05:03.429341], next run at: 2025-09-18 06:02:52 CEST)" (scheduled at 2025-09-18 05:57:48.927475+02:00)
{"task": "derivatives_lsr", "ts": "2025-09-18T03:57:48.931103Z", "event": "task_start", "timestamp": "2025-09-18T03:57:48.931103Z", "run_id": "RUN123", "level": "info"}
{"symbol": "BTCUSDT", "metric": "long_short_ratio", "event": "deriv_cache_hit", "timestamp": "2025-09-18T03:57:48.932095Z", "run_id": "RUN123", "level": "info"}
{"task": "derivatives_lsr", "event": "task_ok", "timestamp": "2025-09-18T03:57:48.932095Z", "run_id": "RUN123", "level": "info"}
{"task": "derivatives_lsr", "duration": 0.001986, "event": "task_end", "timestamp": "2025-09-18T03:57:48.933089Z", "run_id": "RUN123", "level": "info"}
Job "task_wrapper (trigger: interval[0:05:03.429341], next run at: 2025-09-18 06:02:52 CEST)" executed successfully
Running job "task_wrapper (trigger: interval[0:05:03.685195], next run at: 2025-09-18 06:03:08 CEST)" (scheduled at 2025-09-18 05:58:04.524572+02:00)
{"task": "macro", "ts": "2025-09-18T03:58:04.568965Z", "event": "task_start", "timestamp": "2025-09-18T03:58:04.568965Z", "run_id": "RUN123", "level": "info"}
HTTP Request: GET https://api.coingecko.com/api/v3/coins/bitcoin "HTTP/1.1 200 OK"
{"symbol": "bitcoin", "source": "coingecko", "event": "macro_success", "timestamp": "2025-09-18T03:58:05.596742Z", "run_id": "RUN123", "level": "info"}
{"task": "macro", "event": "task_ok", "timestamp": "2025-09-18T03:58:05.598743Z", "run_id": "RUN123", "level": "info"}
{"task": "macro", "duration": 1.03078, "event": "task_end", "timestamp": "2025-09-18T03:58:05.599745Z", "run_id": "RUN123", "level": "info"}
Job "task_wrapper (trigger: interval[0:05:03.685195], next run at: 2025-09-18 06:03:08 CEST)" executed successfully
{"alive": true, "rss_mb": 66.3, "cpu_percent": 0.0, "event": "heartbeat", "timestamp": "2025-09-18T03:58:25.218277Z", "run_id": "RUN123", "level": "info"}
{"alive": true, "rss_mb": 66.3, "cpu_percent": 0.0, "event": "heartbeat", "timestamp": "2025-09-18T03:59:25.221663Z", "run_id": "RUN123", "level": "info"}
Running job "task_wrapper (trigger: interval[0:31:01.155603], next run at: 2025-09-18 06:30:32 CEST)" (scheduled at 2025-09-18 05:59:31.288708+02:00)
{"task": "onchain_hashrate", "ts": "2025-09-18T03:59:31.306278Z", "event": "task_start", "timestamp": "2025-09-18T03:59:31.306278Z", "run_id": "RUN123", "level": "info"}
{"symbol": "BTC", "event": "onchain_cache_hit", "timestamp": "2025-09-18T03:59:31.306278Z", "run_id": "RUN123", "level": "info"}
{"task": "onchain_hashrate", "event": "task_ok", "timestamp": "2025-09-18T03:59:31.307274Z", "run_id": "RUN123", "level": "info"}
{"task": "onchain_hashrate", "duration": 0.000996, "event": "task_end", "timestamp": "2025-09-18T03:59:31.307274Z", "run_id": "RUN123", "level": "info"}
Job "task_wrapper (trigger: interval[0:31:01.155603], next run at: 2025-09-18 06:30:32 CEST)" executed successfully
Running job "task_wrapper (trigger: interval[0:05:00.485919], next run at: 2025-09-18 06:04:50 CEST)" (scheduled at 2025-09-18 05:59:49.862653+02:00)
{"task": "derivatives_oi", "ts": "2025-09-18T03:59:49.869657Z", "event": "task_start", "timestamp": "2025-09-18T03:59:49.869657Z", "run_id": "RUN123", "level": "info"}
{"symbol": "BTCUSDT", "event": "deriv_cache_hit", "timestamp": "2025-09-18T03:59:49.870650Z", "run_id": "RUN123", "level": "info"}
{"task": "derivatives_oi", "event": "task_ok", "timestamp": "2025-09-18T03:59:49.871653Z", "run_id": "RUN123", "level": "info"}
{"task": "derivatives_oi", "duration": 0.001996, "event": "task_end", "timestamp": "2025-09-18T03:59:49.871653Z", "run_id": "RUN123", "level": "info"}
Job "task_wrapper (trigger: interval[0:05:00.485919], next run at: 2025-09-18 06:04:50 CEST)" executed successfully
Running job "task_wrapper (trigger: interval[0:31:05.669810], next run at: 2025-09-18 06:31:22 CEST)" (scheduled at 2025-09-18 06:00:16.431777+02:00)
{"task": "onchain_sopr", "ts": "2025-09-18T04:00:16.444216Z", "event": "task_start", "timestamp": "2025-09-18T04:00:16.444216Z", "run_id": "RUN123", "level": "info"}
{"symbol": "BTC", "event": "onchain_cache_hit", "timestamp": "2025-09-18T04:00:16.445217Z", "run_id": "RUN123", "level": "info"}
{"task": "onchain_sopr", "event": "task_ok", "timestamp": "2025-09-18T04:00:16.445217Z", "run_id": "RUN123", "level": "info"}
{"task": "onchain_sopr", "duration": 0.001001, "event": "task_end", "timestamp": "2025-09-18T04:00:16.445217Z", "run_id": "RUN123", "level": "info"}
Job "task_wrapper (trigger: interval[0:31:05.669810], next run at: 2025-09-18 06:31:22 CEST)" executed successfully
{"alive": true, "rss_mb": 66.3, "cpu_percent": 0.0, "event": "heartbeat", "timestamp": "2025-09-18T04:00:25.233430Z", "run_id": "RUN123", "level": "info"}
{"alive": true, "rss_mb": 66.3, "cpu_percent": 0.0, "event": "heartbeat", "timestamp": "2025-09-18T04:01:25.242337Z", "run_id": "RUN123", "level": "info"}
Running job "task_wrapper (trigger: interval[0:15:38.637530], next run at: 2025-09-18 06:17:51 CEST)" (scheduled at 2025-09-18 06:02:12.480273+02:00)
{"task": "defillama", "ts": "2025-09-18T04:02:12.500496Z", "event": "task_start", "timestamp": "2025-09-18T04:02:12.500496Z", "run_id": "RUN123", "level": "info"}
{"chain": "ethereum", "event": "defillama_cache_hit", "timestamp": "2025-09-18T04:02:12.500496Z", "run_id": "RUN123", "level": "info"}
{"task": "defillama", "event": "task_ok", "timestamp": "2025-09-18T04:02:12.501493Z", "run_id": "RUN123", "level": "info"}
{"task": "defillama", "duration": 0.001997, "event": "task_end", "timestamp": "2025-09-18T04:02:12.502493Z", "run_id": "RUN123", "level": "info"}
Job "task_wrapper (trigger: interval[0:15:38.637530], next run at: 2025-09-18 06:17:51 CEST)" executed successfully
{"alive": true, "rss_mb": 66.3, "cpu_percent": 0.0, "event": "heartbeat", "timestamp": "2025-09-18T04:02:25.251873Z", "run_id": "RUN123", "level": "info"}
Running job "task_wrapper (trigger: interval[0:05:03.429341], next run at: 2025-09-18 06:07:55 CEST)" (scheduled at 2025-09-18 06:02:52.356816+02:00)
{"task": "derivatives_lsr", "ts": "2025-09-18T04:02:52.359732Z", "event": "task_start", "timestamp": "2025-09-18T04:02:52.359732Z", "run_id": "RUN123", "level": "info"}
{"symbol": "BTCUSDT", "metric": "long_short_ratio", "event": "deriv_cache_hit", "timestamp": "2025-09-18T04:02:52.360746Z", "run_id": "RUN123", "level": "info"}
{"task": "derivatives_lsr", "event": "task_ok", "timestamp": "2025-09-18T04:02:52.360746Z", "run_id": "RUN123", "level": "info"}
{"task": "derivatives_lsr", "duration": 0.002029, "event": "task_end", "timestamp": "2025-09-18T04:02:52.361761Z", "run_id": "RUN123", "level": "info"}
Job "task_wrapper (trigger: interval[0:05:03.429341], next run at: 2025-09-18 06:07:55 CEST)" executed successfully
Running job "task_wrapper (trigger: interval[0:05:03.685195], next run at: 2025-09-18 06:08:11 CEST)" (scheduled at 2025-09-18 06:03:08.209767+02:00)
{"task": "macro", "ts": "2025-09-18T04:03:08.214898Z", "event": "task_start", "timestamp": "2025-09-18T04:03:08.214898Z", "run_id": "RUN123", "level": "info"}
HTTP Request: GET https://api.coingecko.com/api/v3/coins/bitcoin "HTTP/1.1 200 OK"
{"symbol": "bitcoin", "source": "coingecko", "event": "macro_success", "timestamp": "2025-09-18T04:03:08.813108Z", "run_id": "RUN123", "level": "info"}
{"task": "macro", "event": "task_ok", "timestamp": "2025-09-18T04:03:08.814110Z", "run_id": "RUN123", "level": "info"}
{"task": "macro", "duration": 0.600216, "event": "task_end", "timestamp": "2025-09-18T04:03:08.815114Z", "run_id": "RUN123", "level": "info"}
Job "task_wrapper (trigger: interval[0:05:03.685195], next run at: 2025-09-18 06:08:11 CEST)" executed successfully
{"alive": true, "rss_mb": 66.3, "cpu_percent": 0.0, "event": "heartbeat", "timestamp": "2025-09-18T04:03:25.260913Z", "run_id": "RUN123", "level": "info"}
{"alive": true, "rss_mb": 66.3, "cpu_percent": 0.0, "event": "heartbeat", "timestamp": "2025-09-18T04:04:25.266534Z", "run_id": "RUN123", "level": "info"}
Running job "task_wrapper (trigger: interval[0:05:00.485919], next run at: 2025-09-18 06:09:50 CEST)" (scheduled at 2025-09-18 06:04:50.348572+02:00)
{"task": "derivatives_oi", "ts": "2025-09-18T04:04:50.357973Z", "event": "task_start", "timestamp": "2025-09-18T04:04:50.357973Z", "run_id": "RUN123", "level": "info"}
{"symbol": "BTCUSDT", "event": "deriv_cache_hit", "timestamp": "2025-09-18T04:04:50.357973Z", "run_id": "RUN123", "level": "info"}
{"task": "derivatives_oi", "event": "task_ok", "timestamp": "2025-09-18T04:04:50.358980Z", "run_id": "RUN123", "level": "info"}
{"task": "derivatives_oi", "duration": 0.001007, "event": "task_end", "timestamp": "2025-09-18T04:04:50.359979Z", "run_id": "RUN123", "level": "info"}
Job "task_wrapper (trigger: interval[0:05:00.485919], next run at: 2025-09-18 06:09:50 CEST)" executed successfully
{"alive": true, "rss_mb": 66.3, "cpu_percent": 0.0, "event": "heartbeat", "timestamp": "2025-09-18T04:05:25.258882Z", "run_id": "RUN123", "level": "info"}
{"alive": true, "rss_mb": 66.3, "cpu_percent": 0.0, "event": "heartbeat", "timestamp": "2025-09-18T04:06:25.276186Z", "run_id": "RUN123", "level": "info"}
{"alive": true, "rss_mb": 66.2, "cpu_percent": 0.0, "event": "heartbeat", "timestamp": "2025-09-18T04:07:25.297821Z", "run_id": "RUN123", "level": "info"}
Running job "task_wrapper (trigger: interval[0:05:03.429341], next run at: 2025-09-18 06:12:59 CEST)" (scheduled at 2025-09-18 06:07:55.786157+02:00)
{"task": "derivatives_lsr", "ts": "2025-09-18T04:07:55.799081Z", "event": "task_start", "timestamp": "2025-09-18T04:07:55.799081Z", "run_id": "RUN123", "level": "info"}
{"symbol": "BTCUSDT", "metric": "long_short_ratio", "event": "deriv_cache_hit", "timestamp": "2025-09-18T04:07:55.800078Z", "run_id": "RUN123", "level": "info"}
{"task": "derivatives_lsr", "event": "task_ok", "timestamp": "2025-09-18T04:07:55.800078Z", "run_id": "RUN123", "level": "info"}
{"task": "derivatives_lsr", "duration": 0.002005, "event": "task_end", "timestamp": "2025-09-18T04:07:55.801086Z", "run_id": "RUN123", "level": "info"}
Job "task_wrapper (trigger: interval[0:05:03.429341], next run at: 2025-09-18 06:12:59 CEST)" executed successfully
Running job "task_wrapper (trigger: interval[0:05:03.685195], next run at: 2025-09-18 06:13:15 CEST)" (scheduled at 2025-09-18 06:08:11.894962+02:00)
{"task": "macro", "ts": "2025-09-18T04:08:11.903700Z", "event": "task_start", "timestamp": "2025-09-18T04:08:11.903700Z", "run_id": "RUN123", "level": "info"}
HTTP Request: GET https://api.coingecko.com/api/v3/coins/bitcoin "HTTP/1.1 200 OK"
{"symbol": "bitcoin", "source": "coingecko", "event": "macro_success", "timestamp": "2025-09-18T04:08:12.559652Z", "run_id": "RUN123", "level": "info"}
{"task": "macro", "event": "task_ok", "timestamp": "2025-09-18T04:08:12.561615Z", "run_id": "RUN123", "level": "info"}
{"task": "macro", "duration": 0.658917, "event": "task_end", "timestamp": "2025-09-18T04:08:12.562617Z", "run_id": "RUN123", "level": "info"}
Job "task_wrapper (trigger: interval[0:05:03.685195], next run at: 2025-09-18 06:13:15 CEST)" executed successfully
{"alive": true, "rss_mb": 66.2, "cpu_percent": 0.0, "event": "heartbeat", "timestamp": "2025-09-18T04:08:25.299480Z", "run_id": "RUN123", "level": "info"}
{"alive": true, "rss_mb": 66.2, "cpu_percent": 0.0, "event": "heartbeat", "timestamp": "2025-09-18T04:09:25.307783Z", "run_id": "RUN123", "level": "info"}
Running job "task_wrapper (trigger: interval[0:05:00.485919], next run at: 2025-09-18 06:14:51 CEST)" (scheduled at 2025-09-18 06:09:50.834491+02:00)
{"task": "derivatives_oi", "ts": "2025-09-18T04:09:50.837436Z", "event": "task_start", "timestamp": "2025-09-18T04:09:50.837436Z", "run_id": "RUN123", "level": "info"}
{"symbol": "BTCUSDT", "event": "deriv_cache_hit", "timestamp": "2025-09-18T04:09:50.838433Z", "run_id": "RUN123", "level": "info"}
{"task": "derivatives_oi", "event": "task_ok", "timestamp": "2025-09-18T04:09:50.839426Z", "run_id": "RUN123", "level": "info"}
{"task": "derivatives_oi", "duration": 0.00199, "event": "task_end", "timestamp": "2025-09-18T04:09:50.839426Z", "run_id": "RUN123", "level": "info"}
Job "task_wrapper (trigger: interval[0:05:00.485919], next run at: 2025-09-18 06:14:51 CEST)" executed successfully
{"alive": true, "rss_mb": 66.2, "cpu_percent": 0.0, "event": "heartbeat", "timestamp": "2025-09-18T04:10:25.331374Z", "run_id": "RUN123", "level": "info"}
{"alive": true, "rss_mb": 66.2, "cpu_percent": 0.0, "event": "heartbeat", "timestamp": "2025-09-18T04:11:25.336591Z", "run_id": "RUN123", "level": "info"}
{"alive": true, "rss_mb": 66.2, "cpu_percent": 0.0, "event": "heartbeat", "timestamp": "2025-09-18T04:12:25.339760Z", "run_id": "RUN123", "level": "info"}
Running job "task_wrapper (trigger: interval[0:05:03.429341], next run at: 2025-09-18 06:18:02 CEST)" (scheduled at 2025-09-18 06:12:59.215498+02:00)
{"task": "derivatives_lsr", "ts": "2025-09-18T04:12:59.229334Z", "event": "task_start", "timestamp": "2025-09-18T04:12:59.229334Z", "run_id": "RUN123", "level": "info"}
{"symbol": "BTCUSDT", "metric": "long_short_ratio", "event": "deriv_cache_hit", "timestamp": "2025-09-18T04:12:59.230337Z", "run_id": "RUN123", "level": "info"}
{"task": "derivatives_lsr", "event": "task_ok", "timestamp": "2025-09-18T04:12:59.231343Z", "run_id": "RUN123", "level": "info"}
{"task": "derivatives_lsr", "duration": 0.002009, "event": "task_end", "timestamp": "2025-09-18T04:12:59.231343Z", "run_id": "RUN123", "level": "info"}
Job "task_wrapper (trigger: interval[0:05:03.429341], next run at: 2025-09-18 06:18:02 CEST)" executed successfully
Running job "task_wrapper (trigger: interval[0:05:03.685195], next run at: 2025-09-18 06:18:19 CEST)" (scheduled at 2025-09-18 06:13:15.580157+02:00)
{"task": "macro", "ts": "2025-09-18T04:13:15.595278Z", "event": "task_start", "timestamp": "2025-09-18T04:13:15.595278Z", "run_id": "RUN123", "level": "info"}
HTTP Request: GET https://api.coingecko.com/api/v3/coins/bitcoin "HTTP/1.1 200 OK"
{"symbol": "bitcoin", "source": "coingecko", "event": "macro_success", "timestamp": "2025-09-18T04:13:16.135125Z", "run_id": "RUN123", "level": "info"}
{"task": "macro", "event": "task_ok", "timestamp": "2025-09-18T04:13:16.135840Z", "run_id": "RUN123", "level": "info"}
{"task": "macro", "duration": 0.541583, "event": "task_end", "timestamp": "2025-09-18T04:13:16.136861Z", "run_id": "RUN123", "level": "info"}
Job "task_wrapper (trigger: interval[0:05:03.685195], next run at: 2025-09-18 06:18:19 CEST)" executed successfully
{"alive": true, "rss_mb": 66.6, "cpu_percent": 0.0, "event": "heartbeat", "timestamp": "2025-09-18T04:13:25.339002Z", "run_id": "RUN123", "level": "info"}
{"alive": true, "rss_mb": 66.6, "cpu_percent": 0.0, "event": "heartbeat", "timestamp": "2025-09-18T04:14:25.354080Z", "run_id": "RUN123", "level": "info"}
Running job "task_wrapper (trigger: interval[0:05:00.485919], next run at: 2025-09-18 06:19:51 CEST)" (scheduled at 2025-09-18 06:14:51.320410+02:00)
{"task": "derivatives_oi", "ts": "2025-09-18T04:14:51.329031Z", "event": "task_start", "timestamp": "2025-09-18T04:14:51.329031Z", "run_id": "RUN123", "level": "info"}
{"symbol": "BTCUSDT", "event": "deriv_cache_hit", "timestamp": "2025-09-18T04:14:51.330029Z", "run_id": "RUN123", "level": "info"}
{"task": "derivatives_oi", "event": "task_ok", "timestamp": "2025-09-18T04:14:51.330029Z", "run_id": "RUN123", "level": "info"}
{"task": "derivatives_oi", "duration": 0.001995, "event": "task_end", "timestamp": "2025-09-18T04:14:51.331026Z", "run_id": "RUN123", "level": "info"}
Job "task_wrapper (trigger: interval[0:05:00.485919], next run at: 2025-09-18 06:19:51 CEST)" executed successfully
{"alive": true, "rss_mb": 66.6, "cpu_percent": 0.0, "event": "heartbeat", "timestamp": "2025-09-18T04:15:25.378412Z", "run_id": "RUN123", "level": "info"}
{"alive": true, "rss_mb": 66.6, "cpu_percent": 0.0, "event": "heartbeat", "timestamp": "2025-09-18T04:16:25.374655Z", "run_id": "RUN123", "level": "info"}
{"alive": true, "rss_mb": 66.6, "cpu_percent": 0.0, "event": "heartbeat", "timestamp": "2025-09-18T04:17:25.378464Z", "run_id": "RUN123", "level": "info"}
Running job "task_wrapper (trigger: interval[0:15:38.637530], next run at: 2025-09-18 06:33:29 CEST)" (scheduled at 2025-09-18 06:17:51.117803+02:00)
{"task": "defillama", "ts": "2025-09-18T04:17:51.138278Z", "event": "task_start", "timestamp": "2025-09-18T04:17:51.138278Z", "run_id": "RUN123", "level": "info"}
{"chain": "ethereum", "event": "defillama_cache_hit", "timestamp": "2025-09-18T04:17:51.139269Z", "run_id": "RUN123", "level": "info"}
{"task": "defillama", "event": "task_ok", "timestamp": "2025-09-18T04:17:51.139269Z", "run_id": "RUN123", "level": "info"}
{"task": "defillama", "duration": 0.001989, "event": "task_end", "timestamp": "2025-09-18T04:17:51.140267Z", "run_id": "RUN123", "level": "info"}
Job "task_wrapper (trigger: interval[0:15:38.637530], next run at: 2025-09-18 06:33:29 CEST)" executed successfully
Running job "task_wrapper (trigger: interval[0:05:03.429341], next run at: 2025-09-18 06:23:06 CEST)" (scheduled at 2025-09-18 06:18:02.644839+02:00)
{"task": "derivatives_lsr", "ts": "2025-09-18T04:18:02.661920Z", "event": "task_start", "timestamp": "2025-09-18T04:18:02.661920Z", "run_id": "RUN123", "level": "info"}
{"symbol": "BTCUSDT", "metric": "long_short_ratio", "event": "deriv_cache_hit", "timestamp": "2025-09-18T04:18:02.662913Z", "run_id": "RUN123", "level": "info"}
{"task": "derivatives_lsr", "event": "task_ok", "timestamp": "2025-09-18T04:18:02.662913Z", "run_id": "RUN123", "level": "info"}
{"task": "derivatives_lsr", "duration": 0.001991, "event": "task_end", "timestamp": "2025-09-18T04:18:02.663911Z", "run_id": "RUN123", "level": "info"}
Job "task_wrapper (trigger: interval[0:05:03.429341], next run at: 2025-09-18 06:23:06 CEST)" executed successfully
Running job "task_wrapper (trigger: interval[0:05:03.685195], next run at: 2025-09-18 06:23:22 CEST)" (scheduled at 2025-09-18 06:18:19.265352+02:00)
{"task": "macro", "ts": "2025-09-18T04:18:19.278220Z", "event": "task_start", "timestamp": "2025-09-18T04:18:19.278220Z", "run_id": "RUN123", "level": "info"}
HTTP Request: GET https://api.coingecko.com/api/v3/coins/bitcoin "HTTP/1.1 200 OK"
{"symbol": "bitcoin", "source": "coingecko", "event": "macro_success", "timestamp": "2025-09-18T04:18:19.890885Z", "run_id": "RUN123", "level": "info"}
{"task": "macro", "event": "task_ok", "timestamp": "2025-09-18T04:18:19.902934Z", "run_id": "RUN123", "level": "info"}
{"task": "macro", "duration": 0.625716, "event": "task_end", "timestamp": "2025-09-18T04:18:19.903936Z", "run_id": "RUN123", "level": "info"}
Job "task_wrapper (trigger: interval[0:05:03.685195], next run at: 2025-09-18 06:23:22 CEST)" executed successfully
{"alive": true, "rss_mb": 63.5, "cpu_percent": 0.0, "event": "heartbeat", "timestamp": "2025-09-18T04:18:25.378363Z", "run_id": "RUN123", "level": "info"}
{"alive": true, "rss_mb": 63.5, "cpu_percent": 0.0, "event": "heartbeat", "timestamp": "2025-09-18T04:19:25.376301Z", "run_id": "RUN123", "level": "info"}
Running job "task_wrapper (trigger: interval[0:05:00.485919], next run at: 2025-09-18 06:24:52 CEST)" (scheduled at 2025-09-18 06:19:51.806329+02:00)
{"task": "derivatives_oi", "ts": "2025-09-18T04:19:51.818229Z", "event": "task_start", "timestamp": "2025-09-18T04:19:51.818229Z", "run_id": "RUN123", "level": "info"}
{"symbol": "BTCUSDT", "event": "deriv_cache_hit", "timestamp": "2025-09-18T04:19:51.819225Z", "run_id": "RUN123", "level": "info"}
{"task": "derivatives_oi", "event": "task_ok", "timestamp": "2025-09-18T04:19:51.819225Z", "run_id": "RUN123", "level": "info"}
{"task": "derivatives_oi", "duration": 0.001993, "event": "task_end", "timestamp": "2025-09-18T04:19:51.820222Z", "run_id": "RUN123", "level": "info"}
Job "task_wrapper (trigger: interval[0:05:00.485919], next run at: 2025-09-18 06:24:52 CEST)" executed successfully
{"alive": true, "rss_mb": 63.5, "cpu_percent": 0.0, "event": "heartbeat", "timestamp": "2025-09-18T04:20:25.390820Z", "run_id": "RUN123", "level": "info"}
{"alive": true, "rss_mb": 63.5, "cpu_percent": 0.0, "event": "heartbeat", "timestamp": "2025-09-18T04:21:25.414283Z", "run_id": "RUN123", "level": "info"}
{"alive": true, "rss_mb": 63.4, "cpu_percent": 0.0, "event": "heartbeat", "timestamp": "2025-09-18T04:22:25.420151Z", "run_id": "RUN123", "level": "info"}
Running job "task_wrapper (trigger: interval[0:30:20.099607], next run at: 2025-09-18 06:53:20 CEST)" (scheduled at 2025-09-18 06:23:00.826351+02:00)
{"task": "onchain_tx", "ts": "2025-09-18T04:23:00.842895Z", "event": "task_start", "timestamp": "2025-09-18T04:23:00.842895Z", "run_id": "RUN123", "level": "info"}
HTTP Request: GET https://api.blockchain.info/q/getblockcount "HTTP/1.1 200 OK"
{"symbol": "BTC", "source": "blockchain.info", "event": "onchain_success", "timestamp": "2025-09-18T04:23:01.416336Z", "run_id": "RUN123", "level": "info"}
{"task": "onchain_tx", "event": "task_ok", "timestamp": "2025-09-18T04:23:01.417316Z", "run_id": "RUN123", "level": "info"}
{"task": "onchain_tx", "duration": 0.575019, "event": "task_end", "timestamp": "2025-09-18T04:23:01.417914Z", "run_id": "RUN123", "level": "info"}
Job "task_wrapper (trigger: interval[0:30:20.099607], next run at: 2025-09-18 06:53:20 CEST)" executed successfully
Running job "task_wrapper (trigger: interval[0:05:03.429341], next run at: 2025-09-18 06:28:09 CEST)" (scheduled at 2025-09-18 06:23:06.074180+02:00)
{"task": "derivatives_lsr", "ts": "2025-09-18T04:23:06.089225Z", "event": "task_start", "timestamp": "2025-09-18T04:23:06.089225Z", "run_id": "RUN123", "level": "info"}
{"symbol": "BTCUSDT", "metric": "long_short_ratio", "event": "deriv_cache_hit", "timestamp": "2025-09-18T04:23:06.090222Z", "run_id": "RUN123", "level": "info"}
{"task": "derivatives_lsr", "event": "task_ok", "timestamp": "2025-09-18T04:23:06.090222Z", "run_id": "RUN123", "level": "info"}
{"task": "derivatives_lsr", "duration": 0.00199, "event": "task_end", "timestamp": "2025-09-18T04:23:06.091215Z", "run_id": "RUN123", "level": "info"}
Job "task_wrapper (trigger: interval[0:05:03.429341], next run at: 2025-09-18 06:28:09 CEST)" executed successfully
Running job "task_wrapper (trigger: interval[0:05:03.685195], next run at: 2025-09-18 06:28:26 CEST)" (scheduled at 2025-09-18 06:23:22.950547+02:00)
{"task": "macro", "ts": "2025-09-18T04:23:22.960837Z", "event": "task_start", "timestamp": "2025-09-18T04:23:22.960837Z", "run_id": "RUN123", "level": "info"}
HTTP Request: GET https://api.coingecko.com/api/v3/coins/bitcoin "HTTP/1.1 200 OK"
{"symbol": "bitcoin", "source": "coingecko", "event": "macro_success", "timestamp": "2025-09-18T04:23:23.548344Z", "run_id": "RUN123", "level": "info"}
{"task": "macro", "event": "task_ok", "timestamp": "2025-09-18T04:23:23.550349Z", "run_id": "RUN123", "level": "info"}
{"task": "macro", "duration": 0.590509, "event": "task_end", "timestamp": "2025-09-18T04:23:23.551346Z", "run_id": "RUN123", "level": "info"}
Job "task_wrapper (trigger: interval[0:05:03.685195], next run at: 2025-09-18 06:28:26 CEST)" executed successfully
{"alive": true, "rss_mb": 59.8, "cpu_percent": 0.0, "event": "heartbeat", "timestamp": "2025-09-18T04:23:25.431831Z", "run_id": "RUN123", "level": "info"}
{"alive": true, "rss_mb": 59.8, "cpu_percent": 0.0, "event": "heartbeat", "timestamp": "2025-09-18T04:24:25.434931Z", "run_id": "RUN123", "level": "info"}
Running job "task_wrapper (trigger: interval[0:05:00.485919], next run at: 2025-09-18 06:29:52 CEST)" (scheduled at 2025-09-18 06:24:52.292248+02:00)
{"task": "derivatives_oi", "ts": "2025-09-18T04:24:52.311940Z", "event": "task_start", "timestamp": "2025-09-18T04:24:52.311940Z", "run_id": "RUN123", "level": "info"}
{"symbol": "BTCUSDT", "event": "deriv_cache_hit", "timestamp": "2025-09-18T04:24:52.312935Z", "run_id": "RUN123", "level": "info"}
{"task": "derivatives_oi", "event": "task_ok", "timestamp": "2025-09-18T04:24:52.312935Z", "run_id": "RUN123", "level": "info"}
{"task": "derivatives_oi", "duration": 0.001994, "event": "task_end", "timestamp": "2025-09-18T04:24:52.313934Z", "run_id": "RUN123", "level": "info"}
Job "task_wrapper (trigger: interval[0:05:00.485919], next run at: 2025-09-18 06:29:52 CEST)" executed successfully
{"alive": true, "rss_mb": 59.8, "cpu_percent": 0.0, "event": "heartbeat", "timestamp": "2025-09-18T04:25:25.443686Z", "run_id": "RUN123", "level": "info"}
{"alive": true, "rss_mb": 59.8, "cpu_percent": 0.0, "event": "heartbeat", "timestamp": "2025-09-18T04:26:25.442042Z", "run_id": "RUN123", "level": "info"}
{"alive": true, "rss_mb": 59.8, "cpu_percent": 0.0, "event": "heartbeat", "timestamp": "2025-09-18T04:27:25.464291Z", "run_id": "RUN123", "level": "info"}
Running job "task_wrapper (trigger: interval[0:05:03.429341], next run at: 2025-09-18 06:33:12 CEST)" (scheduled at 2025-09-18 06:28:09.503521+02:00)
{"task": "derivatives_lsr", "ts": "2025-09-18T04:28:09.517533Z", "event": "task_start", "timestamp": "2025-09-18T04:28:09.517533Z", "run_id": "RUN123", "level": "info"}
{"symbol": "BTCUSDT", "metric": "long_short_ratio", "event": "deriv_cache_hit", "timestamp": "2025-09-18T04:28:09.517533Z", "run_id": "RUN123", "level": "info"}
{"task": "derivatives_lsr", "event": "task_ok", "timestamp": "2025-09-18T04:28:09.518535Z", "run_id": "RUN123", "level": "info"}
{"task": "derivatives_lsr", "duration": 0.001999, "event": "task_end", "timestamp": "2025-09-18T04:28:09.519532Z", "run_id": "RUN123", "level": "info"}
Job "task_wrapper (trigger: interval[0:05:03.429341], next run at: 2025-09-18 06:33:12 CEST)" executed successfully
{"alive": true, "rss_mb": 59.8, "cpu_percent": 0.0, "event": "heartbeat", "timestamp": "2025-09-18T04:28:25.457462Z", "run_id": "RUN123", "level": "info"}
Running job "task_wrapper (trigger: interval[0:05:03.685195], next run at: 2025-09-18 06:33:30 CEST)" (scheduled at 2025-09-18 06:28:26.635742+02:00)
{"task": "macro", "ts": "2025-09-18T04:28:26.645753Z", "event": "task_start", "timestamp": "2025-09-18T04:28:26.645753Z", "run_id": "RUN123", "level": "info"}
HTTP Request: GET https://api.coingecko.com/api/v3/coins/bitcoin "HTTP/1.1 200 OK"
{"symbol": "bitcoin", "source": "coingecko", "event": "macro_success", "timestamp": "2025-09-18T04:28:27.223643Z", "run_id": "RUN123", "level": "info"}
{"task": "macro", "event": "task_ok", "timestamp": "2025-09-18T04:28:27.224646Z", "run_id": "RUN123", "level": "info"}
{"task": "macro", "duration": 0.579879, "event": "task_end", "timestamp": "2025-09-18T04:28:27.225632Z", "run_id": "RUN123", "level": "info"}
Job "task_wrapper (trigger: interval[0:05:03.685195], next run at: 2025-09-18 06:33:30 CEST)" executed successfully
{"alive": true, "rss_mb": 60.2, "cpu_percent": 0.0, "event": "heartbeat", "timestamp": "2025-09-18T04:29:25.478958Z", "run_id": "RUN123", "level": "info"}
Running job "task_wrapper (trigger: interval[0:05:00.485919], next run at: 2025-09-18 06:34:53 CEST)" (scheduled at 2025-09-18 06:29:52.778167+02:00)
{"task": "derivatives_oi", "ts": "2025-09-18T04:29:52.793453Z", "event": "task_start", "timestamp": "2025-09-18T04:29:52.793453Z", "run_id": "RUN123", "level": "info"}
{"symbol": "BTCUSDT", "event": "deriv_cache_hit", "timestamp": "2025-09-18T04:29:52.794427Z", "run_id": "RUN123", "level": "info"}
{"task": "derivatives_oi", "event": "task_ok", "timestamp": "2025-09-18T04:29:52.794427Z", "run_id": "RUN123", "level": "info"}
{"task": "derivatives_oi", "duration": 0.001973, "event": "task_end", "timestamp": "2025-09-18T04:29:52.795426Z", "run_id": "RUN123", "level": "info"}
Job "task_wrapper (trigger: interval[0:05:00.485919], next run at: 2025-09-18 06:34:53 CEST)" executed successfully
{"alive": true, "rss_mb": 60.2, "cpu_percent": 0.0, "event": "heartbeat", "timestamp": "2025-09-18T04:30:25.496521Z", "run_id": "RUN123", "level": "info"}
Running job "task_wrapper (trigger: interval[0:31:01.155603], next run at: 2025-09-18 07:01:33 CEST)" (scheduled at 2025-09-18 06:30:32.444311+02:00)
{"task": "onchain_hashrate", "ts": "2025-09-18T04:30:32.458070Z", "event": "task_start", "timestamp": "2025-09-18T04:30:32.458070Z", "run_id": "RUN123", "level": "info"}
{"symbol": "BTC", "event": "onchain_cache_hit", "timestamp": "2025-09-18T04:30:32.459069Z", "run_id": "RUN123", "level": "info"}
{"task": "onchain_hashrate", "event": "task_ok", "timestamp": "2025-09-18T04:30:32.459887Z", "run_id": "RUN123", "level": "info"}
{"task": "onchain_hashrate", "duration": 0.001817, "event": "task_end", "timestamp": "2025-09-18T04:30:32.459887Z", "run_id": "RUN123", "level": "info"}
Job "task_wrapper (trigger: interval[0:31:01.155603], next run at: 2025-09-18 07:01:33 CEST)" executed successfully
Running job "task_wrapper (trigger: interval[0:31:05.669810], next run at: 2025-09-18 07:02:27 CEST)" (scheduled at 2025-09-18 06:31:22.101587+02:00)
{"task": "onchain_sopr", "ts": "2025-09-18T04:31:22.119116Z", "event": "task_start", "timestamp": "2025-09-18T04:31:22.119116Z", "run_id": "RUN123", "level": "info"}
{"symbol": "BTC", "event": "onchain_cache_hit", "timestamp": "2025-09-18T04:31:22.119116Z", "run_id": "RUN123", "level": "info"}
{"task": "onchain_sopr", "event": "task_ok", "timestamp": "2025-09-18T04:31:22.120116Z", "run_id": "RUN123", "level": "info"}
{"task": "onchain_sopr", "duration": 0.001, "event": "task_end", "timestamp": "2025-09-18T04:31:22.120116Z", "run_id": "RUN123", "level": "info"}
Job "task_wrapper (trigger: interval[0:31:05.669810], next run at: 2025-09-18 07:02:27 CEST)" executed successfully
{"alive": true, "rss_mb": 60.2, "cpu_percent": 0.0, "event": "heartbeat", "timestamp": "2025-09-18T04:31:25.517420Z", "run_id": "RUN123", "level": "info"}
{"alive": true, "rss_mb": 60.2, "cpu_percent": 0.0, "event": "heartbeat", "timestamp": "2025-09-18T04:32:25.505908Z", "run_id": "RUN123", "level": "info"}
Running job "task_wrapper (trigger: interval[0:05:03.429341], next run at: 2025-09-18 06:38:16 CEST)" (scheduled at 2025-09-18 06:33:12.932862+02:00)
{"task": "derivatives_lsr", "ts": "2025-09-18T04:33:12.941809Z", "event": "task_start", "timestamp": "2025-09-18T04:33:12.941809Z", "run_id": "RUN123", "level": "info"}
{"symbol": "BTCUSDT", "metric": "long_short_ratio", "event": "deriv_cache_hit", "timestamp": "2025-09-18T04:33:12.942796Z", "run_id": "RUN123", "level": "info"}
{"task": "derivatives_lsr", "event": "task_ok", "timestamp": "2025-09-18T04:33:12.942796Z", "run_id": "RUN123", "level": "info"}
{"task": "derivatives_lsr", "duration": 0.001989, "event": "task_end", "timestamp": "2025-09-18T04:33:12.943798Z", "run_id": "RUN123", "level": "info"}
Job "task_wrapper (trigger: interval[0:05:03.429341], next run at: 2025-09-18 06:38:16 CEST)" executed successfully
{"alive": true, "rss_mb": 60.2, "cpu_percent": 0.0, "event": "heartbeat", "timestamp": "2025-09-18T04:33:25.508451Z", "run_id": "RUN123", "level": "info"}
Running job "task_wrapper (trigger: interval[0:15:38.637530], next run at: 2025-09-18 06:49:08 CEST)" (scheduled at 2025-09-18 06:33:29.755333+02:00)
{"task": "defillama", "ts": "2025-09-18T04:33:29.760499Z", "event": "task_start", "timestamp": "2025-09-18T04:33:29.760499Z", "run_id": "RUN123", "level": "info"}
{"chain": "ethereum", "event": "defillama_cache_hit", "timestamp": "2025-09-18T04:33:29.760499Z", "run_id": "RUN123", "level": "info"}
{"task": "defillama", "event": "task_ok", "timestamp": "2025-09-18T04:33:29.761510Z", "run_id": "RUN123", "level": "info"}
{"task": "defillama", "duration": 0.001011, "event": "task_end", "timestamp": "2025-09-18T04:33:29.761510Z", "run_id": "RUN123", "level": "info"}
Job "task_wrapper (trigger: interval[0:15:38.637530], next run at: 2025-09-18 06:49:08 CEST)" executed successfully
Running job "task_wrapper (trigger: interval[0:05:03.685195], next run at: 2025-09-18 06:38:34 CEST)" (scheduled at 2025-09-18 06:33:30.320937+02:00)
{"task": "macro", "ts": "2025-09-18T04:33:30.340744Z", "event": "task_start", "timestamp": "2025-09-18T04:33:30.340744Z", "run_id": "RUN123", "level": "info"}
HTTP Request: GET https://api.coingecko.com/api/v3/coins/bitcoin "HTTP/1.1 200 OK"
{"symbol": "bitcoin", "source": "coingecko", "event": "macro_success", "timestamp": "2025-09-18T04:33:30.933945Z", "run_id": "RUN123", "level": "info"}
{"task": "macro", "event": "task_ok", "timestamp": "2025-09-18T04:33:30.935944Z", "run_id": "RUN123", "level": "info"}
{"task": "macro", "duration": 0.5952, "event": "task_end", "timestamp": "2025-09-18T04:33:30.935944Z", "run_id": "RUN123", "level": "info"}
Job "task_wrapper (trigger: interval[0:05:03.685195], next run at: 2025-09-18 06:38:34 CEST)" executed successfully
{"alive": true, "rss_mb": 60.4, "cpu_percent": 0.0, "event": "heartbeat", "timestamp": "2025-09-18T04:34:25.512598Z", "run_id": "RUN123", "level": "info"}
Running job "task_wrapper (trigger: interval[0:05:00.485919], next run at: 2025-09-18 06:39:53 CEST)" (scheduled at 2025-09-18 06:34:53.264086+02:00)
{"task": "derivatives_oi", "ts": "2025-09-18T04:34:53.281493Z", "event": "task_start", "timestamp": "2025-09-18T04:34:53.281493Z", "run_id": "RUN123", "level": "info"}
{"symbol": "BTCUSDT", "event": "deriv_cache_hit", "timestamp": "2025-09-18T04:34:53.281493Z", "run_id": "RUN123", "level": "info"}
{"task": "derivatives_oi", "event": "task_ok", "timestamp": "2025-09-18T04:34:53.282496Z", "run_id": "RUN123", "level": "info"}
{"task": "derivatives_oi", "duration": 0.001003, "event": "task_end", "timestamp": "2025-09-18T04:34:53.282496Z", "run_id": "RUN123", "level": "info"}
Job "task_wrapper (trigger: interval[0:05:00.485919], next run at: 2025-09-18 06:39:53 CEST)" executed successfully
{"alive": true, "rss_mb": 60.4, "cpu_percent": 0.0, "event": "heartbeat", "timestamp": "2025-09-18T04:35:25.513854Z", "run_id": "RUN123", "level": "info"}
{"alive": true, "rss_mb": 60.4, "cpu_percent": 0.0, "event": "heartbeat", "timestamp": "2025-09-18T04:36:25.524222Z", "run_id": "RUN123", "level": "info"}
{"alive": true, "rss_mb": 60.3, "cpu_percent": 0.0, "event": "heartbeat", "timestamp": "2025-09-18T04:37:25.550597Z", "run_id": "RUN123", "level": "info"}
Running job "task_wrapper (trigger: interval[0:05:03.429341], next run at: 2025-09-18 06:43:19 CEST)" (scheduled at 2025-09-18 06:38:16.362203+02:00)
{"task": "derivatives_lsr", "ts": "2025-09-18T04:38:16.375802Z", "event": "task_start", "timestamp": "2025-09-18T04:38:16.375802Z", "run_id": "RUN123", "level": "info"}
{"symbol": "BTCUSDT", "metric": "long_short_ratio", "event": "deriv_cache_hit", "timestamp": "2025-09-18T04:38:16.376802Z", "run_id": "RUN123", "level": "info"}
{"task": "derivatives_lsr", "event": "task_ok", "timestamp": "2025-09-18T04:38:16.376802Z", "run_id": "RUN123", "level": "info"}
{"task": "derivatives_lsr", "duration": 0.001997, "event": "task_end", "timestamp": "2025-09-18T04:38:16.377799Z", "run_id": "RUN123", "level": "info"}
Job "task_wrapper (trigger: interval[0:05:03.429341], next run at: 2025-09-18 06:43:19 CEST)" executed successfully
{"alive": true, "rss_mb": 60.3, "cpu_percent": 0.0, "event": "heartbeat", "timestamp": "2025-09-18T04:38:25.560040Z", "run_id": "RUN123", "level": "info"}
Running job "task_wrapper (trigger: interval[0:05:03.685195], next run at: 2025-09-18 06:43:37 CEST)" (scheduled at 2025-09-18 06:38:34.006132+02:00)
{"task": "macro", "ts": "2025-09-18T04:38:34.015757Z", "event": "task_start", "timestamp": "2025-09-18T04:38:34.015757Z", "run_id": "RUN123", "level": "info"}
HTTP Request: GET https://api.coingecko.com/api/v3/coins/bitcoin "HTTP/1.1 200 OK"
{"symbol": "bitcoin", "source": "coingecko", "event": "macro_success", "timestamp": "2025-09-18T04:38:34.680318Z", "run_id": "RUN123", "level": "info"}
{"task": "macro", "event": "task_ok", "timestamp": "2025-09-18T04:38:34.681323Z", "run_id": "RUN123", "level": "info"}
{"task": "macro", "duration": 0.666557, "event": "task_end", "timestamp": "2025-09-18T04:38:34.682314Z", "run_id": "RUN123", "level": "info"}
Job "task_wrapper (trigger: interval[0:05:03.685195], next run at: 2025-09-18 06:43:37 CEST)" executed successfully
{"alive": true, "rss_mb": 60.8, "cpu_percent": 0.0, "event": "heartbeat", "timestamp": "2025-09-18T04:39:25.556835Z", "run_id": "RUN123", "level": "info"}
Running job "task_wrapper (trigger: interval[0:05:00.485919], next run at: 2025-09-18 06:44:54 CEST)" (scheduled at 2025-09-18 06:39:53.750005+02:00)
{"task": "derivatives_oi", "ts": "2025-09-18T04:39:53.757742Z", "event": "task_start", "timestamp": "2025-09-18T04:39:53.757742Z", "run_id": "RUN123", "level": "info"}
{"symbol": "BTCUSDT", "event": "deriv_cache_hit", "timestamp": "2025-09-18T04:39:53.758745Z", "run_id": "RUN123", "level": "info"}
{"task": "derivatives_oi", "event": "task_ok", "timestamp": "2025-09-18T04:39:53.758745Z", "run_id": "RUN123", "level": "info"}
{"task": "derivatives_oi", "duration": 0.001003, "event": "task_end", "timestamp": "2025-09-18T04:39:53.758745Z", "run_id": "RUN123", "level": "info"}
Job "task_wrapper (trigger: interval[0:05:00.485919], next run at: 2025-09-18 06:44:54 CEST)" executed successfully
{"alive": true, "rss_mb": 60.8, "cpu_percent": 0.0, "event": "heartbeat", "timestamp": "2025-09-18T04:40:25.577338Z", "run_id": "RUN123", "level": "info"}
{"alive": true, "rss_mb": 60.8, "cpu_percent": 0.0, "event": "heartbeat", "timestamp": "2025-09-18T04:41:25.583296Z", "run_id": "RUN123", "level": "info"}
{"alive": true, "rss_mb": 60.8, "cpu_percent": 0.0, "event": "heartbeat", "timestamp": "2025-09-18T04:42:25.582224Z", "run_id": "RUN123", "level": "info"}
Running job "task_wrapper (trigger: interval[0:05:03.429341], next run at: 2025-09-18 06:48:23 CEST)" (scheduled at 2025-09-18 06:43:19.791544+02:00)
{"task": "derivatives_lsr", "ts": "2025-09-18T04:43:19.797310Z", "event": "task_start", "timestamp": "2025-09-18T04:43:19.797310Z", "run_id": "RUN123", "level": "info"}
{"symbol": "BTCUSDT", "metric": "long_short_ratio", "event": "deriv_cache_hit", "timestamp": "2025-09-18T04:43:19.798317Z", "run_id": "RUN123", "level": "info"}
{"task": "derivatives_lsr", "event": "task_ok", "timestamp": "2025-09-18T04:43:19.798317Z", "run_id": "RUN123", "level": "info"}
{"task": "derivatives_lsr", "duration": 0.002003, "event": "task_end", "timestamp": "2025-09-18T04:43:19.799313Z", "run_id": "RUN123", "level": "info"}
Job "task_wrapper (trigger: interval[0:05:03.429341], next run at: 2025-09-18 06:48:23 CEST)" executed successfully
{"alive": true, "rss_mb": 60.8, "cpu_percent": 0.0, "event": "heartbeat", "timestamp": "2025-09-18T04:43:25.595708Z", "run_id": "RUN123", "level": "info"}
Running job "task_wrapper (trigger: interval[0:05:03.685195], next run at: 2025-09-18 06:48:41 CEST)" (scheduled at 2025-09-18 06:43:37.691327+02:00)
{"task": "macro", "ts": "2025-09-18T04:43:37.709010Z", "event": "task_start", "timestamp": "2025-09-18T04:43:37.709010Z", "run_id": "RUN123", "level": "info"}
HTTP Request: GET https://api.coingecko.com/api/v3/coins/bitcoin "HTTP/1.1 200 OK"
{"symbol": "bitcoin", "source": "coingecko", "event": "macro_success", "timestamp": "2025-09-18T04:43:38.289661Z", "run_id": "RUN123", "level": "info"}
{"task": "macro", "event": "task_ok", "timestamp": "2025-09-18T04:43:38.290638Z", "run_id": "RUN123", "level": "info"}
{"task": "macro", "duration": 0.582644, "event": "task_end", "timestamp": "2025-09-18T04:43:38.291654Z", "run_id": "RUN123", "level": "info"}
Job "task_wrapper (trigger: interval[0:05:03.685195], next run at: 2025-09-18 06:48:41 CEST)" executed successfully
{"alive": true, "rss_mb": 61.6, "cpu_percent": 0.0, "event": "heartbeat", "timestamp": "2025-09-18T04:44:25.593334Z", "run_id": "RUN123", "level": "info"}
Running job "task_wrapper (trigger: interval[0:05:00.485919], next run at: 2025-09-18 06:49:54 CEST)" (scheduled at 2025-09-18 06:44:54.235924+02:00)
{"task": "derivatives_oi", "ts": "2025-09-18T04:44:54.251068Z", "event": "task_start", "timestamp": "2025-09-18T04:44:54.251068Z", "run_id": "RUN123", "level": "info"}
{"symbol": "BTCUSDT", "event": "deriv_cache_hit", "timestamp": "2025-09-18T04:44:54.252065Z", "run_id": "RUN123", "level": "info"}
{"task": "derivatives_oi", "event": "task_ok", "timestamp": "2025-09-18T04:44:54.252065Z", "run_id": "RUN123", "level": "info"}
{"task": "derivatives_oi", "duration": 0.001997, "event": "task_end", "timestamp": "2025-09-18T04:44:54.253065Z", "run_id": "RUN123", "level": "info"}
Job "task_wrapper (trigger: interval[0:05:00.485919], next run at: 2025-09-18 06:49:54 CEST)" executed successfully
{"alive": true, "rss_mb": 61.6, "cpu_percent": 0.0, "event": "heartbeat", "timestamp": "2025-09-18T04:45:25.602932Z", "run_id": "RUN123", "level": "info"}
{"alive": true, "rss_mb": 61.6, "cpu_percent": 0.0, "event": "heartbeat", "timestamp": "2025-09-18T04:46:25.598061Z", "run_id": "RUN123", "level": "info"}
{"alive": true, "rss_mb": 61.6, "cpu_percent": 0.0, "event": "heartbeat", "timestamp": "2025-09-18T04:47:25.599448Z", "run_id": "RUN123", "level": "info"}
Running job "task_wrapper (trigger: interval[0:05:03.429341], next run at: 2025-09-18 06:53:26 CEST)" (scheduled at 2025-09-18 06:48:23.220885+02:00)
{"task": "derivatives_lsr", "ts": "2025-09-18T04:48:23.237051Z", "event": "task_start", "timestamp": "2025-09-18T04:48:23.237051Z", "run_id": "RUN123", "level": "info"}
{"symbol": "BTCUSDT", "metric": "long_short_ratio", "event": "deriv_cache_hit", "timestamp": "2025-09-18T04:48:23.238056Z", "run_id": "RUN123", "level": "info"}
{"task": "derivatives_lsr", "event": "task_ok", "timestamp": "2025-09-18T04:48:23.238056Z", "run_id": "RUN123", "level": "info"}
{"task": "derivatives_lsr", "duration": 0.002005, "event": "task_end", "timestamp": "2025-09-18T04:48:23.239056Z", "run_id": "RUN123", "level": "info"}
Job "task_wrapper (trigger: interval[0:05:03.429341], next run at: 2025-09-18 06:53:26 CEST)" executed successfully
{"alive": true, "rss_mb": 61.6, "cpu_percent": 0.0, "event": "heartbeat", "timestamp": "2025-09-18T04:48:25.614281Z", "run_id": "RUN123", "level": "info"}
Running job "task_wrapper (trigger: interval[0:05:03.685195], next run at: 2025-09-18 06:53:45 CEST)" (scheduled at 2025-09-18 06:48:41.376522+02:00)
{"task": "macro", "ts": "2025-09-18T04:48:41.393588Z", "event": "task_start", "timestamp": "2025-09-18T04:48:41.393588Z", "run_id": "RUN123", "level": "info"}
HTTP Request: GET https://api.coingecko.com/api/v3/coins/bitcoin "HTTP/1.1 200 OK"
{"symbol": "bitcoin", "source": "coingecko", "event": "macro_success", "timestamp": "2025-09-18T04:48:41.935335Z", "run_id": "RUN123", "level": "info"}
{"task": "macro", "event": "task_ok", "timestamp": "2025-09-18T04:48:41.936967Z", "run_id": "RUN123", "level": "info"}
{"task": "macro", "duration": 0.543379, "event": "task_end", "timestamp": "2025-09-18T04:48:41.936967Z", "run_id": "RUN123", "level": "info"}
Job "task_wrapper (trigger: interval[0:05:03.685195], next run at: 2025-09-18 06:53:45 CEST)" executed successfully
Running job "task_wrapper (trigger: interval[0:15:38.637530], next run at: 2025-09-18 07:04:47 CEST)" (scheduled at 2025-09-18 06:49:08.392863+02:00)
{"task": "defillama", "ts": "2025-09-18T04:49:08.395346Z", "event": "task_start", "timestamp": "2025-09-18T04:49:08.395346Z", "run_id": "RUN123", "level": "info"}
{"chain": "ethereum", "event": "defillama_cache_hit", "timestamp": "2025-09-18T04:49:08.396349Z", "run_id": "RUN123", "level": "info"}
{"task": "defillama", "event": "task_ok", "timestamp": "2025-09-18T04:49:08.396349Z", "run_id": "RUN123", "level": "info"}
{"task": "defillama", "duration": 0.002517, "event": "task_end", "timestamp": "2025-09-18T04:49:08.397863Z", "run_id": "RUN123", "level": "info"}
Job "task_wrapper (trigger: interval[0:15:38.637530], next run at: 2025-09-18 07:04:47 CEST)" executed successfully
{"alive": true, "rss_mb": 61.8, "cpu_percent": 0.0, "event": "heartbeat", "timestamp": "2025-09-18T04:49:25.626818Z", "run_id": "RUN123", "level": "info"}
Running job "task_wrapper (trigger: interval[0:05:00.485919], next run at: 2025-09-18 06:54:55 CEST)" (scheduled at 2025-09-18 06:49:54.721843+02:00)
{"task": "derivatives_oi", "ts": "2025-09-18T04:49:54.725302Z", "event": "task_start", "timestamp": "2025-09-18T04:49:54.725302Z", "run_id": "RUN123", "level": "info"}
{"symbol": "BTCUSDT", "event": "deriv_cache_hit", "timestamp": "2025-09-18T04:49:54.726290Z", "run_id": "RUN123", "level": "info"}
{"task": "derivatives_oi", "event": "task_ok", "timestamp": "2025-09-18T04:49:54.727309Z", "run_id": "RUN123", "level": "info"}
{"task": "derivatives_oi", "duration": 0.002985, "event": "task_end", "timestamp": "2025-09-18T04:49:54.728287Z", "run_id": "RUN123", "level": "info"}
Job "task_wrapper (trigger: interval[0:05:00.485919], next run at: 2025-09-18 06:54:55 CEST)" executed successfully
{"alive": true, "rss_mb": 61.8, "cpu_percent": 0.0, "event": "heartbeat", "timestamp": "2025-09-18T04:50:25.644045Z", "run_id": "RUN123", "level": "info"}
Running job "task_wrapper (trigger: interval[1:00:12.398608], next run at: 2025-09-18 07:50:46 CEST)" (scheduled at 2025-09-18 06:50:34.130325+02:00)
{"task": "sentiment_fg", "ts": "2025-09-18T04:50:34.139530Z", "event": "task_start", "timestamp": "2025-09-18T04:50:34.139530Z", "run_id": "RUN123", "level": "info"}
HTTP Request: GET https://api.alternative.me/fng/ "HTTP/1.1 200 OK"
{"metric": "fear_greed", "source": "alternative.me", "event": "sentiment_success", "timestamp": "2025-09-18T04:50:35.040289Z", "run_id": "RUN123", "level": "info"}
{"task": "sentiment_fg", "event": "task_ok", "timestamp": "2025-09-18T04:50:35.041282Z", "run_id": "RUN123", "level": "info"}
{"task": "sentiment_fg", "duration": 0.902751, "event": "task_end", "timestamp": "2025-09-18T04:50:35.042281Z", "run_id": "RUN123", "level": "info"}
Job "task_wrapper (trigger: interval[1:00:12.398608], next run at: 2025-09-18 07:50:46 CEST)" executed successfully
{"alive": true, "rss_mb": 62.3, "cpu_percent": 0.0, "event": "heartbeat", "timestamp": "2025-09-18T04:51:25.650430Z", "run_id": "RUN123", "level": "info"}
{"alive": true, "rss_mb": 62.1, "cpu_percent": 0.0, "event": "heartbeat", "timestamp": "2025-09-18T04:52:25.656884Z", "run_id": "RUN123", "level": "info"}
Running job "task_wrapper (trigger: interval[0:30:20.099607], next run at: 2025-09-18 07:23:41 CEST)" (scheduled at 2025-09-18 06:53:20.925958+02:00)
{"task": "onchain_tx", "ts": "2025-09-18T04:53:20.930808Z", "event": "task_start", "timestamp": "2025-09-18T04:53:20.930808Z", "run_id": "RUN123", "level": "info"}
HTTP Request: GET https://api.blockchain.info/q/getblockcount "HTTP/1.1 200 OK"
{"symbol": "BTC", "source": "blockchain.info", "event": "onchain_success", "timestamp": "2025-09-18T04:53:21.499149Z", "run_id": "RUN123", "level": "info"}
{"task": "onchain_tx", "event": "task_ok", "timestamp": "2025-09-18T04:53:21.500123Z", "run_id": "RUN123", "level": "info"}
{"task": "onchain_tx", "duration": 0.569315, "event": "task_end", "timestamp": "2025-09-18T04:53:21.500123Z", "run_id": "RUN123", "level": "info"}
Job "task_wrapper (trigger: interval[0:30:20.099607], next run at: 2025-09-18 07:23:41 CEST)" executed successfully
{"alive": true, "rss_mb": 62.9, "cpu_percent": 0.0, "event": "heartbeat", "timestamp": "2025-09-18T04:53:25.684395Z", "run_id": "RUN123", "level": "info"}
Running job "task_wrapper (trigger: interval[0:05:03.429341], next run at: 2025-09-18 06:58:30 CEST)" (scheduled at 2025-09-18 06:53:26.650226+02:00)
{"task": "derivatives_lsr", "ts": "2025-09-18T04:53:26.671712Z", "event": "task_start", "timestamp": "2025-09-18T04:53:26.671712Z", "run_id": "RUN123", "level": "info"}
{"symbol": "BTCUSDT", "metric": "long_short_ratio", "event": "deriv_cache_hit", "timestamp": "2025-09-18T04:53:26.672710Z", "run_id": "RUN123", "level": "info"}
{"task": "derivatives_lsr", "event": "task_ok", "timestamp": "2025-09-18T04:53:26.673716Z", "run_id": "RUN123", "level": "info"}
{"task": "derivatives_lsr", "duration": 0.002004, "event": "task_end", "timestamp": "2025-09-18T04:53:26.673716Z", "run_id": "RUN123", "level": "info"}
Job "task_wrapper (trigger: interval[0:05:03.429341], next run at: 2025-09-18 06:58:30 CEST)" executed successfully
Running job "task_wrapper (trigger: interval[0:05:03.685195], next run at: 2025-09-18 06:58:48 CEST)" (scheduled at 2025-09-18 06:53:45.061717+02:00)
{"task": "macro", "ts": "2025-09-18T04:53:45.074881Z", "event": "task_start", "timestamp": "2025-09-18T04:53:45.074881Z", "run_id": "RUN123", "level": "info"}
HTTP Request: GET https://api.coingecko.com/api/v3/coins/bitcoin "HTTP/1.1 200 OK"
{"symbol": "bitcoin", "source": "coingecko", "event": "macro_success", "timestamp": "2025-09-18T04:53:45.609119Z", "run_id": "RUN123", "level": "info"}
{"task": "macro", "event": "task_ok", "timestamp": "2025-09-18T04:53:45.610128Z", "run_id": "RUN123", "level": "info"}
{"task": "macro", "duration": 0.535247, "event": "task_end", "timestamp": "2025-09-18T04:53:45.611129Z", "run_id": "RUN123", "level": "info"}
Job "task_wrapper (trigger: interval[0:05:03.685195], next run at: 2025-09-18 06:58:48 CEST)" executed successfully
{"alive": true, "rss_mb": 63.3, "cpu_percent": 0.0, "event": "heartbeat", "timestamp": "2025-09-18T04:54:25.697153Z", "run_id": "RUN123", "level": "info"}
Running job "task_wrapper (trigger: interval[0:05:00.485919], next run at: 2025-09-18 06:59:55 CEST)" (scheduled at 2025-09-18 06:54:55.207762+02:00)
{"task": "derivatives_oi", "ts": "2025-09-18T04:54:55.222969Z", "event": "task_start", "timestamp": "2025-09-18T04:54:55.222969Z", "run_id": "RUN123", "level": "info"}
{"symbol": "BTCUSDT", "event": "deriv_cache_hit", "timestamp": "2025-09-18T04:54:55.223969Z", "run_id": "RUN123", "level": "info"}
{"task": "derivatives_oi", "event": "task_ok", "timestamp": "2025-09-18T04:54:55.224971Z", "run_id": "RUN123", "level": "info"}
{"task": "derivatives_oi", "duration": 0.002002, "event": "task_end", "timestamp": "2025-09-18T04:54:55.224971Z", "run_id": "RUN123", "level": "info"}
Job "task_wrapper (trigger: interval[0:05:00.485919], next run at: 2025-09-18 06:59:55 CEST)" executed successfully
{"alive": true, "rss_mb": 63.3, "cpu_percent": 0.0, "event": "heartbeat", "timestamp": "2025-09-18T04:55:25.711450Z", "run_id": "RUN123", "level": "info"}
{"alive": true, "rss_mb": 63.3, "cpu_percent": 0.0, "event": "heartbeat", "timestamp": "2025-09-18T04:56:25.711223Z", "run_id": "RUN123", "level": "info"}
{"alive": true, "rss_mb": 63.3, "cpu_percent": 0.0, "event": "heartbeat", "timestamp": "2025-09-18T04:57:25.710479Z", "run_id": "RUN123", "level": "info"}
{"alive": true, "rss_mb": 63.3, "cpu_percent": 0.0, "event": "heartbeat", "timestamp": "2025-09-18T04:58:25.711806Z", "run_id": "RUN123", "level": "info"}
Running job "task_wrapper (trigger: interval[0:05:03.429341], next run at: 2025-09-18 07:03:33 CEST)" (scheduled at 2025-09-18 06:58:30.079567+02:00)
{"task": "derivatives_lsr", "ts": "2025-09-18T04:58:30.092762Z", "event": "task_start", "timestamp": "2025-09-18T04:58:30.092762Z", "run_id": "RUN123", "level": "info"}
{"symbol": "BTCUSDT", "metric": "long_short_ratio", "event": "deriv_cache_hit", "timestamp": "2025-09-18T04:58:30.092762Z", "run_id": "RUN123", "level": "info"}
{"task": "derivatives_lsr", "event": "task_ok", "timestamp": "2025-09-18T04:58:30.093761Z", "run_id": "RUN123", "level": "info"}
{"task": "derivatives_lsr", "duration": 0.000999, "event": "task_end", "timestamp": "2025-09-18T04:58:30.093761Z", "run_id": "RUN123", "level": "info"}
Job "task_wrapper (trigger: interval[0:05:03.429341], next run at: 2025-09-18 07:03:33 CEST)" executed successfully
Running job "task_wrapper (trigger: interval[0:05:03.685195], next run at: 2025-09-18 07:03:52 CEST)" (scheduled at 2025-09-18 06:58:48.746912+02:00)
{"task": "macro", "ts": "2025-09-18T04:58:48.762492Z", "event": "task_start", "timestamp": "2025-09-18T04:58:48.762492Z", "run_id": "RUN123", "level": "info"}
HTTP Request: GET https://api.coingecko.com/api/v3/coins/bitcoin "HTTP/1.1 200 OK"
{"symbol": "bitcoin", "source": "coingecko", "event": "macro_success", "timestamp": "2025-09-18T04:58:49.323916Z", "run_id": "RUN123", "level": "info"}
{"task": "macro", "event": "task_ok", "timestamp": "2025-09-18T04:58:49.325600Z", "run_id": "RUN123", "level": "info"}
{"task": "macro", "duration": 0.563108, "event": "task_end", "timestamp": "2025-09-18T04:58:49.325600Z", "run_id": "RUN123", "level": "info"}
Job "task_wrapper (trigger: interval[0:05:03.685195], next run at: 2025-09-18 07:03:52 CEST)" executed successfully
{"alive": true, "rss_mb": 63.5, "cpu_percent": 0.0, "event": "heartbeat", "timestamp": "2025-09-18T04:59:25.711303Z", "run_id": "RUN123", "level": "info"}
Running job "task_wrapper (trigger: interval[0:05:00.485919], next run at: 2025-09-18 07:04:56 CEST)" (scheduled at 2025-09-18 06:59:55.693681+02:00)
{"task": "derivatives_oi", "ts": "2025-09-18T04:59:55.706036Z", "event": "task_start", "timestamp": "2025-09-18T04:59:55.706036Z", "run_id": "RUN123", "level": "info"}
{"symbol": "BTCUSDT", "event": "deriv_cache_hit", "timestamp": "2025-09-18T04:59:55.706036Z", "run_id": "RUN123", "level": "info"}
{"task": "derivatives_oi", "event": "task_ok", "timestamp": "2025-09-18T04:59:55.707039Z", "run_id": "RUN123", "level": "info"}
{"task": "derivatives_oi", "duration": 0.001003, "event": "task_end", "timestamp": "2025-09-18T04:59:55.707039Z", "run_id": "RUN123", "level": "info"}
Job "task_wrapper (trigger: interval[0:05:00.485919], next run at: 2025-09-18 07:04:56 CEST)" executed successfully
{"alive": true, "rss_mb": 63.5, "cpu_percent": 0.0, "event": "heartbeat", "timestamp": "2025-09-18T05:00:25.736721Z", "run_id": "RUN123", "level": "info"}
{"alive": true, "rss_mb": 63.5, "cpu_percent": 0.0, "event": "heartbeat", "timestamp": "2025-09-18T05:01:25.732189Z", "run_id": "RUN123", "level": "info"}
Running job "task_wrapper (trigger: interval[0:31:01.155603], next run at: 2025-09-18 07:32:34 CEST)" (scheduled at 2025-09-18 07:01:33.599914+02:00)
{"task": "onchain_hashrate", "ts": "2025-09-18T05:01:33.609143Z", "event": "task_start", "timestamp": "2025-09-18T05:01:33.609143Z", "run_id": "RUN123", "level": "info"}
{"symbol": "BTC", "event": "onchain_cache_hit", "timestamp": "2025-09-18T05:01:33.609143Z", "run_id": "RUN123", "level": "info"}
{"task": "onchain_hashrate", "event": "task_ok", "timestamp": "2025-09-18T05:01:33.610142Z", "run_id": "RUN123", "level": "info"}
{"task": "onchain_hashrate", "duration": 0.002007, "event": "task_end", "timestamp": "2025-09-18T05:01:33.611150Z", "run_id": "RUN123", "level": "info"}
Job "task_wrapper (trigger: interval[0:31:01.155603], next run at: 2025-09-18 07:32:34 CEST)" executed successfully
{"alive": true, "rss_mb": 63.5, "cpu_percent": 0.0, "event": "heartbeat", "timestamp": "2025-09-18T05:02:25.736909Z", "run_id": "RUN123", "level": "info"}
Running job "task_wrapper (trigger: interval[0:31:05.669810], next run at: 2025-09-18 07:33:33 CEST)" (scheduled at 2025-09-18 07:02:27.771397+02:00)
{"task": "onchain_sopr", "ts": "2025-09-18T05:02:27.789745Z", "event": "task_start", "timestamp": "2025-09-18T05:02:27.789745Z", "run_id": "RUN123", "level": "info"}
{"symbol": "BTC", "event": "onchain_cache_hit", "timestamp": "2025-09-18T05:02:27.790744Z", "run_id": "RUN123", "level": "info"}
{"task": "onchain_sopr", "event": "task_ok", "timestamp": "2025-09-18T05:02:27.790744Z", "run_id": "RUN123", "level": "info"}
{"task": "onchain_sopr", "duration": 0.002, "event": "task_end", "timestamp": "2025-09-18T05:02:27.791745Z", "run_id": "RUN123", "level": "info"}
Job "task_wrapper (trigger: interval[0:31:05.669810], next run at: 2025-09-18 07:33:33 CEST)" executed successfully
{"alive": true, "rss_mb": 63.5, "cpu_percent": 0.0, "event": "heartbeat", "timestamp": "2025-09-18T05:03:25.745181Z", "run_id": "RUN123", "level": "info"}
Running job "task_wrapper (trigger: interval[0:05:03.429341], next run at: 2025-09-18 07:08:36 CEST)" (scheduled at 2025-09-18 07:03:33.508908+02:00)
{"task": "derivatives_lsr", "ts": "2025-09-18T05:03:33.525792Z", "event": "task_start", "timestamp": "2025-09-18T05:03:33.525792Z", "run_id": "RUN123", "level": "info"}
{"symbol": "BTCUSDT", "metric": "long_short_ratio", "event": "deriv_cache_hit", "timestamp": "2025-09-18T05:03:33.525792Z", "run_id": "RUN123", "level": "info"}
{"task": "derivatives_lsr", "event": "task_ok", "timestamp": "2025-09-18T05:03:33.526788Z", "run_id": "RUN123", "level": "info"}
{"task": "derivatives_lsr", "duration": 0.000996, "event": "task_end", "timestamp": "2025-09-18T05:03:33.526788Z", "run_id": "RUN123", "level": "info"}
Job "task_wrapper (trigger: interval[0:05:03.429341], next run at: 2025-09-18 07:08:36 CEST)" executed successfully
Running job "task_wrapper (trigger: interval[0:05:03.685195], next run at: 2025-09-18 07:08:56 CEST)" (scheduled at 2025-09-18 07:03:52.432107+02:00)
{"task": "macro", "ts": "2025-09-18T05:03:52.444189Z", "event": "task_start", "timestamp": "2025-09-18T05:03:52.444189Z", "run_id": "RUN123", "level": "info"}
HTTP Request: GET https://api.coingecko.com/api/v3/coins/bitcoin "HTTP/1.1 200 OK"
{"symbol": "bitcoin", "source": "coingecko", "event": "macro_success", "timestamp": "2025-09-18T05:03:53.030786Z", "run_id": "RUN123", "level": "info"}
{"task": "macro", "event": "task_ok", "timestamp": "2025-09-18T05:03:53.032802Z", "run_id": "RUN123", "level": "info"}
{"task": "macro", "duration": 0.588613, "event": "task_end", "timestamp": "2025-09-18T05:03:53.032802Z", "run_id": "RUN123", "level": "info"}
Job "task_wrapper (trigger: interval[0:05:03.685195], next run at: 2025-09-18 07:08:56 CEST)" executed successfully
{"alive": true, "rss_mb": 63.5, "cpu_percent": 0.0, "event": "heartbeat", "timestamp": "2025-09-18T05:04:25.769319Z", "run_id": "RUN123", "level": "info"}
Running job "task_wrapper (trigger: interval[0:15:38.637530], next run at: 2025-09-18 07:20:25 CEST)" (scheduled at 2025-09-18 07:04:47.030393+02:00)
{"task": "defillama", "ts": "2025-09-18T05:04:47.036605Z", "event": "task_start", "timestamp": "2025-09-18T05:04:47.036605Z", "run_id": "RUN123", "level": "info"}
{"chain": "ethereum", "event": "defillama_cache_hit", "timestamp": "2025-09-18T05:04:47.037623Z", "run_id": "RUN123", "level": "info"}
{"task": "defillama", "event": "task_ok", "timestamp": "2025-09-18T05:04:47.037623Z", "run_id": "RUN123", "level": "info"}
{"task": "defillama", "duration": 0.002021, "event": "task_end", "timestamp": "2025-09-18T05:04:47.038626Z", "run_id": "RUN123", "level": "info"}
Job "task_wrapper (trigger: interval[0:15:38.637530], next run at: 2025-09-18 07:20:25 CEST)" executed successfully
Running job "task_wrapper (trigger: interval[0:05:00.485919], next run at: 2025-09-18 07:09:56 CEST)" (scheduled at 2025-09-18 07:04:56.179600+02:00)
{"task": "derivatives_oi", "ts": "2025-09-18T05:04:56.181922Z", "event": "task_start", "timestamp": "2025-09-18T05:04:56.181922Z", "run_id": "RUN123", "level": "info"}
{"symbol": "BTCUSDT", "event": "deriv_cache_hit", "timestamp": "2025-09-18T05:04:56.182917Z", "run_id": "RUN123", "level": "info"}
{"task": "derivatives_oi", "event": "task_ok", "timestamp": "2025-09-18T05:04:56.182917Z", "run_id": "RUN123", "level": "info"}
{"task": "derivatives_oi", "duration": 0.002002, "event": "task_end", "timestamp": "2025-09-18T05:04:56.183924Z", "run_id": "RUN123", "level": "info"}
Job "task_wrapper (trigger: interval[0:05:00.485919], next run at: 2025-09-18 07:09:56 CEST)" executed successfully
{"alive": true, "rss_mb": 63.5, "cpu_percent": 0.0, "event": "heartbeat", "timestamp": "2025-09-18T05:05:25.790037Z", "run_id": "RUN123", "level": "info"}
{"alive": true, "rss_mb": 63.5, "cpu_percent": 0.0, "event": "heartbeat", "timestamp": "2025-09-18T05:06:25.818282Z", "run_id": "RUN123", "level": "info"}
{"alive": true, "rss_mb": 63.4, "cpu_percent": 0.0, "event": "heartbeat", "timestamp": "2025-09-18T05:07:25.827265Z", "run_id": "RUN123", "level": "info"}
{"alive": true, "rss_mb": 63.4, "cpu_percent": 0.0, "event": "heartbeat", "timestamp": "2025-09-18T05:08:25.829635Z", "run_id": "RUN123", "level": "info"}
Running job "task_wrapper (trigger: interval[0:05:03.429341], next run at: 2025-09-18 07:13:40 CEST)" (scheduled at 2025-09-18 07:08:36.938249+02:00)
{"task": "derivatives_lsr", "ts": "2025-09-18T05:08:36.953295Z", "event": "task_start", "timestamp": "2025-09-18T05:08:36.953295Z", "run_id": "RUN123", "level": "info"}
{"symbol": "BTCUSDT", "metric": "long_short_ratio", "event": "deriv_cache_hit", "timestamp": "2025-09-18T05:08:36.954265Z", "run_id": "RUN123", "level": "info"}
{"task": "derivatives_lsr", "event": "task_ok", "timestamp": "2025-09-18T05:08:36.954265Z", "run_id": "RUN123", "level": "info"}
{"task": "derivatives_lsr", "duration": 0.001974, "event": "task_end", "timestamp": "2025-09-18T05:08:36.955269Z", "run_id": "RUN123", "level": "info"}
Job "task_wrapper (trigger: interval[0:05:03.429341], next run at: 2025-09-18 07:13:40 CEST)" executed successfully
Running job "task_wrapper (trigger: interval[0:05:03.685195], next run at: 2025-09-18 07:13:59 CEST)" (scheduled at 2025-09-18 07:08:56.117302+02:00)
{"task": "macro", "ts": "2025-09-18T05:08:56.139017Z", "event": "task_start", "timestamp": "2025-09-18T05:08:56.139017Z", "run_id": "RUN123", "level": "info"}
{"symbol": "bitcoin", "event": "macro_cache_hit", "timestamp": "2025-09-18T05:08:56.139017Z", "run_id": "RUN123", "level": "info"}
{"task": "macro", "event": "task_ok", "timestamp": "2025-09-18T05:08:56.140045Z", "run_id": "RUN123", "level": "info"}
{"task": "macro", "duration": 0.001028, "event": "task_end", "timestamp": "2025-09-18T05:08:56.140045Z", "run_id": "RUN123", "level": "info"}
Job "task_wrapper (trigger: interval[0:05:03.685195], next run at: 2025-09-18 07:13:59 CEST)" executed successfully
{"alive": true, "rss_mb": 63.4, "cpu_percent": 0.0, "event": "heartbeat", "timestamp": "2025-09-18T05:09:25.843451Z", "run_id": "RUN123", "level": "info"}
Running job "task_wrapper (trigger: interval[0:05:00.485919], next run at: 2025-09-18 07:14:57 CEST)" (scheduled at 2025-09-18 07:09:56.665519+02:00)
{"task": "derivatives_oi", "ts": "2025-09-18T05:09:56.676121Z", "event": "task_start", "timestamp": "2025-09-18T05:09:56.676121Z", "run_id": "RUN123", "level": "info"}
{"symbol": "BTCUSDT", "event": "deriv_cache_hit", "timestamp": "2025-09-18T05:09:56.677116Z", "run_id": "RUN123", "level": "info"}
{"task": "derivatives_oi", "event": "task_ok", "timestamp": "2025-09-18T05:09:56.677116Z", "run_id": "RUN123", "level": "info"}
{"task": "derivatives_oi", "duration": 0.000995, "event": "task_end", "timestamp": "2025-09-18T05:09:56.677116Z", "run_id": "RUN123", "level": "info"}
Job "task_wrapper (trigger: interval[0:05:00.485919], next run at: 2025-09-18 07:14:57 CEST)" executed successfully
{"alive": true, "rss_mb": 63.4, "cpu_percent": 0.0, "event": "heartbeat", "timestamp": "2025-09-18T05:10:25.866830Z", "run_id": "RUN123", "level": "info"}
{"alive": true, "rss_mb": 63.4, "cpu_percent": 0.0, "event": "heartbeat", "timestamp": "2025-09-18T05:11:25.878430Z", "run_id": "RUN123", "level": "info"}
{"alive": true, "rss_mb": 63.4, "cpu_percent": 0.0, "event": "heartbeat", "timestamp": "2025-09-18T05:12:25.878526Z", "run_id": "RUN123", "level": "info"}
{"alive": true, "rss_mb": 63.4, "cpu_percent": 0.0, "event": "heartbeat", "timestamp": "2025-09-18T05:13:25.901725Z", "run_id": "RUN123", "level": "info"}
Running job "task_wrapper (trigger: interval[0:05:03.429341], next run at: 2025-09-18 07:18:43 CEST)" (scheduled at 2025-09-18 07:13:40.367590+02:00)
{"task": "derivatives_lsr", "ts": "2025-09-18T05:13:40.389068Z", "event": "task_start", "timestamp": "2025-09-18T05:13:40.390071Z", "run_id": "RUN123", "level": "info"}
{"symbol": "BTCUSDT", "metric": "long_short_ratio", "event": "deriv_cache_hit", "timestamp": "2025-09-18T05:13:40.390071Z", "run_id": "RUN123", "level": "info"}
{"task": "derivatives_lsr", "event": "task_ok", "timestamp": "2025-09-18T05:13:40.391074Z", "run_id": "RUN123", "level": "info"}
{"task": "derivatives_lsr", "duration": 0.002006, "event": "task_end", "timestamp": "2025-09-18T05:13:40.391074Z", "run_id": "RUN123", "level": "info"}
Job "task_wrapper (trigger: interval[0:05:03.429341], next run at: 2025-09-18 07:18:43 CEST)" executed successfully
Running job "task_wrapper (trigger: interval[0:05:03.685195], next run at: 2025-09-18 07:19:03 CEST)" (scheduled at 2025-09-18 07:13:59.802497+02:00)
{"task": "macro", "ts": "2025-09-18T05:13:59.819163Z", "event": "task_start", "timestamp": "2025-09-18T05:13:59.819163Z", "run_id": "RUN123", "level": "info"}
HTTP Request: GET https://api.coingecko.com/api/v3/coins/bitcoin "HTTP/1.1 200 OK"
{"symbol": "bitcoin", "source": "coingecko", "event": "macro_success", "timestamp": "2025-09-18T05:14:00.416855Z", "run_id": "RUN123", "level": "info"}
{"task": "macro", "event": "task_ok", "timestamp": "2025-09-18T05:14:00.417834Z", "run_id": "RUN123", "level": "info"}
{"task": "macro", "duration": 0.599673, "event": "task_end", "timestamp": "2025-09-18T05:14:00.418836Z", "run_id": "RUN123", "level": "info"}
Job "task_wrapper (trigger: interval[0:05:03.685195], next run at: 2025-09-18 07:19:03 CEST)" executed successfully
{"alive": true, "rss_mb": 64.2, "cpu_percent": 0.0, "event": "heartbeat", "timestamp": "2025-09-18T05:14:25.904679Z", "run_id": "RUN123", "level": "info"}
Running job "task_wrapper (trigger: interval[0:05:00.485919], next run at: 2025-09-18 07:19:57 CEST)" (scheduled at 2025-09-18 07:14:57.151438+02:00)
{"task": "derivatives_oi", "ts": "2025-09-18T05:14:57.154297Z", "event": "task_start", "timestamp": "2025-09-18T05:14:57.154297Z", "run_id": "RUN123", "level": "info"}
{"symbol": "BTCUSDT", "event": "deriv_cache_hit", "timestamp": "2025-09-18T05:14:57.155293Z", "run_id": "RUN123", "level": "info"}
{"task": "derivatives_oi", "event": "task_ok", "timestamp": "2025-09-18T05:14:57.156290Z", "run_id": "RUN123", "level": "info"}
{"task": "derivatives_oi", "duration": 0.001993, "event": "task_end", "timestamp": "2025-09-18T05:14:57.156290Z", "run_id": "RUN123", "level": "info"}
Job "task_wrapper (trigger: interval[0:05:00.485919], next run at: 2025-09-18 07:19:57 CEST)" executed successfully
{"alive": true, "rss_mb": 64.2, "cpu_percent": 0.0, "event": "heartbeat", "timestamp": "2025-09-18T05:15:25.921143Z", "run_id": "RUN123", "level": "info"}
{"alive": true, "rss_mb": 64.2, "cpu_percent": 0.0, "event": "heartbeat", "timestamp": "2025-09-18T05:16:25.926804Z", "run_id": "RUN123", "level": "info"}
{"alive": true, "rss_mb": 64.2, "cpu_percent": 0.0, "event": "heartbeat", "timestamp": "2025-09-18T05:17:25.938227Z", "run_id": "RUN123", "level": "info"}
{"alive": true, "rss_mb": 64.2, "cpu_percent": 0.0, "event": "heartbeat", "timestamp": "2025-09-18T05:18:25.961036Z", "run_id": "RUN123", "level": "info"}
Running job "task_wrapper (trigger: interval[0:05:03.429341], next run at: 2025-09-18 07:23:47 CEST)" (scheduled at 2025-09-18 07:18:43.796931+02:00)
{"task": "derivatives_lsr", "ts": "2025-09-18T05:18:43.812735Z", "event": "task_start", "timestamp": "2025-09-18T05:18:43.812735Z", "run_id": "RUN123", "level": "info"}
{"symbol": "BTCUSDT", "metric": "long_short_ratio", "event": "deriv_cache_hit", "timestamp": "2025-09-18T05:18:43.813722Z", "run_id": "RUN123", "level": "info"}
{"task": "derivatives_lsr", "event": "task_ok", "timestamp": "2025-09-18T05:18:43.813722Z", "run_id": "RUN123", "level": "info"}
{"task": "derivatives_lsr", "duration": 0.001988, "event": "task_end", "timestamp": "2025-09-18T05:18:43.814723Z", "run_id": "RUN123", "level": "info"}
Job "task_wrapper (trigger: interval[0:05:03.429341], next run at: 2025-09-18 07:23:47 CEST)" executed successfully
Running job "task_wrapper (trigger: interval[0:05:03.685195], next run at: 2025-09-18 07:24:07 CEST)" (scheduled at 2025-09-18 07:19:03.487692+02:00)
{"task": "macro", "ts": "2025-09-18T05:19:03.492967Z", "event": "task_start", "timestamp": "2025-09-18T05:19:03.492967Z", "run_id": "RUN123", "level": "info"}
HTTP Request: GET https://api.coingecko.com/api/v3/coins/bitcoin "HTTP/1.1 200 OK"
{"symbol": "bitcoin", "source": "coingecko", "event": "macro_success", "timestamp": "2025-09-18T05:19:04.066222Z", "run_id": "RUN123", "level": "info"}
{"task": "macro", "event": "task_ok", "timestamp": "2025-09-18T05:19:04.067222Z", "run_id": "RUN123", "level": "info"}
{"task": "macro", "duration": 0.575258, "event": "task_end", "timestamp": "2025-09-18T05:19:04.068225Z", "run_id": "RUN123", "level": "info"}
Job "task_wrapper (trigger: interval[0:05:03.685195], next run at: 2025-09-18 07:24:07 CEST)" executed successfully
{"alive": true, "rss_mb": 64.9, "cpu_percent": 0.0, "event": "heartbeat", "timestamp": "2025-09-18T05:19:25.970611Z", "run_id": "RUN123", "level": "info"}
Running job "task_wrapper (trigger: interval[0:05:00.485919], next run at: 2025-09-18 07:24:58 CEST)" (scheduled at 2025-09-18 07:19:57.637357+02:00)
{"task": "derivatives_oi", "ts": "2025-09-18T05:19:57.647074Z", "event": "task_start", "timestamp": "2025-09-18T05:19:57.647074Z", "run_id": "RUN123", "level": "info"}
{"symbol": "BTCUSDT", "event": "deriv_cache_hit", "timestamp": "2025-09-18T05:19:57.647074Z", "run_id": "RUN123", "level": "info"}
{"task": "derivatives_oi", "event": "task_ok", "timestamp": "2025-09-18T05:19:57.648089Z", "run_id": "RUN123", "level": "info"}
{"task": "derivatives_oi", "duration": 0.001015, "event": "task_end", "timestamp": "2025-09-18T05:19:57.648089Z", "run_id": "RUN123", "level": "info"}
Job "task_wrapper (trigger: interval[0:05:00.485919], next run at: 2025-09-18 07:24:58 CEST)" executed successfully
Running job "task_wrapper (trigger: interval[0:15:38.637530], next run at: 2025-09-18 07:36:04 CEST)" (scheduled at 2025-09-18 07:20:25.667923+02:00)
{"task": "defillama", "ts": "2025-09-18T05:20:25.682465Z", "event": "task_start", "timestamp": "2025-09-18T05:20:25.682465Z", "run_id": "RUN123", "level": "info"}
{"chain": "ethereum", "event": "defillama_cache_hit", "timestamp": "2025-09-18T05:20:25.683463Z", "run_id": "RUN123", "level": "info"}
{"task": "defillama", "event": "task_ok", "timestamp": "2025-09-18T05:20:25.683463Z", "run_id": "RUN123", "level": "info"}
{"task": "defillama", "duration": 0.000998, "event": "task_end", "timestamp": "2025-09-18T05:20:25.683463Z", "run_id": "RUN123", "level": "info"}
Job "task_wrapper (trigger: interval[0:15:38.637530], next run at: 2025-09-18 07:36:04 CEST)" executed successfully
{"alive": true, "rss_mb": 64.9, "cpu_percent": 0.0, "event": "heartbeat", "timestamp": "2025-09-18T05:20:25.978195Z", "run_id": "RUN123", "level": "info"}
{"alive": true, "rss_mb": 64.9, "cpu_percent": 0.0, "event": "heartbeat", "timestamp": "2025-09-18T05:21:25.992120Z", "run_id": "RUN123", "level": "info"}
{"alive": true, "rss_mb": 64.8, "cpu_percent": 0.0, "event": "heartbeat", "timestamp": "2025-09-18T05:22:26.008051Z", "run_id": "RUN123", "level": "info"}
{"alive": true, "rss_mb": 64.8, "cpu_percent": 0.0, "event": "heartbeat", "timestamp": "2025-09-18T05:23:26.031918Z", "run_id": "RUN123", "level": "info"}
Running job "task_wrapper (trigger: interval[0:30:20.099607], next run at: 2025-09-18 07:54:01 CEST)" (scheduled at 2025-09-18 07:23:41.025565+02:00)
{"task": "onchain_tx", "ts": "2025-09-18T05:23:41.045706Z", "event": "task_start", "timestamp": "2025-09-18T05:23:41.045706Z", "run_id": "RUN123", "level": "info"}
HTTP Request: GET https://api.blockchain.info/q/getblockcount "HTTP/1.1 200 OK"
{"symbol": "BTC", "source": "blockchain.info", "event": "onchain_success", "timestamp": "2025-09-18T05:23:41.597567Z", "run_id": "RUN123", "level": "info"}
{"task": "onchain_tx", "event": "task_ok", "timestamp": "2025-09-18T05:23:41.598562Z", "run_id": "RUN123", "level": "info"}
{"task": "onchain_tx", "duration": 0.552856, "event": "task_end", "timestamp": "2025-09-18T05:23:41.598562Z", "run_id": "RUN123", "level": "info"}
Job "task_wrapper (trigger: interval[0:30:20.099607], next run at: 2025-09-18 07:54:01 CEST)" executed successfully
Running job "task_wrapper (trigger: interval[0:05:03.429341], next run at: 2025-09-18 07:28:50 CEST)" (scheduled at 2025-09-18 07:23:47.226272+02:00)
{"task": "derivatives_lsr", "ts": "2025-09-18T05:23:47.232881Z", "event": "task_start", "timestamp": "2025-09-18T05:23:47.232881Z", "run_id": "RUN123", "level": "info"}
{"symbol": "BTCUSDT", "metric": "long_short_ratio", "event": "deriv_cache_hit", "timestamp": "2025-09-18T05:23:47.232881Z", "run_id": "RUN123", "level": "info"}
{"task": "derivatives_lsr", "event": "task_ok", "timestamp": "2025-09-18T05:23:47.233885Z", "run_id": "RUN123", "level": "info"}
{"task": "derivatives_lsr", "duration": 0.001004, "event": "task_end", "timestamp": "2025-09-18T05:23:47.233885Z", "run_id": "RUN123", "level": "info"}
Job "task_wrapper (trigger: interval[0:05:03.429341], next run at: 2025-09-18 07:28:50 CEST)" executed successfully
Running job "task_wrapper (trigger: interval[0:05:03.685195], next run at: 2025-09-18 07:29:10 CEST)" (scheduled at 2025-09-18 07:24:07.172887+02:00)
{"task": "macro", "ts": "2025-09-18T05:24:07.181187Z", "event": "task_start", "timestamp": "2025-09-18T05:24:07.181187Z", "run_id": "RUN123", "level": "info"}
HTTP Request: GET https://api.coingecko.com/api/v3/coins/bitcoin "HTTP/1.1 200 OK"
{"symbol": "bitcoin", "source": "coingecko", "event": "macro_success", "timestamp": "2025-09-18T05:24:07.788941Z", "run_id": "RUN123", "level": "info"}
{"task": "macro", "event": "task_ok", "timestamp": "2025-09-18T05:24:07.790938Z", "run_id": "RUN123", "level": "info"}
{"task": "macro", "duration": 0.609751, "event": "task_end", "timestamp": "2025-09-18T05:24:07.790938Z", "run_id": "RUN123", "level": "info"}
Job "task_wrapper (trigger: interval[0:05:03.685195], next run at: 2025-09-18 07:29:10 CEST)" executed successfully
{"alive": true, "rss_mb": 66.3, "cpu_percent": 0.0, "event": "heartbeat", "timestamp": "2025-09-18T05:24:26.043049Z", "run_id": "RUN123", "level": "info"}
Running job "task_wrapper (trigger: interval[0:05:00.485919], next run at: 2025-09-18 07:29:58 CEST)" (scheduled at 2025-09-18 07:24:58.123276+02:00)
{"task": "derivatives_oi", "ts": "2025-09-18T05:24:58.138479Z", "event": "task_start", "timestamp": "2025-09-18T05:24:58.138479Z", "run_id": "RUN123", "level": "info"}
{"symbol": "BTCUSDT", "event": "deriv_cache_hit", "timestamp": "2025-09-18T05:24:58.138479Z", "run_id": "RUN123", "level": "info"}
{"task": "derivatives_oi", "event": "task_ok", "timestamp": "2025-09-18T05:24:58.139573Z", "run_id": "RUN123", "level": "info"}
{"task": "derivatives_oi", "duration": 0.001094, "event": "task_end", "timestamp": "2025-09-18T05:24:58.139573Z", "run_id": "RUN123", "level": "info"}
Job "task_wrapper (trigger: interval[0:05:00.485919], next run at: 2025-09-18 07:29:58 CEST)" executed successfully
{"alive": true, "rss_mb": 66.3, "cpu_percent": 0.0, "event": "heartbeat", "timestamp": "2025-09-18T05:25:26.052456Z", "run_id": "RUN123", "level": "info"}
{"alive": true, "rss_mb": 66.3, "cpu_percent": 0.0, "event": "heartbeat", "timestamp": "2025-09-18T05:26:26.079358Z", "run_id": "RUN123", "level": "info"}
{"alive": true, "rss_mb": 66.3, "cpu_percent": 0.0, "event": "heartbeat", "timestamp": "2025-09-18T05:27:26.076221Z", "run_id": "RUN123", "level": "info"}
{"alive": true, "rss_mb": 66.3, "cpu_percent": 0.0, "event": "heartbeat", "timestamp": "2025-09-18T05:28:26.080863Z", "run_id": "RUN123", "level": "info"}
Running job "task_wrapper (trigger: interval[0:05:03.429341], next run at: 2025-09-18 07:33:54 CEST)" (scheduled at 2025-09-18 07:28:50.655613+02:00)
{"task": "derivatives_lsr", "ts": "2025-09-18T05:28:50.673515Z", "event": "task_start", "timestamp": "2025-09-18T05:28:50.673515Z", "run_id": "RUN123", "level": "info"}
{"symbol": "BTCUSDT", "metric": "long_short_ratio", "event": "deriv_cache_hit", "timestamp": "2025-09-18T05:28:50.673515Z", "run_id": "RUN123", "level": "info"}
{"task": "derivatives_lsr", "event": "task_ok", "timestamp": "2025-09-18T05:28:50.674513Z", "run_id": "RUN123", "level": "info"}
{"task": "derivatives_lsr", "duration": 0.000998, "event": "task_end", "timestamp": "2025-09-18T05:28:50.674513Z", "run_id": "RUN123", "level": "info"}
Job "task_wrapper (trigger: interval[0:05:03.429341], next run at: 2025-09-18 07:33:54 CEST)" executed successfully
Running job "task_wrapper (trigger: interval[0:05:03.685195], next run at: 2025-09-18 07:34:14 CEST)" (scheduled at 2025-09-18 07:29:10.858082+02:00)
{"task": "macro", "ts": "2025-09-18T05:29:10.873009Z", "event": "task_start", "timestamp": "2025-09-18T05:29:10.874007Z", "run_id": "RUN123", "level": "info"}
HTTP Request: GET https://api.coingecko.com/api/v3/coins/bitcoin "HTTP/1.1 200 OK"
{"symbol": "bitcoin", "source": "coingecko", "event": "macro_success", "timestamp": "2025-09-18T05:29:11.552786Z", "run_id": "RUN123", "level": "info"}
{"task": "macro", "event": "task_ok", "timestamp": "2025-09-18T05:29:11.554776Z", "run_id": "RUN123", "level": "info"}
{"task": "macro", "duration": 0.681767, "event": "task_end", "timestamp": "2025-09-18T05:29:11.554776Z", "run_id": "RUN123", "level": "info"}
Job "task_wrapper (trigger: interval[0:05:03.685195], next run at: 2025-09-18 07:34:14 CEST)" executed successfully
{"alive": true, "rss_mb": 66.3, "cpu_percent": 0.0, "event": "heartbeat", "timestamp": "2025-09-18T05:29:26.098529Z", "run_id": "RUN123", "level": "info"}
Running job "task_wrapper (trigger: interval[0:05:00.485919], next run at: 2025-09-18 07:34:59 CEST)" (scheduled at 2025-09-18 07:29:58.609195+02:00)
{"task": "derivatives_oi", "ts": "2025-09-18T05:29:58.635132Z", "event": "task_start", "timestamp": "2025-09-18T05:29:58.635132Z", "run_id": "RUN123", "level": "info"}
{"symbol": "BTCUSDT", "event": "deriv_cache_hit", "timestamp": "2025-09-18T05:29:58.636155Z", "run_id": "RUN123", "level": "info"}
{"task": "derivatives_oi", "event": "task_ok", "timestamp": "2025-09-18T05:29:58.636155Z", "run_id": "RUN123", "level": "info"}
{"task": "derivatives_oi", "duration": 0.002012, "event": "task_end", "timestamp": "2025-09-18T05:29:58.637144Z", "run_id": "RUN123", "level": "info"}
Job "task_wrapper (trigger: interval[0:05:00.485919], next run at: 2025-09-18 07:34:59 CEST)" executed successfully
{"alive": true, "rss_mb": 66.3, "cpu_percent": 0.0, "event": "heartbeat", "timestamp": "2025-09-18T05:30:26.109892Z", "run_id": "RUN123", "level": "info"}
{"alive": true, "rss_mb": 66.3, "cpu_percent": 0.0, "event": "heartbeat", "timestamp": "2025-09-18T05:31:26.121028Z", "run_id": "RUN123", "level": "info"}
{"alive": true, "rss_mb": 66.3, "cpu_percent": 0.0, "event": "heartbeat", "timestamp": "2025-09-18T05:32:26.132911Z", "run_id": "RUN123", "level": "info"}
Running job "task_wrapper (trigger: interval[0:31:01.155603], next run at: 2025-09-18 08:03:35 CEST)" (scheduled at 2025-09-18 07:32:34.755517+02:00)
{"task": "onchain_hashrate", "ts": "2025-09-18T05:32:34.779550Z", "event": "task_start", "timestamp": "2025-09-18T05:32:34.779550Z", "run_id": "RUN123", "level": "info"}
{"symbol": "BTC", "event": "onchain_cache_hit", "timestamp": "2025-09-18T05:32:34.780553Z", "run_id": "RUN123", "level": "info"}
{"task": "onchain_hashrate", "event": "task_ok", "timestamp": "2025-09-18T05:32:34.781568Z", "run_id": "RUN123", "level": "info"}
{"task": "onchain_hashrate", "duration": 0.002018, "event": "task_end", "timestamp": "2025-09-18T05:32:34.781568Z", "run_id": "RUN123", "level": "info"}
Job "task_wrapper (trigger: interval[0:31:01.155603], next run at: 2025-09-18 08:03:35 CEST)" executed successfully
{"alive": true, "rss_mb": 66.3, "cpu_percent": 0.0, "event": "heartbeat", "timestamp": "2025-09-18T05:33:26.122300Z", "run_id": "RUN123", "level": "info"}
Running job "task_wrapper (trigger: interval[0:31:05.669810], next run at: 2025-09-18 08:04:39 CEST)" (scheduled at 2025-09-18 07:33:33.441207+02:00)
{"task": "onchain_sopr", "ts": "2025-09-18T05:33:33.465809Z", "event": "task_start", "timestamp": "2025-09-18T05:33:33.465809Z", "run_id": "RUN123", "level": "info"}
{"symbol": "BTC", "event": "onchain_cache_hit", "timestamp": "2025-09-18T05:33:33.469869Z", "run_id": "RUN123", "level": "info"}
{"task": "onchain_sopr", "event": "task_ok", "timestamp": "2025-09-18T05:33:33.478889Z", "run_id": "RUN123", "level": "info"}
{"task": "onchain_sopr", "duration": 0.01565, "event": "task_end", "timestamp": "2025-09-18T05:33:33.481459Z", "run_id": "RUN123", "level": "info"}
Job "task_wrapper (trigger: interval[0:31:05.669810], next run at: 2025-09-18 08:04:39 CEST)" executed successfully
{"alive": true, "rss_mb": 66.2, "cpu_percent": 0.0, "event": "heartbeat", "timestamp": "2025-09-18T15:13:21.401963Z", "run_id": "RUN123", "level": "info"}
Run time of job "task_wrapper (trigger: interval[0:05:03.429341], next run at: 2025-09-18 17:15:28 CEST)" was missed by 0:02:56.420714
Run time of job "task_wrapper (trigger: interval[0:05:03.685195], next run at: 2025-09-18 17:16:18 CEST)" was missed by 0:02:06.812895
Run time of job "task_wrapper (trigger: interval[0:05:00.485919], next run at: 2025-09-18 17:15:55 CEST)" was missed by 0:02:26.510844
Run time of job "task_wrapper (trigger: interval[0:15:38.637530], next run at: 2025-09-18 17:14:53 CEST)" was missed by 0:14:06.265211
Run time of job "task_wrapper (trigger: interval[1:00:12.398608], next run at: 2025-09-18 17:52:50 CEST)" was missed by 0:20:43.451693
Run time of job "task_wrapper (trigger: interval[0:30:20.099607], next run at: 2025-09-18 17:30:23 CEST)" was missed by 0:13:18.697513
Run time of job "task_wrapper (trigger: interval[0:31:01.155603], next run at: 2025-09-18 17:21:56 CEST)" was missed by 0:22:26.094137
Run time of job "task_wrapper (trigger: interval[0:31:05.669810], next run at: 2025-09-18 17:24:21 CEST)" was missed by 0:20:06.174874
{"alive": true, "rss_mb": 66.2, "cpu_percent": 0.0, "event": "heartbeat", "timestamp": "2025-09-18T15:14:21.474422Z", "run_id": "RUN123", "level": "info"}
Running job "task_wrapper (trigger: interval[0:15:38.637530], next run at: 2025-09-18 17:30:32 CEST)" (scheduled at 2025-09-18 17:14:53.894063+02:00)
{"task": "defillama", "ts": "2025-09-18T15:14:53.918662Z", "event": "task_start", "timestamp": "2025-09-18T15:14:53.918662Z", "run_id": "RUN123", "level": "info"}
{"chain": "ethereum", "event": "defillama_cache_hit", "timestamp": "2025-09-18T15:14:53.918662Z", "run_id": "RUN123", "level": "info"}
{"task": "defillama", "event": "task_ok", "timestamp": "2025-09-18T15:14:53.919655Z", "run_id": "RUN123", "level": "info"}
{"task": "defillama", "duration": 0.000993, "event": "task_end", "timestamp": "2025-09-18T15:14:53.919655Z", "run_id": "RUN123", "level": "info"}
Job "task_wrapper (trigger: interval[0:15:38.637530], next run at: 2025-09-18 17:30:32 CEST)" executed successfully
{"alive": true, "rss_mb": 66.2, "cpu_percent": 0.0, "event": "heartbeat", "timestamp": "2025-09-18T15:15:21.473680Z", "run_id": "RUN123", "level": "info"}
Running job "task_wrapper (trigger: interval[0:05:03.429341], next run at: 2025-09-18 17:20:31 CEST)" (scheduled at 2025-09-18 17:15:28.459169+02:00)
{"task": "derivatives_lsr", "ts": "2025-09-18T15:15:28.476552Z", "event": "task_start", "timestamp": "2025-09-18T15:15:28.476552Z", "run_id": "RUN123", "level": "info"}
{"symbol": "BTCUSDT", "metric": "long_short_ratio", "event": "deriv_cache_hit", "timestamp": "2025-09-18T15:15:28.477551Z", "run_id": "RUN123", "level": "info"}
{"task": "derivatives_lsr", "event": "task_ok", "timestamp": "2025-09-18T15:15:28.477551Z", "run_id": "RUN123", "level": "info"}
{"task": "derivatives_lsr", "duration": 0.001995, "event": "task_end", "timestamp": "2025-09-18T15:15:28.478547Z", "run_id": "RUN123", "level": "info"}
Job "task_wrapper (trigger: interval[0:05:03.429341], next run at: 2025-09-18 17:20:31 CEST)" executed successfully
Running job "task_wrapper (trigger: interval[0:05:00.485919], next run at: 2025-09-18 17:20:55 CEST)" (scheduled at 2025-09-18 17:15:55.461718+02:00)
{"task": "derivatives_oi", "ts": "2025-09-18T15:15:55.465596Z", "event": "task_start", "timestamp": "2025-09-18T15:15:55.465596Z", "run_id": "RUN123", "level": "info"}
{"symbol": "BTCUSDT", "event": "deriv_cache_hit", "timestamp": "2025-09-18T15:15:55.466608Z", "run_id": "RUN123", "level": "info"}
{"task": "derivatives_oi", "event": "task_ok", "timestamp": "2025-09-18T15:15:55.466608Z", "run_id": "RUN123", "level": "info"}
{"task": "derivatives_oi", "duration": 0.002019, "event": "task_end", "timestamp": "2025-09-18T15:15:55.467615Z", "run_id": "RUN123", "level": "info"}
Job "task_wrapper (trigger: interval[0:05:00.485919], next run at: 2025-09-18 17:20:55 CEST)" executed successfully
Running job "task_wrapper (trigger: interval[0:05:03.685195], next run at: 2025-09-18 17:21:22 CEST)" (scheduled at 2025-09-18 17:16:18.340702+02:00)
{"task": "macro", "ts": "2025-09-18T15:16:18.356907Z", "event": "task_start", "timestamp": "2025-09-18T15:16:18.356907Z", "run_id": "RUN123", "level": "info"}
HTTP Request: GET https://api.coingecko.com/api/v3/coins/bitcoin "HTTP/1.1 200 OK"
{"symbol": "bitcoin", "source": "coingecko", "event": "macro_success", "timestamp": "2025-09-18T15:16:18.947187Z", "run_id": "RUN123", "level": "info"}
{"task": "macro", "event": "task_ok", "timestamp": "2025-09-18T15:16:18.947836Z", "run_id": "RUN123", "level": "info"}
{"task": "macro", "duration": 0.591929, "event": "task_end", "timestamp": "2025-09-18T15:16:18.948836Z", "run_id": "RUN123", "level": "info"}
Job "task_wrapper (trigger: interval[0:05:03.685195], next run at: 2025-09-18 17:21:22 CEST)" executed successfully
{"alive": true, "rss_mb": 66.4, "cpu_percent": 0.0, "event": "heartbeat", "timestamp": "2025-09-18T15:16:21.476379Z", "run_id": "RUN123", "level": "info"}
{"alive": true, "rss_mb": 66.3, "cpu_percent": 0.0, "event": "heartbeat", "timestamp": "2025-09-18T15:17:21.490474Z", "run_id": "RUN123", "level": "info"}
{"alive": true, "rss_mb": 66.3, "cpu_percent": 0.0, "event": "heartbeat", "timestamp": "2025-09-18T15:18:21.499051Z", "run_id": "RUN123", "level": "info"}
{"alive": true, "rss_mb": 66.3, "cpu_percent": 0.0, "event": "heartbeat", "timestamp": "2025-09-18T15:19:21.497676Z", "run_id": "RUN123", "level": "info"}
{"alive": true, "rss_mb": 66.3, "cpu_percent": 0.0, "event": "heartbeat", "timestamp": "2025-09-18T15:20:21.507909Z", "run_id": "RUN123", "level": "info"}
Running job "task_wrapper (trigger: interval[0:05:03.429341], next run at: 2025-09-18 17:25:35 CEST)" (scheduled at 2025-09-18 17:20:31.888510+02:00)
{"task": "derivatives_lsr", "ts": "2025-09-18T15:20:31.906190Z", "event": "task_start", "timestamp": "2025-09-18T15:20:31.906190Z", "run_id": "RUN123", "level": "info"}
HTTP Request: GET https://api.bybit.com/v5/market/account-ratio?category=linear&symbol=BTCUSDT&period=5min "HTTP/1.1 200 OK"
{"symbol": "BTCUSDT", "metric": "long_short_ratio", "source": "bybit", "event": "deriv_success", "timestamp": "2025-09-18T15:20:32.650716Z", "run_id": "RUN123", "level": "info"}
{"task": "derivatives_lsr", "event": "task_ok", "timestamp": "2025-09-18T15:20:32.651717Z", "run_id": "RUN123", "level": "info"}
{"task": "derivatives_lsr", "duration": 0.745527, "event": "task_end", "timestamp": "2025-09-18T15:20:32.651717Z", "run_id": "RUN123", "level": "info"}
Job "task_wrapper (trigger: interval[0:05:03.429341], next run at: 2025-09-18 17:25:35 CEST)" executed successfully
Running job "task_wrapper (trigger: interval[0:05:00.485919], next run at: 2025-09-18 17:25:56 CEST)" (scheduled at 2025-09-18 17:20:55.947637+02:00)
{"task": "derivatives_oi", "ts": "2025-09-18T15:20:55.955584Z", "event": "task_start", "timestamp": "2025-09-18T15:20:55.956604Z", "run_id": "RUN123", "level": "info"}
{"symbol": "BTCUSDT", "event": "deriv_cache_hit", "timestamp": "2025-09-18T15:20:55.956604Z", "run_id": "RUN123", "level": "info"}
{"task": "derivatives_oi", "event": "task_ok", "timestamp": "2025-09-18T15:20:55.957603Z", "run_id": "RUN123", "level": "info"}
{"task": "derivatives_oi", "duration": 0.002019, "event": "task_end", "timestamp": "2025-09-18T15:20:55.957603Z", "run_id": "RUN123", "level": "info"}
Job "task_wrapper (trigger: interval[0:05:00.485919], next run at: 2025-09-18 17:25:56 CEST)" executed successfully
{"alive": true, "rss_mb": 66.3, "cpu_percent": 0.0, "event": "heartbeat", "timestamp": "2025-09-18T15:21:21.494993Z", "run_id": "RUN123", "level": "info"}
Running job "task_wrapper (trigger: interval[0:05:03.685195], next run at: 2025-09-18 17:26:25 CEST)" (scheduled at 2025-09-18 17:21:22.025897+02:00)
{"task": "macro", "ts": "2025-09-18T15:21:22.027646Z", "event": "task_start", "timestamp": "2025-09-18T15:21:22.027646Z", "run_id": "RUN123", "level": "info"}
HTTP Request: GET https://api.coingecko.com/api/v3/coins/bitcoin "HTTP/1.1 200 OK"
{"symbol": "bitcoin", "source": "coingecko", "event": "macro_success", "timestamp": "2025-09-18T15:21:22.639828Z", "run_id": "RUN123", "level": "info"}
{"task": "macro", "event": "task_ok", "timestamp": "2025-09-18T15:21:22.641826Z", "run_id": "RUN123", "level": "info"}
{"task": "macro", "duration": 0.61418, "event": "task_end", "timestamp": "2025-09-18T15:21:22.641826Z", "run_id": "RUN123", "level": "info"}
Job "task_wrapper (trigger: interval[0:05:03.685195], next run at: 2025-09-18 17:26:25 CEST)" executed successfully
Running job "task_wrapper (trigger: interval[0:31:01.155603], next run at: 2025-09-18 17:52:57 CEST)" (scheduled at 2025-09-18 17:21:56.711974+02:00)
{"task": "onchain_hashrate", "ts": "2025-09-18T15:21:56.738284Z", "event": "task_start", "timestamp": "2025-09-18T15:21:56.738284Z", "run_id": "RUN123", "level": "info"}
HTTP Request: GET https://api.blockchain.info/q/hashrate "HTTP/1.1 200 OK"
{"symbol": "BTC", "source": "blockchain.info", "event": "onchain_success", "timestamp": "2025-09-18T15:21:57.330746Z", "run_id": "RUN123", "level": "info"}
{"task": "onchain_hashrate", "event": "task_ok", "timestamp": "2025-09-18T15:21:57.331750Z", "run_id": "RUN123", "level": "info"}
{"task": "onchain_hashrate", "duration": 0.594449, "event": "task_end", "timestamp": "2025-09-18T15:21:57.332733Z", "run_id": "RUN123", "level": "info"}
Job "task_wrapper (trigger: interval[0:31:01.155603], next run at: 2025-09-18 17:52:57 CEST)" executed successfully
{"alive": true, "rss_mb": 66.5, "cpu_percent": 0.0, "event": "heartbeat", "timestamp": "2025-09-18T15:22:21.509199Z", "run_id": "RUN123", "level": "info"}
{"alive": true, "rss_mb": 66.5, "cpu_percent": 0.0, "event": "heartbeat", "timestamp": "2025-09-18T15:23:21.486621Z", "run_id": "RUN123", "level": "info"}
Running job "task_wrapper (trigger: interval[0:31:05.669810], next run at: 2025-09-18 17:55:26 CEST)" (scheduled at 2025-09-18 17:24:21.167597+02:00)
{"task": "onchain_sopr", "ts": "2025-09-18T15:24:21.176588Z", "event": "task_start", "timestamp": "2025-09-18T15:24:21.176588Z", "run_id": "RUN123", "level": "info"}
{"alive": true, "rss_mb": 66.5, "cpu_percent": 0.0, "event": "heartbeat", "timestamp": "2025-09-18T15:24:21.799598Z", "run_id": "RUN123", "level": "info"}
HTTP Request: GET https://bitcoin-data.com/v1/sopr/csv "HTTP/1.1 200 "
{"symbol": "BTC", "source": "bitcoin-data.com", "event": "onchain_success", "timestamp": "2025-09-18T15:24:22.236981Z", "run_id": "RUN123", "level": "info"}
{"task": "onchain_sopr", "event": "task_ok", "timestamp": "2025-09-18T15:24:22.239000Z", "run_id": "RUN123", "level": "info"}
{"task": "onchain_sopr", "duration": 1.062412, "event": "task_end", "timestamp": "2025-09-18T15:24:22.239000Z", "run_id": "RUN123", "level": "info"}
Job "task_wrapper (trigger: interval[0:31:05.669810], next run at: 2025-09-18 17:55:26 CEST)" executed successfully
{"alive": true, "rss_mb": 66.9, "cpu_percent": 0.0, "event": "heartbeat", "timestamp": "2025-09-18T15:25:21.806132Z", "run_id": "RUN123", "level": "info"}
Running job "task_wrapper (trigger: interval[0:05:03.429341], next run at: 2025-09-18 17:30:38 CEST)" (scheduled at 2025-09-18 17:25:35.317851+02:00)
{"task": "derivatives_lsr", "ts": "2025-09-18T15:25:35.329866Z", "event": "task_start", "timestamp": "2025-09-18T15:25:35.329866Z", "run_id": "RUN123", "level": "info"}
HTTP Request: GET https://api.bybit.com/v5/market/account-ratio?category=linear&symbol=BTCUSDT&period=5min "HTTP/1.1 200 OK"
{"symbol": "BTCUSDT", "metric": "long_short_ratio", "source": "bybit", "event": "deriv_success", "timestamp": "2025-09-18T15:25:36.271354Z", "run_id": "RUN123", "level": "info"}
{"task": "derivatives_lsr", "event": "task_ok", "timestamp": "2025-09-18T15:25:36.272353Z", "run_id": "RUN123", "level": "info"}
{"task": "derivatives_lsr", "duration": 0.943489, "event": "task_end", "timestamp": "2025-09-18T15:25:36.273355Z", "run_id": "RUN123", "level": "info"}
Job "task_wrapper (trigger: interval[0:05:03.429341], next run at: 2025-09-18 17:30:38 CEST)" executed successfully
Running job "task_wrapper (trigger: interval[0:05:00.485919], next run at: 2025-09-18 17:30:56 CEST)" (scheduled at 2025-09-18 17:25:56.433556+02:00)
{"task": "derivatives_oi", "ts": "2025-09-18T15:25:56.445867Z", "event": "task_start", "timestamp": "2025-09-18T15:25:56.445867Z", "run_id": "RUN123", "level": "info"}
{"symbol": "BTCUSDT", "event": "deriv_cache_hit", "timestamp": "2025-09-18T15:25:56.446867Z", "run_id": "RUN123", "level": "info"}
{"task": "derivatives_oi", "event": "task_ok", "timestamp": "2025-09-18T15:25:56.447866Z", "run_id": "RUN123", "level": "info"}
{"task": "derivatives_oi", "duration": 0.001999, "event": "task_end", "timestamp": "2025-09-18T15:25:56.447866Z", "run_id": "RUN123", "level": "info"}
Job "task_wrapper (trigger: interval[0:05:00.485919], next run at: 2025-09-18 17:30:56 CEST)" executed successfully
{"alive": true, "rss_mb": 67.2, "cpu_percent": 0.0, "event": "heartbeat", "timestamp": "2025-09-18T15:26:21.807330Z", "run_id": "RUN123", "level": "info"}
Running job "task_wrapper (trigger: interval[0:05:03.685195], next run at: 2025-09-18 17:31:29 CEST)" (scheduled at 2025-09-18 17:26:25.711092+02:00)
{"task": "macro", "ts": "2025-09-18T15:26:25.723373Z", "event": "task_start", "timestamp": "2025-09-18T15:26:25.723373Z", "run_id": "RUN123", "level": "info"}
HTTP Request: GET https://api.coingecko.com/api/v3/coins/bitcoin "HTTP/1.1 200 OK"
{"symbol": "bitcoin", "source": "coingecko", "event": "macro_success", "timestamp": "2025-09-18T15:26:26.445461Z", "run_id": "RUN123", "level": "info"}
{"task": "macro", "event": "task_ok", "timestamp": "2025-09-18T15:26:26.447456Z", "run_id": "RUN123", "level": "info"}
{"task": "macro", "duration": 0.724083, "event": "task_end", "timestamp": "2025-09-18T15:26:26.447456Z", "run_id": "RUN123", "level": "info"}
Job "task_wrapper (trigger: interval[0:05:03.685195], next run at: 2025-09-18 17:31:29 CEST)" executed successfully
{"alive": true, "rss_mb": 68.5, "cpu_percent": 0.0, "event": "heartbeat", "timestamp": "2025-09-18T15:27:21.824895Z", "run_id": "RUN123", "level": "info"}
{"alive": true, "rss_mb": 68.5, "cpu_percent": 0.0, "event": "heartbeat", "timestamp": "2025-09-18T15:28:21.832310Z", "run_id": "RUN123", "level": "info"}
{"alive": true, "rss_mb": 68.5, "cpu_percent": 0.0, "event": "heartbeat", "timestamp": "2025-09-18T15:29:21.846277Z", "run_id": "RUN123", "level": "info"}
{"alive": true, "rss_mb": 68.5, "cpu_percent": 0.0, "event": "heartbeat", "timestamp": "2025-09-18T15:30:21.856542Z", "run_id": "RUN123", "level": "info"}
Running job "task_wrapper (trigger: interval[0:30:20.099607], next run at: 2025-09-18 18:00:43 CEST)" (scheduled at 2025-09-18 17:30:23.017705+02:00)
{"task": "onchain_tx", "ts": "2025-09-18T15:30:23.034907Z", "event": "task_start", "timestamp": "2025-09-18T15:30:23.034907Z", "run_id": "RUN123", "level": "info"}
{"symbol": "BTC", "event": "onchain_cache_hit", "timestamp": "2025-09-18T15:30:23.034907Z", "run_id": "RUN123", "level": "info"}
{"task": "onchain_tx", "event": "task_ok", "timestamp": "2025-09-18T15:30:23.035913Z", "run_id": "RUN123", "level": "info"}
{"task": "onchain_tx", "duration": 0.001006, "event": "task_end", "timestamp": "2025-09-18T15:30:23.035913Z", "run_id": "RUN123", "level": "info"}
Job "task_wrapper (trigger: interval[0:30:20.099607], next run at: 2025-09-18 18:00:43 CEST)" executed successfully
Running job "task_wrapper (trigger: interval[0:15:38.637530], next run at: 2025-09-18 17:46:11 CEST)" (scheduled at 2025-09-18 17:30:32.531593+02:00)
{"task": "defillama", "ts": "2025-09-18T15:30:32.537052Z", "event": "task_start", "timestamp": "2025-09-18T15:30:32.537052Z", "run_id": "RUN123", "level": "info"}
{"chain": "ethereum", "event": "defillama_cache_hit", "timestamp": "2025-09-18T15:30:32.538071Z", "run_id": "RUN123", "level": "info"}
{"task": "defillama", "event": "task_ok", "timestamp": "2025-09-18T15:30:32.538071Z", "run_id": "RUN123", "level": "info"}
{"task": "defillama", "duration": 0.001996, "event": "task_end", "timestamp": "2025-09-18T15:30:32.539048Z", "run_id": "RUN123", "level": "info"}
Job "task_wrapper (trigger: interval[0:15:38.637530], next run at: 2025-09-18 17:46:11 CEST)" executed successfully
Running job "task_wrapper (trigger: interval[0:05:03.429341], next run at: 2025-09-18 17:35:42 CEST)" (scheduled at 2025-09-18 17:30:38.747192+02:00)
{"task": "derivatives_lsr", "ts": "2025-09-18T15:30:38.761501Z", "event": "task_start", "timestamp": "2025-09-18T15:30:38.761501Z", "run_id": "RUN123", "level": "info"}
HTTP Request: GET https://api.bybit.com/v5/market/account-ratio?category=linear&symbol=BTCUSDT&period=5min "HTTP/1.1 200 OK"
{"symbol": "BTCUSDT", "metric": "long_short_ratio", "source": "bybit", "event": "deriv_success", "timestamp": "2025-09-18T15:30:39.537667Z", "run_id": "RUN123", "level": "info"}
{"task": "derivatives_lsr", "event": "task_ok", "timestamp": "2025-09-18T15:30:39.538652Z", "run_id": "RUN123", "level": "info"}
{"task": "derivatives_lsr", "duration": 0.778161, "event": "task_end", "timestamp": "2025-09-18T15:30:39.539662Z", "run_id": "RUN123", "level": "info"}
Job "task_wrapper (trigger: interval[0:05:03.429341], next run at: 2025-09-18 17:35:42 CEST)" executed successfully
Running job "task_wrapper (trigger: interval[0:05:00.485919], next run at: 2025-09-18 17:35:57 CEST)" (scheduled at 2025-09-18 17:30:56.919475+02:00)
{"task": "derivatives_oi", "ts": "2025-09-18T15:30:56.925844Z", "event": "task_start", "timestamp": "2025-09-18T15:30:56.925844Z", "run_id": "RUN123", "level": "info"}
{"symbol": "BTCUSDT", "event": "deriv_cache_hit", "timestamp": "2025-09-18T15:30:56.926847Z", "run_id": "RUN123", "level": "info"}
{"task": "derivatives_oi", "event": "task_ok", "timestamp": "2025-09-18T15:30:56.926847Z", "run_id": "RUN123", "level": "info"}
{"task": "derivatives_oi", "duration": 0.002003, "event": "task_end", "timestamp": "2025-09-18T15:30:56.927847Z", "run_id": "RUN123", "level": "info"}
Job "task_wrapper (trigger: interval[0:05:00.485919], next run at: 2025-09-18 17:35:57 CEST)" executed successfully
{"alive": true, "rss_mb": 68.5, "cpu_percent": 0.0, "event": "heartbeat", "timestamp": "2025-09-18T15:31:21.875670Z", "run_id": "RUN123", "level": "info"}
Running job "task_wrapper (trigger: interval[0:05:03.685195], next run at: 2025-09-18 17:36:33 CEST)" (scheduled at 2025-09-18 17:31:29.396287+02:00)
{"task": "macro", "ts": "2025-09-18T15:31:29.408448Z", "event": "task_start", "timestamp": "2025-09-18T15:31:29.408448Z", "run_id": "RUN123", "level": "info"}
HTTP Request: GET https://api.coingecko.com/api/v3/coins/bitcoin "HTTP/1.1 200 OK"
{"symbol": "bitcoin", "source": "coingecko", "event": "macro_success", "timestamp": "2025-09-18T15:31:30.140507Z", "run_id": "RUN123", "level": "info"}
{"task": "macro", "event": "task_ok", "timestamp": "2025-09-18T15:31:30.141488Z", "run_id": "RUN123", "level": "info"}
{"task": "macro", "duration": 0.734032, "event": "task_end", "timestamp": "2025-09-18T15:31:30.142480Z", "run_id": "RUN123", "level": "info"}
Job "task_wrapper (trigger: interval[0:05:03.685195], next run at: 2025-09-18 17:36:33 CEST)" executed successfully
{"alive": true, "rss_mb": 62.8, "cpu_percent": 0.0, "event": "heartbeat", "timestamp": "2025-09-18T15:32:21.883296Z", "run_id": "RUN123", "level": "info"}
{"alive": true, "rss_mb": 62.8, "cpu_percent": 0.0, "event": "heartbeat", "timestamp": "2025-09-18T15:33:21.892757Z", "run_id": "RUN123", "level": "info"}
{"alive": true, "rss_mb": 62.8, "cpu_percent": 0.0, "event": "heartbeat", "timestamp": "2025-09-18T15:34:21.897142Z", "run_id": "RUN123", "level": "info"}
{"alive": true, "rss_mb": 62.8, "cpu_percent": 0.0, "event": "heartbeat", "timestamp": "2025-09-18T15:35:21.908013Z", "run_id": "RUN123", "level": "info"}
Running job "task_wrapper (trigger: interval[0:05:03.429341], next run at: 2025-09-18 17:40:45 CEST)" (scheduled at 2025-09-18 17:35:42.176533+02:00)
{"task": "derivatives_lsr", "ts": "2025-09-18T15:35:42.191887Z", "event": "task_start", "timestamp": "2025-09-18T15:35:42.191887Z", "run_id": "RUN123", "level": "info"}
HTTP Request: GET https://api.bybit.com/v5/market/account-ratio?category=linear&symbol=BTCUSDT&period=5min "HTTP/1.1 200 OK"
{"symbol": "BTCUSDT", "metric": "long_short_ratio", "source": "bybit", "event": "deriv_success", "timestamp": "2025-09-18T15:35:42.899984Z", "run_id": "RUN123", "level": "info"}
{"task": "derivatives_lsr", "event": "task_ok", "timestamp": "2025-09-18T15:35:42.901979Z", "run_id": "RUN123", "level": "info"}
{"task": "derivatives_lsr", "duration": 0.710092, "event": "task_end", "timestamp": "2025-09-18T15:35:42.901979Z", "run_id": "RUN123", "level": "info"}
Job "task_wrapper (trigger: interval[0:05:03.429341], next run at: 2025-09-18 17:40:45 CEST)" executed successfully
Running job "task_wrapper (trigger: interval[0:05:00.485919], next run at: 2025-09-18 17:40:57 CEST)" (scheduled at 2025-09-18 17:35:57.405394+02:00)
{"task": "derivatives_oi", "ts": "2025-09-18T15:35:57.415161Z", "event": "task_start", "timestamp": "2025-09-18T15:35:57.415161Z", "run_id": "RUN123", "level": "info"}
{"symbol": "BTCUSDT", "event": "deriv_cache_hit", "timestamp": "2025-09-18T15:35:57.416160Z", "run_id": "RUN123", "level": "info"}
{"task": "derivatives_oi", "event": "task_ok", "timestamp": "2025-09-18T15:35:57.417155Z", "run_id": "RUN123", "level": "info"}
{"task": "derivatives_oi", "duration": 0.001994, "event": "task_end", "timestamp": "2025-09-18T15:35:57.417155Z", "run_id": "RUN123", "level": "info"}
Job "task_wrapper (trigger: interval[0:05:00.485919], next run at: 2025-09-18 17:40:57 CEST)" executed successfully
{"alive": true, "rss_mb": 62.9, "cpu_percent": 0.0, "event": "heartbeat", "timestamp": "2025-09-18T15:36:21.915501Z", "run_id": "RUN123", "level": "info"}
Running job "task_wrapper (trigger: interval[0:05:03.685195], next run at: 2025-09-18 17:41:36 CEST)" (scheduled at 2025-09-18 17:36:33.081482+02:00)
{"task": "macro", "ts": "2025-09-18T15:36:33.091995Z", "event": "task_start", "timestamp": "2025-09-18T15:36:33.091995Z", "run_id": "RUN123", "level": "info"}
HTTP Request: GET https://api.coingecko.com/api/v3/coins/bitcoin "HTTP/1.1 200 OK"
{"symbol": "bitcoin", "source": "coingecko", "event": "macro_success", "timestamp": "2025-09-18T15:36:33.661584Z", "run_id": "RUN123", "level": "info"}
{"task": "macro", "event": "task_ok", "timestamp": "2025-09-18T15:36:33.665597Z", "run_id": "RUN123", "level": "info"}
{"task": "macro", "duration": 0.574584, "event": "task_end", "timestamp": "2025-09-18T15:36:33.666579Z", "run_id": "RUN123", "level": "info"}
Job "task_wrapper (trigger: interval[0:05:03.685195], next run at: 2025-09-18 17:41:36 CEST)" executed successfully
{"alive": true, "rss_mb": 63.4, "cpu_percent": 0.0, "event": "heartbeat", "timestamp": "2025-09-18T15:37:21.916091Z", "run_id": "RUN123", "level": "info"}
{"alive": true, "rss_mb": 63.4, "cpu_percent": 0.0, "event": "heartbeat", "timestamp": "2025-09-18T15:38:21.930064Z", "run_id": "RUN123", "level": "info"}
{"alive": true, "rss_mb": 63.4, "cpu_percent": 0.0, "event": "heartbeat", "timestamp": "2025-09-18T15:39:21.943303Z", "run_id": "RUN123", "level": "info"}
{"alive": true, "rss_mb": 63.4, "cpu_percent": 0.0, "event": "heartbeat", "timestamp": "2025-09-18T15:40:21.949189Z", "run_id": "RUN123", "level": "info"}
Running job "task_wrapper (trigger: interval[0:05:03.429341], next run at: 2025-09-18 17:45:49 CEST)" (scheduled at 2025-09-18 17:40:45.605874+02:00)
{"task": "derivatives_lsr", "ts": "2025-09-18T15:40:45.623448Z", "event": "task_start", "timestamp": "2025-09-18T15:40:45.624415Z", "run_id": "RUN123", "level": "info"}
{"symbol": "BTCUSDT", "metric": "long_short_ratio", "event": "deriv_cache_hit", "timestamp": "2025-09-18T15:40:45.624415Z", "run_id": "RUN123", "level": "info"}
{"task": "derivatives_lsr", "event": "task_ok", "timestamp": "2025-09-18T15:40:45.625421Z", "run_id": "RUN123", "level": "info"}
{"task": "derivatives_lsr", "duration": 0.002975, "event": "task_end", "timestamp": "2025-09-18T15:40:45.626423Z", "run_id": "RUN123", "level": "info"}
Job "task_wrapper (trigger: interval[0:05:03.429341], next run at: 2025-09-18 17:45:49 CEST)" executed successfully
Running job "task_wrapper (trigger: interval[0:05:00.485919], next run at: 2025-09-18 17:45:58 CEST)" (scheduled at 2025-09-18 17:40:57.891313+02:00)
{"task": "derivatives_oi", "ts": "2025-09-18T15:40:57.904517Z", "event": "task_start", "timestamp": "2025-09-18T15:40:57.904517Z", "run_id": "RUN123", "level": "info"}
{"symbol": "BTCUSDT", "event": "deriv_cache_hit", "timestamp": "2025-09-18T15:40:57.905520Z", "run_id": "RUN123", "level": "info"}
{"task": "derivatives_oi", "event": "task_ok", "timestamp": "2025-09-18T15:40:57.905520Z", "run_id": "RUN123", "level": "info"}
{"task": "derivatives_oi", "duration": 0.001999, "event": "task_end", "timestamp": "2025-09-18T15:40:57.906516Z", "run_id": "RUN123", "level": "info"}
Job "task_wrapper (trigger: interval[0:05:00.485919], next run at: 2025-09-18 17:45:58 CEST)" executed successfully
{"alive": true, "rss_mb": 63.4, "cpu_percent": 0.0, "event": "heartbeat", "timestamp": "2025-09-18T15:41:21.970820Z", "run_id": "RUN123", "level": "info"}
Running job "task_wrapper (trigger: interval[0:05:03.685195], next run at: 2025-09-18 17:46:40 CEST)" (scheduled at 2025-09-18 17:41:36.766677+02:00)
{"task": "macro", "ts": "2025-09-18T15:41:36.787852Z", "event": "task_start", "timestamp": "2025-09-18T15:41:36.788844Z", "run_id": "RUN123", "level": "info"}
HTTP Request: GET https://api.coingecko.com/api/v3/coins/bitcoin "HTTP/1.1 200 OK"
{"symbol": "bitcoin", "source": "coingecko", "event": "macro_success", "timestamp": "2025-09-18T15:41:37.378607Z", "run_id": "RUN123", "level": "info"}
{"task": "macro", "event": "task_ok", "timestamp": "2025-09-18T15:41:37.380624Z", "run_id": "RUN123", "level": "info"}
{"task": "macro", "duration": 0.592772, "event": "task_end", "timestamp": "2025-09-18T15:41:37.380624Z", "run_id": "RUN123", "level": "info"}
Job "task_wrapper (trigger: interval[0:05:03.685195], next run at: 2025-09-18 17:46:40 CEST)" executed successfully
{"alive": true, "rss_mb": 63.5, "cpu_percent": 0.0, "event": "heartbeat", "timestamp": "2025-09-18T15:42:21.992483Z", "run_id": "RUN123", "level": "info"}
{"alive": true, "rss_mb": 63.5, "cpu_percent": 0.0, "event": "heartbeat", "timestamp": "2025-09-18T15:43:22.002893Z", "run_id": "RUN123", "level": "info"}
{"alive": true, "rss_mb": 63.5, "cpu_percent": 0.0, "event": "heartbeat", "timestamp": "2025-09-18T15:44:22.016368Z", "run_id": "RUN123", "level": "info"}
{"alive": true, "rss_mb": 63.5, "cpu_percent": 0.0, "event": "heartbeat", "timestamp": "2025-09-18T15:45:22.022888Z", "run_id": "RUN123", "level": "info"}
Running job "task_wrapper (trigger: interval[0:05:03.429341], next run at: 2025-09-18 17:50:52 CEST)" (scheduled at 2025-09-18 17:45:49.035215+02:00)
{"task": "derivatives_lsr", "ts": "2025-09-18T15:45:49.047400Z", "event": "task_start", "timestamp": "2025-09-18T15:45:49.047400Z", "run_id": "RUN123", "level": "info"}
HTTP Request: GET https://api.bybit.com/v5/market/account-ratio?category=linear&symbol=BTCUSDT&period=5min "HTTP/1.1 200 OK"
{"symbol": "BTCUSDT", "metric": "long_short_ratio", "source": "bybit", "event": "deriv_success", "timestamp": "2025-09-18T15:45:49.759654Z", "run_id": "RUN123", "level": "info"}
{"task": "derivatives_lsr", "event": "task_ok", "timestamp": "2025-09-18T15:45:49.760637Z", "run_id": "RUN123", "level": "info"}
{"task": "derivatives_lsr", "duration": 0.714252, "event": "task_end", "timestamp": "2025-09-18T15:45:49.761652Z", "run_id": "RUN123", "level": "info"}
Job "task_wrapper (trigger: interval[0:05:03.429341], next run at: 2025-09-18 17:50:52 CEST)" executed successfully
Running job "task_wrapper (trigger: interval[0:05:00.485919], next run at: 2025-09-18 17:50:58 CEST)" (scheduled at 2025-09-18 17:45:58.377232+02:00)
{"task": "derivatives_oi", "ts": "2025-09-18T15:45:58.383893Z", "event": "task_start", "timestamp": "2025-09-18T15:45:58.383893Z", "run_id": "RUN123", "level": "info"}
{"symbol": "BTCUSDT", "event": "deriv_cache_hit", "timestamp": "2025-09-18T15:45:58.384891Z", "run_id": "RUN123", "level": "info"}
{"task": "derivatives_oi", "event": "task_ok", "timestamp": "2025-09-18T15:45:58.384891Z", "run_id": "RUN123", "level": "info"}
{"task": "derivatives_oi", "duration": 0.001993, "event": "task_end", "timestamp": "2025-09-18T15:45:58.385886Z", "run_id": "RUN123", "level": "info"}
Job "task_wrapper (trigger: interval[0:05:00.485919], next run at: 2025-09-18 17:50:58 CEST)" executed successfully
Running job "task_wrapper (trigger: interval[0:15:38.637530], next run at: 2025-09-18 18:01:49 CEST)" (scheduled at 2025-09-18 17:46:11.169123+02:00)
{"task": "defillama", "ts": "2025-09-18T15:46:11.186349Z", "event": "task_start", "timestamp": "2025-09-18T15:46:11.186349Z", "run_id": "RUN123", "level": "info"}
{"chain": "ethereum", "event": "defillama_cache_hit", "timestamp": "2025-09-18T15:46:11.187331Z", "run_id": "RUN123", "level": "info"}
{"task": "defillama", "event": "task_ok", "timestamp": "2025-09-18T15:46:11.187331Z", "run_id": "RUN123", "level": "info"}
{"task": "defillama", "duration": 0.001984, "event": "task_end", "timestamp": "2025-09-18T15:46:11.188333Z", "run_id": "RUN123", "level": "info"}
Job "task_wrapper (trigger: interval[0:15:38.637530], next run at: 2025-09-18 18:01:49 CEST)" executed successfully
{"alive": true, "rss_mb": 63.5, "cpu_percent": 0.0, "event": "heartbeat", "timestamp": "2025-09-18T15:46:22.028118Z", "run_id": "RUN123", "level": "info"}
Running job "task_wrapper (trigger: interval[0:05:03.685195], next run at: 2025-09-18 17:51:44 CEST)" (scheduled at 2025-09-18 17:46:40.451872+02:00)
{"task": "macro", "ts": "2025-09-18T15:46:40.468169Z", "event": "task_start", "timestamp": "2025-09-18T15:46:40.468169Z", "run_id": "RUN123", "level": "info"}
HTTP Request: GET https://api.coingecko.com/api/v3/coins/bitcoin "HTTP/1.1 200 OK"
{"symbol": "bitcoin", "source": "coingecko", "event": "macro_success", "timestamp": "2025-09-18T15:46:41.043826Z", "run_id": "RUN123", "level": "info"}
{"task": "macro", "event": "task_ok", "timestamp": "2025-09-18T15:46:41.045811Z", "run_id": "RUN123", "level": "info"}
{"task": "macro", "duration": 0.577642, "event": "task_end", "timestamp": "2025-09-18T15:46:41.045811Z", "run_id": "RUN123", "level": "info"}
Job "task_wrapper (trigger: interval[0:05:03.685195], next run at: 2025-09-18 17:51:44 CEST)" executed successfully
{"alive": true, "rss_mb": 63.6, "cpu_percent": 0.0, "event": "heartbeat", "timestamp": "2025-09-18T15:47:22.038214Z", "run_id": "RUN123", "level": "info"}
{"alive": true, "rss_mb": 63.6, "cpu_percent": 0.0, "event": "heartbeat", "timestamp": "2025-09-18T15:48:22.041510Z", "run_id": "RUN123", "level": "info"}
{"alive": true, "rss_mb": 63.6, "cpu_percent": 0.0, "event": "heartbeat", "timestamp": "2025-09-18T15:49:22.057180Z", "run_id": "RUN123", "level": "info"}
{"alive": true, "rss_mb": 63.6, "cpu_percent": 0.0, "event": "heartbeat", "timestamp": "2025-09-18T15:50:22.073915Z", "run_id": "RUN123", "level": "info"}
Running job "task_wrapper (trigger: interval[0:05:03.429341], next run at: 2025-09-18 17:55:55 CEST)" (scheduled at 2025-09-18 17:50:52.464556+02:00)
{"task": "derivatives_lsr", "ts": "2025-09-18T15:50:52.466611Z", "event": "task_start", "timestamp": "2025-09-18T15:50:52.466611Z", "run_id": "RUN123", "level": "info"}
HTTP Request: GET https://api.bybit.com/v5/market/account-ratio?category=linear&symbol=BTCUSDT&period=5min "HTTP/1.1 200 OK"
{"symbol": "BTCUSDT", "metric": "long_short_ratio", "source": "bybit", "event": "deriv_success", "timestamp": "2025-09-18T15:50:53.172453Z", "run_id": "RUN123", "level": "info"}
{"task": "derivatives_lsr", "event": "task_ok", "timestamp": "2025-09-18T15:50:53.173463Z", "run_id": "RUN123", "level": "info"}
{"task": "derivatives_lsr", "duration": 0.70738, "event": "task_end", "timestamp": "2025-09-18T15:50:53.173991Z", "run_id": "RUN123", "level": "info"}
Job "task_wrapper (trigger: interval[0:05:03.429341], next run at: 2025-09-18 17:55:55 CEST)" executed successfully
Running job "task_wrapper (trigger: interval[0:05:00.485919], next run at: 2025-09-18 17:55:59 CEST)" (scheduled at 2025-09-18 17:50:58.863151+02:00)
{"task": "derivatives_oi", "ts": "2025-09-18T15:50:58.873984Z", "event": "task_start", "timestamp": "2025-09-18T15:50:58.873984Z", "run_id": "RUN123", "level": "info"}
{"symbol": "BTCUSDT", "event": "deriv_cache_hit", "timestamp": "2025-09-18T15:50:58.874980Z", "run_id": "RUN123", "level": "info"}
{"task": "derivatives_oi", "event": "task_ok", "timestamp": "2025-09-18T15:50:58.874980Z", "run_id": "RUN123", "level": "info"}
{"task": "derivatives_oi", "duration": 0.001998, "event": "task_end", "timestamp": "2025-09-18T15:50:58.875982Z", "run_id": "RUN123", "level": "info"}
Job "task_wrapper (trigger: interval[0:05:00.485919], next run at: 2025-09-18 17:55:59 CEST)" executed successfully
{"alive": true, "rss_mb": 63.7, "cpu_percent": 0.0, "event": "heartbeat", "timestamp": "2025-09-18T15:51:22.096551Z", "run_id": "RUN123", "level": "info"}
Running job "task_wrapper (trigger: interval[0:05:03.685195], next run at: 2025-09-18 17:56:47 CEST)" (scheduled at 2025-09-18 17:51:44.137067+02:00)
{"task": "macro", "ts": "2025-09-18T15:51:44.159102Z", "event": "task_start", "timestamp": "2025-09-18T15:51:44.159102Z", "run_id": "RUN123", "level": "info"}
HTTP Request: GET https://api.coingecko.com/api/v3/coins/bitcoin "HTTP/1.1 200 OK"
{"symbol": "bitcoin", "source": "coingecko", "event": "macro_success", "timestamp": "2025-09-18T15:51:44.775600Z", "run_id": "RUN123", "level": "info"}
{"task": "macro", "event": "task_ok", "timestamp": "2025-09-18T15:51:44.776609Z", "run_id": "RUN123", "level": "info"}
{"task": "macro", "duration": 0.618503, "event": "task_end", "timestamp": "2025-09-18T15:51:44.777605Z", "run_id": "RUN123", "level": "info"}
Job "task_wrapper (trigger: interval[0:05:03.685195], next run at: 2025-09-18 17:56:47 CEST)" executed successfully
{"alive": true, "rss_mb": 63.7, "cpu_percent": 0.0, "event": "heartbeat", "timestamp": "2025-09-18T15:52:22.093276Z", "run_id": "RUN123", "level": "info"}
Running job "task_wrapper (trigger: interval[1:00:12.398608], next run at: 2025-09-18 18:53:02 CEST)" (scheduled at 2025-09-18 17:52:50.515013+02:00)
{"task": "sentiment_fg", "ts": "2025-09-18T15:52:50.523961Z", "event": "task_start", "timestamp": "2025-09-18T15:52:50.524950Z", "run_id": "RUN123", "level": "info"}
{"metric": "fear_greed", "event": "sentiment_cache_hit", "timestamp": "2025-09-18T15:52:50.524950Z", "run_id": "RUN123", "level": "info"}
{"task": "sentiment_fg", "event": "task_ok", "timestamp": "2025-09-18T15:52:50.525949Z", "run_id": "RUN123", "level": "info"}
{"task": "sentiment_fg", "duration": 0.001988, "event": "task_end", "timestamp": "2025-09-18T15:52:50.525949Z", "run_id": "RUN123", "level": "info"}
Job "task_wrapper (trigger: interval[1:00:12.398608], next run at: 2025-09-18 18:53:02 CEST)" executed successfully
Running job "task_wrapper (trigger: interval[0:31:01.155603], next run at: 2025-09-18 18:23:59 CEST)" (scheduled at 2025-09-18 17:52:57.867577+02:00)
{"task": "onchain_hashrate", "ts": "2025-09-18T15:52:57.878546Z", "event": "task_start", "timestamp": "2025-09-18T15:52:57.878546Z", "run_id": "RUN123", "level": "info"}
{"symbol": "BTC", "event": "onchain_cache_hit", "timestamp": "2025-09-18T15:52:57.878546Z", "run_id": "RUN123", "level": "info"}
{"task": "onchain_hashrate", "event": "task_ok", "timestamp": "2025-09-18T15:52:57.878546Z", "run_id": "RUN123", "level": "info"}
{"task": "onchain_hashrate", "duration": 0.001511, "event": "task_end", "timestamp": "2025-09-18T15:52:57.880057Z", "run_id": "RUN123", "level": "info"}
Job "task_wrapper (trigger: interval[0:31:01.155603], next run at: 2025-09-18 18:23:59 CEST)" executed successfully
{"alive": true, "rss_mb": 63.7, "cpu_percent": 0.0, "event": "heartbeat", "timestamp": "2025-09-18T15:53:22.112509Z", "run_id": "RUN123", "level": "info"}
{"alive": true, "rss_mb": 63.7, "cpu_percent": 0.0, "event": "heartbeat", "timestamp": "2025-09-18T15:54:22.123439Z", "run_id": "RUN123", "level": "info"}
{"alive": true, "rss_mb": 63.7, "cpu_percent": 0.0, "event": "heartbeat", "timestamp": "2025-09-18T15:55:22.132983Z", "run_id": "RUN123", "level": "info"}
Running job "task_wrapper (trigger: interval[0:31:05.669810], next run at: 2025-09-18 18:26:32 CEST)" (scheduled at 2025-09-18 17:55:26.837407+02:00)
{"task": "onchain_sopr", "ts": "2025-09-18T15:55:26.845581Z", "event": "task_start", "timestamp": "2025-09-18T15:55:26.845581Z", "run_id": "RUN123", "level": "info"}
{"symbol": "BTC", "event": "onchain_cache_hit", "timestamp": "2025-09-18T15:55:26.846582Z", "run_id": "RUN123", "level": "info"}
{"task": "onchain_sopr", "event": "task_ok", "timestamp": "2025-09-18T15:55:26.846582Z", "run_id": "RUN123", "level": "info"}
{"task": "onchain_sopr", "duration": 0.001001, "event": "task_end", "timestamp": "2025-09-18T15:55:26.846582Z", "run_id": "RUN123", "level": "info"}
Job "task_wrapper (trigger: interval[0:31:05.669810], next run at: 2025-09-18 18:26:32 CEST)" executed successfully
Running job "task_wrapper (trigger: interval[0:05:03.429341], next run at: 2025-09-18 18:00:59 CEST)" (scheduled at 2025-09-18 17:55:55.893897+02:00)
{"task": "derivatives_lsr", "ts": "2025-09-18T15:55:55.907801Z", "event": "task_start", "timestamp": "2025-09-18T15:55:55.907801Z", "run_id": "RUN123", "level": "info"}
HTTP Request: GET https://api.bybit.com/v5/market/account-ratio?category=linear&symbol=BTCUSDT&period=5min "HTTP/1.1 200 OK"
{"symbol": "BTCUSDT", "metric": "long_short_ratio", "source": "bybit", "event": "deriv_success", "timestamp": "2025-09-18T15:55:56.607109Z", "run_id": "RUN123", "level": "info"}
{"task": "derivatives_lsr", "event": "task_ok", "timestamp": "2025-09-18T15:55:56.608097Z", "run_id": "RUN123", "level": "info"}
{"task": "derivatives_lsr", "duration": 0.700296, "event": "task_end", "timestamp": "2025-09-18T15:55:56.608097Z", "run_id": "RUN123", "level": "info"}
Job "task_wrapper (trigger: interval[0:05:03.429341], next run at: 2025-09-18 18:00:59 CEST)" executed successfully
Running job "task_wrapper (trigger: interval[0:05:00.485919], next run at: 2025-09-18 18:00:59 CEST)" (scheduled at 2025-09-18 17:55:59.349070+02:00)
{"task": "derivatives_oi", "ts": "2025-09-18T15:55:59.352710Z", "event": "task_start", "timestamp": "2025-09-18T15:55:59.352710Z", "run_id": "RUN123", "level": "info"}
{"symbol": "BTCUSDT", "event": "deriv_cache_hit", "timestamp": "2025-09-18T15:55:59.353739Z", "run_id": "RUN123", "level": "info"}
{"task": "derivatives_oi", "event": "task_ok", "timestamp": "2025-09-18T15:55:59.353739Z", "run_id": "RUN123", "level": "info"}
{"task": "derivatives_oi", "duration": 0.002015, "event": "task_end", "timestamp": "2025-09-18T15:55:59.354725Z", "run_id": "RUN123", "level": "info"}
Job "task_wrapper (trigger: interval[0:05:00.485919], next run at: 2025-09-18 18:00:59 CEST)" executed successfully
{"alive": true, "rss_mb": 64.1, "cpu_percent": 0.0, "event": "heartbeat", "timestamp": "2025-09-18T15:56:22.121929Z", "run_id": "RUN123", "level": "info"}
Running job "task_wrapper (trigger: interval[0:05:03.685195], next run at: 2025-09-18 18:01:51 CEST)" (scheduled at 2025-09-18 17:56:47.822262+02:00)
{"task": "macro", "ts": "2025-09-18T15:56:47.825443Z", "event": "task_start", "timestamp": "2025-09-18T15:56:47.825443Z", "run_id": "RUN123", "level": "info"}
HTTP Request: GET https://api.coingecko.com/api/v3/coins/bitcoin "HTTP/1.1 200 OK"
{"symbol": "bitcoin", "source": "coingecko", "event": "macro_success", "timestamp": "2025-09-18T15:56:48.394751Z", "run_id": "RUN123", "level": "info"}
{"task": "macro", "event": "task_ok", "timestamp": "2025-09-18T15:56:48.397025Z", "run_id": "RUN123", "level": "info"}
{"task": "macro", "duration": 0.572574, "event": "task_end", "timestamp": "2025-09-18T15:56:48.398017Z", "run_id": "RUN123", "level": "info"}
Job "task_wrapper (trigger: interval[0:05:03.685195], next run at: 2025-09-18 18:01:51 CEST)" executed successfully
{"alive": true, "rss_mb": 64.9, "cpu_percent": 0.0, "event": "heartbeat", "timestamp": "2025-09-18T15:57:22.135345Z", "run_id": "RUN123", "level": "info"}
{"alive": true, "rss_mb": 64.9, "cpu_percent": 0.0, "event": "heartbeat", "timestamp": "2025-09-18T15:58:22.139760Z", "run_id": "RUN123", "level": "info"}
{"alive": true, "rss_mb": 64.9, "cpu_percent": 0.0, "event": "heartbeat", "timestamp": "2025-09-18T15:59:22.151957Z", "run_id": "RUN123", "level": "info"}
{"alive": true, "rss_mb": 64.9, "cpu_percent": 0.0, "event": "heartbeat", "timestamp": "2025-09-18T16:00:22.164952Z", "run_id": "RUN123", "level": "info"}
Running job "task_wrapper (trigger: interval[0:30:20.099607], next run at: 2025-09-18 18:31:03 CEST)" (scheduled at 2025-09-18 18:00:43.117312+02:00)
{"task": "onchain_tx", "ts": "2025-09-18T16:00:43.138826Z", "event": "task_start", "timestamp": "2025-09-18T16:00:43.138826Z", "run_id": "RUN123", "level": "info"}
{"symbol": "BTC", "event": "onchain_cache_hit", "timestamp": "2025-09-18T16:00:43.140821Z", "run_id": "RUN123", "level": "info"}
{"task": "onchain_tx", "event": "task_ok", "timestamp": "2025-09-18T16:00:43.141825Z", "run_id": "RUN123", "level": "info"}
{"task": "onchain_tx", "duration": 0.002999, "event": "task_end", "timestamp": "2025-09-18T16:00:43.141825Z", "run_id": "RUN123", "level": "info"}
Job "task_wrapper (trigger: interval[0:30:20.099607], next run at: 2025-09-18 18:31:03 CEST)" executed successfully
Running job "task_wrapper (trigger: interval[0:05:03.429341], next run at: 2025-09-18 18:06:02 CEST)" (scheduled at 2025-09-18 18:00:59.323238+02:00)
{"task": "derivatives_lsr", "ts": "2025-09-18T16:00:59.332840Z", "event": "task_start", "timestamp": "2025-09-18T16:00:59.332840Z", "run_id": "RUN123", "level": "info"}
Running job "task_wrapper (trigger: interval[0:05:00.485919], next run at: 2025-09-18 18:06:00 CEST)" (scheduled at 2025-09-18 18:00:59.834989+02:00)
{"task": "derivatives_oi", "ts": "2025-09-18T16:00:59.850176Z", "event": "task_start", "timestamp": "2025-09-18T16:00:59.850176Z", "run_id": "RUN123", "level": "info"}
{"symbol": "BTCUSDT", "event": "deriv_cache_hit", "timestamp": "2025-09-18T16:00:59.851177Z", "run_id": "RUN123", "level": "info"}
{"task": "derivatives_oi", "event": "task_ok", "timestamp": "2025-09-18T16:00:59.852171Z", "run_id": "RUN123", "level": "info"}
{"task": "derivatives_oi", "duration": 0.001995, "event": "task_end", "timestamp": "2025-09-18T16:00:59.852171Z", "run_id": "RUN123", "level": "info"}
Job "task_wrapper (trigger: interval[0:05:00.485919], next run at: 2025-09-18 18:06:00 CEST)" executed successfully
HTTP Request: GET https://api.bybit.com/v5/market/account-ratio?category=linear&symbol=BTCUSDT&period=5min "HTTP/1.1 200 OK"
{"symbol": "BTCUSDT", "metric": "long_short_ratio", "source": "bybit", "event": "deriv_success", "timestamp": "2025-09-18T16:01:00.110414Z", "run_id": "RUN123", "level": "info"}
{"task": "derivatives_lsr", "event": "task_ok", "timestamp": "2025-09-18T16:01:00.112414Z", "run_id": "RUN123", "level": "info"}
{"task": "derivatives_lsr", "duration": 0.779574, "event": "task_end", "timestamp": "2025-09-18T16:01:00.112414Z", "run_id": "RUN123", "level": "info"}
Job "task_wrapper (trigger: interval[0:05:03.429341], next run at: 2025-09-18 18:06:02 CEST)" executed successfully
{"alive": true, "rss_mb": 64.9, "cpu_percent": 0.0, "event": "heartbeat", "timestamp": "2025-09-18T16:01:22.166918Z", "run_id": "RUN123", "level": "info"}
Running job "task_wrapper (trigger: interval[0:15:38.637530], next run at: 2025-09-18 18:17:28 CEST)" (scheduled at 2025-09-18 18:01:49.806653+02:00)
{"task": "defillama", "ts": "2025-09-18T16:01:49.812375Z", "event": "task_start", "timestamp": "2025-09-18T16:01:49.812375Z", "run_id": "RUN123", "level": "info"}
{"chain": "ethereum", "event": "defillama_cache_hit", "timestamp": "2025-09-18T16:01:49.813371Z", "run_id": "RUN123", "level": "info"}
{"task": "defillama", "event": "task_ok", "timestamp": "2025-09-18T16:01:49.813371Z", "run_id": "RUN123", "level": "info"}
{"task": "defillama", "duration": 0.002023, "event": "task_end", "timestamp": "2025-09-18T16:01:49.814398Z", "run_id": "RUN123", "level": "info"}
Job "task_wrapper (trigger: interval[0:15:38.637530], next run at: 2025-09-18 18:17:28 CEST)" executed successfully
Running job "task_wrapper (trigger: interval[0:05:03.685195], next run at: 2025-09-18 18:06:55 CEST)" (scheduled at 2025-09-18 18:01:51.507457+02:00)
{"task": "macro", "ts": "2025-09-18T16:01:51.520649Z", "event": "task_start", "timestamp": "2025-09-18T16:01:51.520649Z", "run_id": "RUN123", "level": "info"}
HTTP Request: GET https://api.coingecko.com/api/v3/coins/bitcoin "HTTP/1.1 200 OK"
{"symbol": "bitcoin", "source": "coingecko", "event": "macro_success", "timestamp": "2025-09-18T16:01:52.141213Z", "run_id": "RUN123", "level": "info"}
{"task": "macro", "event": "task_ok", "timestamp": "2025-09-18T16:01:52.143212Z", "run_id": "RUN123", "level": "info"}
{"task": "macro", "duration": 0.62357, "event": "task_end", "timestamp": "2025-09-18T16:01:52.144219Z", "run_id": "RUN123", "level": "info"}
Job "task_wrapper (trigger: interval[0:05:03.685195], next run at: 2025-09-18 18:06:55 CEST)" executed successfully
{"alive": true, "rss_mb": 64.7, "cpu_percent": 0.0, "event": "heartbeat", "timestamp": "2025-09-18T16:02:22.192703Z", "run_id": "RUN123", "level": "info"}
{"alive": true, "rss_mb": 64.7, "cpu_percent": 0.0, "event": "heartbeat", "timestamp": "2025-09-18T16:03:22.196465Z", "run_id": "RUN123", "level": "info"}
{"alive": true, "rss_mb": 64.7, "cpu_percent": 0.0, "event": "heartbeat", "timestamp": "2025-09-18T16:04:22.207584Z", "run_id": "RUN123", "level": "info"}
{"alive": true, "rss_mb": 64.7, "cpu_percent": 0.0, "event": "heartbeat", "timestamp": "2025-09-18T16:05:22.217934Z", "run_id": "RUN123", "level": "info"}
Running job "task_wrapper (trigger: interval[0:05:00.485919], next run at: 2025-09-18 18:11:00 CEST)" (scheduled at 2025-09-18 18:06:00.320908+02:00)
{"task": "derivatives_oi", "ts": "2025-09-18T16:06:00.326016Z", "event": "task_start", "timestamp": "2025-09-18T16:06:00.326016Z", "run_id": "RUN123", "level": "info"}
{"symbol": "BTCUSDT", "event": "deriv_cache_hit", "timestamp": "2025-09-18T16:06:00.327544Z", "run_id": "RUN123", "level": "info"}
{"task": "derivatives_oi", "event": "task_ok", "timestamp": "2025-09-18T16:06:00.328568Z", "run_id": "RUN123", "level": "info"}
{"task": "derivatives_oi", "duration": 0.002552, "event": "task_end", "timestamp": "2025-09-18T16:06:00.328568Z", "run_id": "RUN123", "level": "info"}
Job "task_wrapper (trigger: interval[0:05:00.485919], next run at: 2025-09-18 18:11:00 CEST)" executed successfully
Running job "task_wrapper (trigger: interval[0:05:03.429341], next run at: 2025-09-18 18:11:06 CEST)" (scheduled at 2025-09-18 18:06:02.752579+02:00)
{"task": "derivatives_lsr", "ts": "2025-09-18T16:06:02.771229Z", "event": "task_start", "timestamp": "2025-09-18T16:06:02.771229Z", "run_id": "RUN123", "level": "info"}
HTTP Request: GET https://api.bybit.com/v5/market/account-ratio?category=linear&symbol=BTCUSDT&period=5min "HTTP/1.1 200 OK"
{"symbol": "BTCUSDT", "metric": "long_short_ratio", "source": "bybit", "event": "deriv_success", "timestamp": "2025-09-18T16:06:03.531332Z", "run_id": "RUN123", "level": "info"}
{"task": "derivatives_lsr", "event": "task_ok", "timestamp": "2025-09-18T16:06:03.532341Z", "run_id": "RUN123", "level": "info"}
{"task": "derivatives_lsr", "duration": 0.762112, "event": "task_end", "timestamp": "2025-09-18T16:06:03.533341Z", "run_id": "RUN123", "level": "info"}
Job "task_wrapper (trigger: interval[0:05:03.429341], next run at: 2025-09-18 18:11:06 CEST)" executed successfully
{"alive": true, "rss_mb": 64.8, "cpu_percent": 0.0, "event": "heartbeat", "timestamp": "2025-09-18T16:06:22.230400Z", "run_id": "RUN123", "level": "info"}
Running job "task_wrapper (trigger: interval[0:05:03.685195], next run at: 2025-09-18 18:11:58 CEST)" (scheduled at 2025-09-18 18:06:55.192652+02:00)
{"task": "macro", "ts": "2025-09-18T16:06:55.198378Z", "event": "task_start", "timestamp": "2025-09-18T16:06:55.198378Z", "run_id": "RUN123", "level": "info"}
HTTP Request: GET https://api.coingecko.com/api/v3/coins/bitcoin "HTTP/1.1 200 OK"
{"symbol": "bitcoin", "source": "coingecko", "event": "macro_success", "timestamp": "2025-09-18T16:06:55.734101Z", "run_id": "RUN123", "level": "info"}
{"task": "macro", "event": "task_ok", "timestamp": "2025-09-18T16:06:55.735111Z", "run_id": "RUN123", "level": "info"}
{"task": "macro", "duration": 0.536733, "event": "task_end", "timestamp": "2025-09-18T16:06:55.735111Z", "run_id": "RUN123", "level": "info"}
Job "task_wrapper (trigger: interval[0:05:03.685195], next run at: 2025-09-18 18:11:58 CEST)" executed successfully
{"alive": true, "rss_mb": 65.0, "cpu_percent": 0.0, "event": "heartbeat", "timestamp": "2025-09-18T16:07:22.247489Z", "run_id": "RUN123", "level": "info"}
{"alive": true, "rss_mb": 65.0, "cpu_percent": 0.0, "event": "heartbeat", "timestamp": "2025-09-18T16:08:22.254636Z", "run_id": "RUN123", "level": "info"}
{"alive": true, "rss_mb": 65.0, "cpu_percent": 0.0, "event": "heartbeat", "timestamp": "2025-09-18T16:09:22.255509Z", "run_id": "RUN123", "level": "info"}
{"alive": true, "rss_mb": 65.0, "cpu_percent": 0.0, "event": "heartbeat", "timestamp": "2025-09-18T16:10:22.263405Z", "run_id": "RUN123", "level": "info"}
Running job "task_wrapper (trigger: interval[0:05:00.485919], next run at: 2025-09-18 18:16:01 CEST)" (scheduled at 2025-09-18 18:11:00.806827+02:00)
{"task": "derivatives_oi", "ts": "2025-09-18T16:11:00.813926Z", "event": "task_start", "timestamp": "2025-09-18T16:11:00.813926Z", "run_id": "RUN123", "level": "info"}
{"symbol": "BTCUSDT", "event": "deriv_cache_hit", "timestamp": "2025-09-18T16:11:00.813926Z", "run_id": "RUN123", "level": "info"}
{"task": "derivatives_oi", "event": "task_ok", "timestamp": "2025-09-18T16:11:00.814928Z", "run_id": "RUN123", "level": "info"}
{"task": "derivatives_oi", "duration": 0.001002, "event": "task_end", "timestamp": "2025-09-18T16:11:00.814928Z", "run_id": "RUN123", "level": "info"}
Job "task_wrapper (trigger: interval[0:05:00.485919], next run at: 2025-09-18 18:16:01 CEST)" executed successfully
Running job "task_wrapper (trigger: interval[0:05:03.429341], next run at: 2025-09-18 18:16:09 CEST)" (scheduled at 2025-09-18 18:11:06.181920+02:00)
{"task": "derivatives_lsr", "ts": "2025-09-18T16:11:06.191958Z", "event": "task_start", "timestamp": "2025-09-18T16:11:06.191958Z", "run_id": "RUN123", "level": "info"}
HTTP Request: GET https://api.bybit.com/v5/market/account-ratio?category=linear&symbol=BTCUSDT&period=5min "HTTP/1.1 200 OK"
{"symbol": "BTCUSDT", "metric": "long_short_ratio", "source": "bybit", "event": "deriv_success", "timestamp": "2025-09-18T16:11:06.905342Z", "run_id": "RUN123", "level": "info"}
{"task": "derivatives_lsr", "event": "task_ok", "timestamp": "2025-09-18T16:11:06.906329Z", "run_id": "RUN123", "level": "info"}
{"task": "derivatives_lsr", "duration": 0.71538, "event": "task_end", "timestamp": "2025-09-18T16:11:06.907338Z", "run_id": "RUN123", "level": "info"}
Job "task_wrapper (trigger: interval[0:05:03.429341], next run at: 2025-09-18 18:16:09 CEST)" executed successfully
{"alive": true, "rss_mb": 65.0, "cpu_percent": 0.0, "event": "heartbeat", "timestamp": "2025-09-18T16:11:22.279658Z", "run_id": "RUN123", "level": "info"}
Running job "task_wrapper (trigger: interval[0:05:03.685195], next run at: 2025-09-18 18:17:02 CEST)" (scheduled at 2025-09-18 18:11:58.877847+02:00)
{"task": "macro", "ts": "2025-09-18T16:11:58.883732Z", "event": "task_start", "timestamp": "2025-09-18T16:11:58.883732Z", "run_id": "RUN123", "level": "info"}
HTTP Request: GET https://api.coingecko.com/api/v3/coins/bitcoin "HTTP/1.1 200 OK"
{"symbol": "bitcoin", "source": "coingecko", "event": "macro_success", "timestamp": "2025-09-18T16:11:59.507096Z", "run_id": "RUN123", "level": "info"}
{"task": "macro", "event": "task_ok", "timestamp": "2025-09-18T16:11:59.510108Z", "run_id": "RUN123", "level": "info"}
{"task": "macro", "duration": 0.627416, "event": "task_end", "timestamp": "2025-09-18T16:11:59.511148Z", "run_id": "RUN123", "level": "info"}
Job "task_wrapper (trigger: interval[0:05:03.685195], next run at: 2025-09-18 18:17:02 CEST)" executed successfully
{"alive": true, "rss_mb": 65.6, "cpu_percent": 0.0, "event": "heartbeat", "timestamp": "2025-09-18T16:12:22.281495Z", "run_id": "RUN123", "level": "info"}
{"alive": true, "rss_mb": 65.6, "cpu_percent": 0.0, "event": "heartbeat", "timestamp": "2025-09-18T16:13:22.287013Z", "run_id": "RUN123", "level": "info"}
{"alive": true, "rss_mb": 65.6, "cpu_percent": 0.0, "event": "heartbeat", "timestamp": "2025-09-18T16:14:22.290073Z", "run_id": "RUN123", "level": "info"}
{"alive": true, "rss_mb": 65.6, "cpu_percent": 0.0, "event": "heartbeat", "timestamp": "2025-09-18T16:15:22.295686Z", "run_id": "RUN123", "level": "info"}
Running job "task_wrapper (trigger: interval[0:05:00.485919], next run at: 2025-09-18 18:21:01 CEST)" (scheduled at 2025-09-18 18:16:01.292746+02:00)
{"task": "derivatives_oi", "ts": "2025-09-18T16:16:01.293773Z", "event": "task_start", "timestamp": "2025-09-18T16:16:01.293773Z", "run_id": "RUN123", "level": "info"}
{"symbol": "BTCUSDT", "event": "deriv_cache_hit", "timestamp": "2025-09-18T16:16:01.293773Z", "run_id": "RUN123", "level": "info"}
{"task": "derivatives_oi", "event": "task_ok", "timestamp": "2025-09-18T16:16:01.294772Z", "run_id": "RUN123", "level": "info"}
{"task": "derivatives_oi", "duration": 0.001997, "event": "task_end", "timestamp": "2025-09-18T16:16:01.295770Z", "run_id": "RUN123", "level": "info"}
Job "task_wrapper (trigger: interval[0:05:00.485919], next run at: 2025-09-18 18:21:01 CEST)" executed successfully
Running job "task_wrapper (trigger: interval[0:05:03.429341], next run at: 2025-09-18 18:21:13 CEST)" (scheduled at 2025-09-18 18:16:09.611261+02:00)
{"task": "derivatives_lsr", "ts": "2025-09-18T16:16:09.624242Z", "event": "task_start", "timestamp": "2025-09-18T16:16:09.624242Z", "run_id": "RUN123", "level": "info"}
HTTP Request: GET https://api.bybit.com/v5/market/account-ratio?category=linear&symbol=BTCUSDT&period=5min "HTTP/1.1 200 OK"
{"symbol": "BTCUSDT", "metric": "long_short_ratio", "source": "bybit", "event": "deriv_success", "timestamp": "2025-09-18T16:16:10.352731Z", "run_id": "RUN123", "level": "info"}
{"task": "derivatives_lsr", "event": "task_ok", "timestamp": "2025-09-18T16:16:10.353728Z", "run_id": "RUN123", "level": "info"}
{"task": "derivatives_lsr", "duration": 0.729486, "event": "task_end", "timestamp": "2025-09-18T16:16:10.354727Z", "run_id": "RUN123", "level": "info"}
Job "task_wrapper (trigger: interval[0:05:03.429341], next run at: 2025-09-18 18:21:13 CEST)" executed successfully
{"alive": true, "rss_mb": 65.6, "cpu_percent": 0.0, "event": "heartbeat", "timestamp": "2025-09-18T16:16:22.295342Z", "run_id": "RUN123", "level": "info"}
Running job "task_wrapper (trigger: interval[0:05:03.685195], next run at: 2025-09-18 18:22:06 CEST)" (scheduled at 2025-09-18 18:17:02.563042+02:00)
{"task": "macro", "ts": "2025-09-18T16:17:02.569562Z", "event": "task_start", "timestamp": "2025-09-18T16:17:02.569562Z", "run_id": "RUN123", "level": "info"}
HTTP Request: GET https://api.coingecko.com/api/v3/coins/bitcoin "HTTP/1.1 200 OK"
{"symbol": "bitcoin", "source": "coingecko", "event": "macro_success", "timestamp": "2025-09-18T16:17:03.140689Z", "run_id": "RUN123", "level": "info"}
{"task": "macro", "event": "task_ok", "timestamp": "2025-09-18T16:17:03.142675Z", "run_id": "RUN123", "level": "info"}
{"task": "macro", "duration": 0.573113, "event": "task_end", "timestamp": "2025-09-18T16:17:03.142675Z", "run_id": "RUN123", "level": "info"}
Job "task_wrapper (trigger: interval[0:05:03.685195], next run at: 2025-09-18 18:22:06 CEST)" executed successfully
{"alive": true, "rss_mb": 66.3, "cpu_percent": 0.0, "event": "heartbeat", "timestamp": "2025-09-18T16:17:22.306392Z", "run_id": "RUN123", "level": "info"}
Running job "task_wrapper (trigger: interval[0:15:38.637530], next run at: 2025-09-18 18:33:07 CEST)" (scheduled at 2025-09-18 18:17:28.444183+02:00)
{"task": "defillama", "ts": "2025-09-18T16:17:28.460135Z", "event": "task_start", "timestamp": "2025-09-18T16:17:28.460135Z", "run_id": "RUN123", "level": "info"}
{"chain": "ethereum", "event": "defillama_cache_hit", "timestamp": "2025-09-18T16:17:28.461132Z", "run_id": "RUN123", "level": "info"}
{"task": "defillama", "event": "task_ok", "timestamp": "2025-09-18T16:17:28.462132Z", "run_id": "RUN123", "level": "info"}
{"task": "defillama", "duration": 0.001997, "event": "task_end", "timestamp": "2025-09-18T16:17:28.462132Z", "run_id": "RUN123", "level": "info"}
Job "task_wrapper (trigger: interval[0:15:38.637530], next run at: 2025-09-18 18:33:07 CEST)" executed successfully
{"alive": true, "rss_mb": 66.3, "cpu_percent": 0.0, "event": "heartbeat", "timestamp": "2025-09-18T16:18:22.306494Z", "run_id": "RUN123", "level": "info"}
{"alive": true, "rss_mb": 66.3, "cpu_percent": 0.0, "event": "heartbeat", "timestamp": "2025-09-18T16:19:22.309004Z", "run_id": "RUN123", "level": "info"}
{"alive": true, "rss_mb": 66.3, "cpu_percent": 0.0, "event": "heartbeat", "timestamp": "2025-09-18T16:20:22.311917Z", "run_id": "RUN123", "level": "info"}
Running job "task_wrapper (trigger: interval[0:05:00.485919], next run at: 2025-09-18 18:26:02 CEST)" (scheduled at 2025-09-18 18:21:01.778665+02:00)
{"task": "derivatives_oi", "ts": "2025-09-18T16:21:01.793533Z", "event": "task_start", "timestamp": "2025-09-18T16:21:01.793533Z", "run_id": "RUN123", "level": "info"}
{"symbol": "BTCUSDT", "event": "deriv_cache_hit", "timestamp": "2025-09-18T16:21:01.794532Z", "run_id": "RUN123", "level": "info"}
{"task": "derivatives_oi", "event": "task_ok", "timestamp": "2025-09-18T16:21:01.794532Z", "run_id": "RUN123", "level": "info"}
{"task": "derivatives_oi", "duration": 0.001999, "event": "task_end", "timestamp": "2025-09-18T16:21:01.795532Z", "run_id": "RUN123", "level": "info"}
Job "task_wrapper (trigger: interval[0:05:00.485919], next run at: 2025-09-18 18:26:02 CEST)" executed successfully
Running job "task_wrapper (trigger: interval[0:05:03.429341], next run at: 2025-09-18 18:26:16 CEST)" (scheduled at 2025-09-18 18:21:13.040602+02:00)
{"task": "derivatives_lsr", "ts": "2025-09-18T16:21:13.048913Z", "event": "task_start", "timestamp": "2025-09-18T16:21:13.048913Z", "run_id": "RUN123", "level": "info"}
HTTP Request: GET https://api.bybit.com/v5/market/account-ratio?category=linear&symbol=BTCUSDT&period=5min "HTTP/1.1 200 OK"
{"symbol": "BTCUSDT", "metric": "long_short_ratio", "source": "bybit", "event": "deriv_success", "timestamp": "2025-09-18T16:21:13.845298Z", "run_id": "RUN123", "level": "info"}
{"task": "derivatives_lsr", "event": "task_ok", "timestamp": "2025-09-18T16:21:13.868301Z", "run_id": "RUN123", "level": "info"}
{"task": "derivatives_lsr", "duration": 0.836385, "event": "task_end", "timestamp": "2025-09-18T16:21:13.885298Z", "run_id": "RUN123", "level": "info"}
Job "task_wrapper (trigger: interval[0:05:03.429341], next run at: 2025-09-18 18:26:16 CEST)" executed successfully
{"alive": true, "rss_mb": 67.0, "cpu_percent": 0.0, "event": "heartbeat", "timestamp": "2025-09-18T16:21:22.324883Z", "run_id": "RUN123", "level": "info"}
Running job "task_wrapper (trigger: interval[0:05:03.685195], next run at: 2025-09-18 18:27:09 CEST)" (scheduled at 2025-09-18 18:22:06.248237+02:00)
{"task": "macro", "ts": "2025-09-18T16:22:06.255130Z", "event": "task_start", "timestamp": "2025-09-18T16:22:06.255130Z", "run_id": "RUN123", "level": "info"}
HTTP Request: GET https://api.coingecko.com/api/v3/coins/bitcoin "HTTP/1.1 200 OK"
{"symbol": "bitcoin", "source": "coingecko", "event": "macro_success", "timestamp": "2025-09-18T16:22:06.834792Z", "run_id": "RUN123", "level": "info"}
{"task": "macro", "event": "task_ok", "timestamp": "2025-09-18T16:22:06.836798Z", "run_id": "RUN123", "level": "info"}
{"task": "macro", "duration": 0.581668, "event": "task_end", "timestamp": "2025-09-18T16:22:06.836798Z", "run_id": "RUN123", "level": "info"}
Job "task_wrapper (trigger: interval[0:05:03.685195], next run at: 2025-09-18 18:27:09 CEST)" executed successfully
{"alive": true, "rss_mb": 67.6, "cpu_percent": 0.0, "event": "heartbeat", "timestamp": "2025-09-18T16:22:22.328497Z", "run_id": "RUN123", "level": "info"}
{"alive": true, "rss_mb": 67.6, "cpu_percent": 0.0, "event": "heartbeat", "timestamp": "2025-09-18T16:23:22.331955Z", "run_id": "RUN123", "level": "info"}
Running job "task_wrapper (trigger: interval[0:31:01.155603], next run at: 2025-09-18 18:55:00 CEST)" (scheduled at 2025-09-18 18:23:59.023180+02:00)
{"task": "onchain_hashrate", "ts": "2025-09-18T16:23:59.027696Z", "event": "task_start", "timestamp": "2025-09-18T16:23:59.027696Z", "run_id": "RUN123", "level": "info"}
{"symbol": "BTC", "event": "onchain_cache_hit", "timestamp": "2025-09-18T16:23:59.028688Z", "run_id": "RUN123", "level": "info"}
{"task": "onchain_hashrate", "event": "task_ok", "timestamp": "2025-09-18T16:23:59.028688Z", "run_id": "RUN123", "level": "info"}
{"task": "onchain_hashrate", "duration": 0.000992, "event": "task_end", "timestamp": "2025-09-18T16:23:59.028688Z", "run_id": "RUN123", "level": "info"}
Job "task_wrapper (trigger: interval[0:31:01.155603], next run at: 2025-09-18 18:55:00 CEST)" executed successfully
{"alive": true, "rss_mb": 67.6, "cpu_percent": 0.0, "event": "heartbeat", "timestamp": "2025-09-18T16:24:22.334168Z", "run_id": "RUN123", "level": "info"}
{"alive": true, "rss_mb": 67.6, "cpu_percent": 0.0, "event": "heartbeat", "timestamp": "2025-09-18T16:25:22.337387Z", "run_id": "RUN123", "level": "info"}
Running job "task_wrapper (trigger: interval[0:05:00.485919], next run at: 2025-09-18 18:31:02 CEST)" (scheduled at 2025-09-18 18:26:02.264584+02:00)
{"task": "derivatives_oi", "ts": "2025-09-18T16:26:02.290787Z", "event": "task_start", "timestamp": "2025-09-18T16:26:02.290787Z", "run_id": "RUN123", "level": "info"}
{"symbol": "BTCUSDT", "event": "deriv_cache_hit", "timestamp": "2025-09-18T16:26:02.291788Z", "run_id": "RUN123", "level": "info"}
{"task": "derivatives_oi", "event": "task_ok", "timestamp": "2025-09-18T16:26:02.291788Z", "run_id": "RUN123", "level": "info"}
{"task": "derivatives_oi", "duration": 0.001998, "event": "task_end", "timestamp": "2025-09-18T16:26:02.292785Z", "run_id": "RUN123", "level": "info"}
Job "task_wrapper (trigger: interval[0:05:00.485919], next run at: 2025-09-18 18:31:02 CEST)" executed successfully
Running job "task_wrapper (trigger: interval[0:05:03.429341], next run at: 2025-09-18 18:31:19 CEST)" (scheduled at 2025-09-18 18:26:16.469943+02:00)
{"task": "derivatives_lsr", "ts": "2025-09-18T16:26:16.473699Z", "event": "task_start", "timestamp": "2025-09-18T16:26:16.473699Z", "run_id": "RUN123", "level": "info"}
HTTP Request: GET https://api.bybit.com/v5/market/account-ratio?category=linear&symbol=BTCUSDT&period=5min "HTTP/1.1 200 OK"
{"symbol": "BTCUSDT", "metric": "long_short_ratio", "source": "bybit", "event": "deriv_success", "timestamp": "2025-09-18T16:26:17.164835Z", "run_id": "RUN123", "level": "info"}
{"task": "derivatives_lsr", "event": "task_ok", "timestamp": "2025-09-18T16:26:17.165834Z", "run_id": "RUN123", "level": "info"}
{"task": "derivatives_lsr", "duration": 0.692135, "event": "task_end", "timestamp": "2025-09-18T16:26:17.165834Z", "run_id": "RUN123", "level": "info"}
Job "task_wrapper (trigger: interval[0:05:03.429341], next run at: 2025-09-18 18:31:19 CEST)" executed successfully
{"alive": true, "rss_mb": 67.7, "cpu_percent": 0.0, "event": "heartbeat", "timestamp": "2025-09-18T16:26:22.337187Z", "run_id": "RUN123", "level": "info"}
Running job "task_wrapper (trigger: interval[0:31:05.669810], next run at: 2025-09-18 18:57:38 CEST)" (scheduled at 2025-09-18 18:26:32.507217+02:00)
{"task": "onchain_sopr", "ts": "2025-09-18T16:26:32.520561Z", "event": "task_start", "timestamp": "2025-09-18T16:26:32.520561Z", "run_id": "RUN123", "level": "info"}
HTTP Request: GET https://bitcoin-data.com/v1/sopr/csv "HTTP/1.1 200 "
{"symbol": "BTC", "source": "bitcoin-data.com", "event": "onchain_success", "timestamp": "2025-09-18T16:26:33.594496Z", "run_id": "RUN123", "level": "info"}
{"task": "onchain_sopr", "event": "task_ok", "timestamp": "2025-09-18T16:26:33.595529Z", "run_id": "RUN123", "level": "info"}
{"task": "onchain_sopr", "duration": 1.075997, "event": "task_end", "timestamp": "2025-09-18T16:26:33.596558Z", "run_id": "RUN123", "level": "info"}
Job "task_wrapper (trigger: interval[0:31:05.669810], next run at: 2025-09-18 18:57:38 CEST)" executed successfully
Running job "task_wrapper (trigger: interval[0:05:03.685195], next run at: 2025-09-18 18:32:13 CEST)" (scheduled at 2025-09-18 18:27:09.933432+02:00)
{"task": "macro", "ts": "2025-09-18T16:27:09.945892Z", "event": "task_start", "timestamp": "2025-09-18T16:27:09.945892Z", "run_id": "RUN123", "level": "info"}
HTTP Request: GET https://api.coingecko.com/api/v3/coins/bitcoin "HTTP/1.1 200 OK"
{"symbol": "bitcoin", "source": "coingecko", "event": "macro_success", "timestamp": "2025-09-18T16:27:10.537627Z", "run_id": "RUN123", "level": "info"}
{"task": "macro", "event": "task_ok", "timestamp": "2025-09-18T16:27:10.539632Z", "run_id": "RUN123", "level": "info"}
{"task": "macro", "duration": 0.59474, "event": "task_end", "timestamp": "2025-09-18T16:27:10.540632Z", "run_id": "RUN123", "level": "info"}
Job "task_wrapper (trigger: interval[0:05:03.685195], next run at: 2025-09-18 18:32:13 CEST)" executed successfully
{"alive": true, "rss_mb": 68.3, "cpu_percent": 0.0, "event": "heartbeat", "timestamp": "2025-09-18T16:27:22.331203Z", "run_id": "RUN123", "level": "info"}
{"alive": true, "rss_mb": 68.3, "cpu_percent": 0.0, "event": "heartbeat", "timestamp": "2025-09-18T16:28:22.333893Z", "run_id": "RUN123", "level": "info"}
{"alive": true, "rss_mb": 68.3, "cpu_percent": 0.0, "event": "heartbeat", "timestamp": "2025-09-18T16:29:22.347831Z", "run_id": "RUN123", "level": "info"}
{"alive": true, "rss_mb": 68.3, "cpu_percent": 0.0, "event": "heartbeat", "timestamp": "2025-09-18T16:30:22.352122Z", "run_id": "RUN123", "level": "info"}
Running job "task_wrapper (trigger: interval[0:05:00.485919], next run at: 2025-09-18 18:36:03 CEST)" (scheduled at 2025-09-18 18:31:02.750503+02:00)
{"task": "derivatives_oi", "ts": "2025-09-18T16:31:02.761057Z", "event": "task_start", "timestamp": "2025-09-18T16:31:02.761057Z", "run_id": "RUN123", "level": "info"}
{"symbol": "BTCUSDT", "event": "deriv_cache_hit", "timestamp": "2025-09-18T16:31:02.763054Z", "run_id": "RUN123", "level": "info"}
{"task": "derivatives_oi", "event": "task_ok", "timestamp": "2025-09-18T16:31:02.763054Z", "run_id": "RUN123", "level": "info"}
{"task": "derivatives_oi", "duration": 0.002996, "event": "task_end", "timestamp": "2025-09-18T16:31:02.764053Z", "run_id": "RUN123", "level": "info"}
Job "task_wrapper (trigger: interval[0:05:00.485919], next run at: 2025-09-18 18:36:03 CEST)" executed successfully
Running job "task_wrapper (trigger: interval[0:30:20.099607], next run at: 2025-09-18 19:01:23 CEST)" (scheduled at 2025-09-18 18:31:03.216919+02:00)
{"task": "onchain_tx", "ts": "2025-09-18T16:31:03.230400Z", "event": "task_start", "timestamp": "2025-09-18T16:31:03.230400Z", "run_id": "RUN123", "level": "info"}
HTTP Request: GET https://api.blockchain.info/q/getblockcount "HTTP/1.1 200 OK"
{"symbol": "BTC", "source": "blockchain.info", "event": "onchain_success", "timestamp": "2025-09-18T16:31:03.865358Z", "run_id": "RUN123", "level": "info"}
{"task": "onchain_tx", "event": "task_ok", "timestamp": "2025-09-18T16:31:03.866344Z", "run_id": "RUN123", "level": "info"}
{"task": "onchain_tx", "duration": 0.636951, "event": "task_end", "timestamp": "2025-09-18T16:31:03.867351Z", "run_id": "RUN123", "level": "info"}
Job "task_wrapper (trigger: interval[0:30:20.099607], next run at: 2025-09-18 19:01:23 CEST)" executed successfully
Running job "task_wrapper (trigger: interval[0:05:03.429341], next run at: 2025-09-18 18:36:23 CEST)" (scheduled at 2025-09-18 18:31:19.899284+02:00)
{"task": "derivatives_lsr", "ts": "2025-09-18T16:31:19.930399Z", "event": "task_start", "timestamp": "2025-09-18T16:31:19.930399Z", "run_id": "RUN123", "level": "info"}
HTTP Request: GET https://api.bybit.com/v5/market/account-ratio?category=linear&symbol=BTCUSDT&period=5min "HTTP/1.1 200 OK"
{"symbol": "BTCUSDT", "metric": "long_short_ratio", "source": "bybit", "event": "deriv_success", "timestamp": "2025-09-18T16:31:20.635559Z", "run_id": "RUN123", "level": "info"}
{"task": "derivatives_lsr", "event": "task_ok", "timestamp": "2025-09-18T16:31:20.636579Z", "run_id": "RUN123", "level": "info"}
{"task": "derivatives_lsr", "duration": 0.70716, "event": "task_end", "timestamp": "2025-09-18T16:31:20.637559Z", "run_id": "RUN123", "level": "info"}
Job "task_wrapper (trigger: interval[0:05:03.429341], next run at: 2025-09-18 18:36:23 CEST)" executed successfully
{"alive": true, "rss_mb": 68.3, "cpu_percent": 0.0, "event": "heartbeat", "timestamp": "2025-09-18T16:31:22.353189Z", "run_id": "RUN123", "level": "info"}
Running job "task_wrapper (trigger: interval[0:05:03.685195], next run at: 2025-09-18 18:37:17 CEST)" (scheduled at 2025-09-18 18:32:13.618627+02:00)
{"task": "macro", "ts": "2025-09-18T16:32:13.620381Z", "event": "task_start", "timestamp": "2025-09-18T16:32:13.620381Z", "run_id": "RUN123", "level": "info"}
HTTP Request: GET https://api.coingecko.com/api/v3/coins/bitcoin "HTTP/1.1 200 OK"
{"symbol": "bitcoin", "source": "coingecko", "event": "macro_success", "timestamp": "2025-09-18T16:32:14.783085Z", "run_id": "RUN123", "level": "info"}
{"task": "macro", "event": "task_ok", "timestamp": "2025-09-18T16:32:14.785087Z", "run_id": "RUN123", "level": "info"}
{"task": "macro", "duration": 1.164706, "event": "task_end", "timestamp": "2025-09-18T16:32:14.785087Z", "run_id": "RUN123", "level": "info"}
Job "task_wrapper (trigger: interval[0:05:03.685195], next run at: 2025-09-18 18:37:17 CEST)" executed successfully
{"alive": true, "rss_mb": 68.3, "cpu_percent": 0.0, "event": "heartbeat", "timestamp": "2025-09-18T16:32:22.357859Z", "run_id": "RUN123", "level": "info"}
Running job "task_wrapper (trigger: interval[0:15:38.637530], next run at: 2025-09-18 18:48:45 CEST)" (scheduled at 2025-09-18 18:33:07.081713+02:00)
{"task": "defillama", "ts": "2025-09-18T16:33:07.091491Z", "event": "task_start", "timestamp": "2025-09-18T16:33:07.091491Z", "run_id": "RUN123", "level": "info"}
{"chain": "ethereum", "event": "defillama_cache_hit", "timestamp": "2025-09-18T16:33:07.092504Z", "run_id": "RUN123", "level": "info"}
{"task": "defillama", "event": "task_ok", "timestamp": "2025-09-18T16:33:07.092504Z", "run_id": "RUN123", "level": "info"}
{"task": "defillama", "duration": 0.002, "event": "task_end", "timestamp": "2025-09-18T16:33:07.093491Z", "run_id": "RUN123", "level": "info"}
Job "task_wrapper (trigger: interval[0:15:38.637530], next run at: 2025-09-18 18:48:45 CEST)" executed successfully
{"alive": true, "rss_mb": 68.3, "cpu_percent": 0.0, "event": "heartbeat", "timestamp": "2025-09-18T16:33:22.365691Z", "run_id": "RUN123", "level": "info"}
{"alive": true, "rss_mb": 68.3, "cpu_percent": 0.0, "event": "heartbeat", "timestamp": "2025-09-18T16:34:22.376533Z", "run_id": "RUN123", "level": "info"}
{"alive": true, "rss_mb": 68.3, "cpu_percent": 0.0, "event": "heartbeat", "timestamp": "2025-09-18T16:35:22.385228Z", "run_id": "RUN123", "level": "info"}
Running job "task_wrapper (trigger: interval[0:05:00.485919], next run at: 2025-09-18 18:41:03 CEST)" (scheduled at 2025-09-18 18:36:03.236422+02:00)
{"task": "derivatives_oi", "ts": "2025-09-18T16:36:03.239422Z", "event": "task_start", "timestamp": "2025-09-18T16:36:03.239422Z", "run_id": "RUN123", "level": "info"}
{"symbol": "BTCUSDT", "event": "deriv_cache_hit", "timestamp": "2025-09-18T16:36:03.239422Z", "run_id": "RUN123", "level": "info"}
{"task": "derivatives_oi", "event": "task_ok", "timestamp": "2025-09-18T16:36:03.240416Z", "run_id": "RUN123", "level": "info"}
{"task": "derivatives_oi", "duration": 0.000994, "event": "task_end", "timestamp": "2025-09-18T16:36:03.240416Z", "run_id": "RUN123", "level": "info"}
Job "task_wrapper (trigger: interval[0:05:00.485919], next run at: 2025-09-18 18:41:03 CEST)" executed successfully
{"alive": true, "rss_mb": 68.3, "cpu_percent": 0.0, "event": "heartbeat", "timestamp": "2025-09-18T16:36:22.415254Z", "run_id": "RUN123", "level": "info"}
Running job "task_wrapper (trigger: interval[0:05:03.429341], next run at: 2025-09-18 18:41:26 CEST)" (scheduled at 2025-09-18 18:36:23.328625+02:00)
{"task": "derivatives_lsr", "ts": "2025-09-18T16:36:23.339352Z", "event": "task_start", "timestamp": "2025-09-18T16:36:23.339352Z", "run_id": "RUN123", "level": "info"}
HTTP Request: GET https://api.bybit.com/v5/market/account-ratio?category=linear&symbol=BTCUSDT&period=5min "HTTP/1.1 200 OK"
{"symbol": "BTCUSDT", "metric": "long_short_ratio", "source": "bybit", "event": "deriv_success", "timestamp": "2025-09-18T16:36:24.017084Z", "run_id": "RUN123", "level": "info"}
{"task": "derivatives_lsr", "event": "task_ok", "timestamp": "2025-09-18T16:36:24.018066Z", "run_id": "RUN123", "level": "info"}
{"task": "derivatives_lsr", "duration": 0.678714, "event": "task_end", "timestamp": "2025-09-18T16:36:24.018066Z", "run_id": "RUN123", "level": "info"}
Job "task_wrapper (trigger: interval[0:05:03.429341], next run at: 2025-09-18 18:41:26 CEST)" executed successfully
Running job "task_wrapper (trigger: interval[0:05:03.685195], next run at: 2025-09-18 18:42:20 CEST)" (scheduled at 2025-09-18 18:37:17.303822+02:00)
{"task": "macro", "ts": "2025-09-18T16:37:17.314008Z", "event": "task_start", "timestamp": "2025-09-18T16:37:17.314008Z", "run_id": "RUN123", "level": "info"}
HTTP Request: GET https://api.coingecko.com/api/v3/coins/bitcoin "HTTP/1.1 200 OK"
{"symbol": "bitcoin", "source": "coingecko", "event": "macro_success", "timestamp": "2025-09-18T16:37:17.883432Z", "run_id": "RUN123", "level": "info"}
{"task": "macro", "event": "task_ok", "timestamp": "2025-09-18T16:37:17.884422Z", "run_id": "RUN123", "level": "info"}
{"task": "macro", "duration": 0.571389, "event": "task_end", "timestamp": "2025-09-18T16:37:17.885397Z", "run_id": "RUN123", "level": "info"}
Job "task_wrapper (trigger: interval[0:05:03.685195], next run at: 2025-09-18 18:42:20 CEST)" executed successfully
{"alive": true, "rss_mb": 68.7, "cpu_percent": 0.0, "event": "heartbeat", "timestamp": "2025-09-18T16:37:22.411643Z", "run_id": "RUN123", "level": "info"}
{"alive": true, "rss_mb": 68.7, "cpu_percent": 0.0, "event": "heartbeat", "timestamp": "2025-09-18T16:38:22.414130Z", "run_id": "RUN123", "level": "info"}
{"alive": true, "rss_mb": 68.7, "cpu_percent": 0.0, "event": "heartbeat", "timestamp": "2025-09-18T16:39:22.429243Z", "run_id": "RUN123", "level": "info"}
{"alive": true, "rss_mb": 68.7, "cpu_percent": 0.0, "event": "heartbeat", "timestamp": "2025-09-18T16:40:22.437736Z", "run_id": "RUN123", "level": "info"}
Running job "task_wrapper (trigger: interval[0:05:00.485919], next run at: 2025-09-18 18:46:04 CEST)" (scheduled at 2025-09-18 18:41:03.722341+02:00)
{"task": "derivatives_oi", "ts": "2025-09-18T16:41:03.729876Z", "event": "task_start", "timestamp": "2025-09-18T16:41:03.730871Z", "run_id": "RUN123", "level": "info"}
{"symbol": "BTCUSDT", "event": "deriv_cache_hit", "timestamp": "2025-09-18T16:41:03.730871Z", "run_id": "RUN123", "level": "info"}
{"task": "derivatives_oi", "event": "task_ok", "timestamp": "2025-09-18T16:41:03.731872Z", "run_id": "RUN123", "level": "info"}
{"task": "derivatives_oi", "duration": 0.002993, "event": "task_end", "timestamp": "2025-09-18T16:41:03.732869Z", "run_id": "RUN123", "level": "info"}
Job "task_wrapper (trigger: interval[0:05:00.485919], next run at: 2025-09-18 18:46:04 CEST)" executed successfully
{"alive": true, "rss_mb": 68.7, "cpu_percent": 0.0, "event": "heartbeat", "timestamp": "2025-09-18T16:41:22.445068Z", "run_id": "RUN123", "level": "info"}
Running job "task_wrapper (trigger: interval[0:05:03.429341], next run at: 2025-09-18 18:46:30 CEST)" (scheduled at 2025-09-18 18:41:26.757966+02:00)
{"task": "derivatives_lsr", "ts": "2025-09-18T16:41:26.771806Z", "event": "task_start", "timestamp": "2025-09-18T16:41:26.771806Z", "run_id": "RUN123", "level": "info"}
HTTP Request: GET https://api.bybit.com/v5/market/account-ratio?category=linear&symbol=BTCUSDT&period=5min "HTTP/1.1 200 OK"
{"symbol": "BTCUSDT", "metric": "long_short_ratio", "source": "bybit", "event": "deriv_success", "timestamp": "2025-09-18T16:41:27.488635Z", "run_id": "RUN123", "level": "info"}
{"task": "derivatives_lsr", "event": "task_ok", "timestamp": "2025-09-18T16:41:27.489631Z", "run_id": "RUN123", "level": "info"}
{"task": "derivatives_lsr", "duration": 0.718826, "event": "task_end", "timestamp": "2025-09-18T16:41:27.490632Z", "run_id": "RUN123", "level": "info"}
Job "task_wrapper (trigger: interval[0:05:03.429341], next run at: 2025-09-18 18:46:30 CEST)" executed successfully
Running job "task_wrapper (trigger: interval[0:05:03.685195], next run at: 2025-09-18 18:47:24 CEST)" (scheduled at 2025-09-18 18:42:20.989017+02:00)
{"task": "macro", "ts": "2025-09-18T16:42:21.006845Z", "event": "task_start", "timestamp": "2025-09-18T16:42:21.006845Z", "run_id": "RUN123", "level": "info"}
HTTP Request: GET https://api.coingecko.com/api/v3/coins/bitcoin "HTTP/1.1 200 OK"
{"symbol": "bitcoin", "source": "coingecko", "event": "macro_success", "timestamp": "2025-09-18T16:42:21.597087Z", "run_id": "RUN123", "level": "info"}
{"task": "macro", "event": "task_ok", "timestamp": "2025-09-18T16:42:21.598089Z", "run_id": "RUN123", "level": "info"}
{"task": "macro", "duration": 0.592266, "event": "task_end", "timestamp": "2025-09-18T16:42:21.599111Z", "run_id": "RUN123", "level": "info"}
Job "task_wrapper (trigger: interval[0:05:03.685195], next run at: 2025-09-18 18:47:24 CEST)" executed successfully
{"alive": true, "rss_mb": 69.8, "cpu_percent": 0.0, "event": "heartbeat", "timestamp": "2025-09-18T16:42:22.459306Z", "run_id": "RUN123", "level": "info"}
{"alive": true, "rss_mb": 69.8, "cpu_percent": 0.0, "event": "heartbeat", "timestamp": "2025-09-18T16:43:22.470991Z", "run_id": "RUN123", "level": "info"}
{"alive": true, "rss_mb": 69.8, "cpu_percent": 0.0, "event": "heartbeat", "timestamp": "2025-09-18T16:44:22.472127Z", "run_id": "RUN123", "level": "info"}
{"alive": true, "rss_mb": 69.8, "cpu_percent": 0.0, "event": "heartbeat", "timestamp": "2025-09-18T16:45:22.480496Z", "run_id": "RUN123", "level": "info"}
Running job "task_wrapper (trigger: interval[0:05:00.485919], next run at: 2025-09-18 18:51:04 CEST)" (scheduled at 2025-09-18 18:46:04.208260+02:00)
{"task": "derivatives_oi", "ts": "2025-09-18T16:46:04.213939Z", "event": "task_start", "timestamp": "2025-09-18T16:46:04.213939Z", "run_id": "RUN123", "level": "info"}
{"symbol": "BTCUSDT", "event": "deriv_cache_hit", "timestamp": "2025-09-18T16:46:04.214950Z", "run_id": "RUN123", "level": "info"}
{"task": "derivatives_oi", "event": "task_ok", "timestamp": "2025-09-18T16:46:04.214950Z", "run_id": "RUN123", "level": "info"}
{"task": "derivatives_oi", "duration": 0.001011, "event": "task_end", "timestamp": "2025-09-18T16:46:04.214950Z", "run_id": "RUN123", "level": "info"}
Job "task_wrapper (trigger: interval[0:05:00.485919], next run at: 2025-09-18 18:51:04 CEST)" executed successfully
{"alive": true, "rss_mb": 69.8, "cpu_percent": 0.0, "event": "heartbeat", "timestamp": "2025-09-18T16:46:22.496509Z", "run_id": "RUN123", "level": "info"}
Running job "task_wrapper (trigger: interval[0:05:03.429341], next run at: 2025-09-18 18:51:33 CEST)" (scheduled at 2025-09-18 18:46:30.187307+02:00)
{"task": "derivatives_lsr", "ts": "2025-09-18T16:46:30.191743Z", "event": "task_start", "timestamp": "2025-09-18T16:46:30.191743Z", "run_id": "RUN123", "level": "info"}
HTTP Request: GET https://api.bybit.com/v5/market/account-ratio?category=linear&symbol=BTCUSDT&period=5min "HTTP/1.1 200 OK"
{"symbol": "BTCUSDT", "metric": "long_short_ratio", "source": "bybit", "event": "deriv_success", "timestamp": "2025-09-18T16:46:30.869944Z", "run_id": "RUN123", "level": "info"}
{"task": "derivatives_lsr", "event": "task_ok", "timestamp": "2025-09-18T16:46:30.870924Z", "run_id": "RUN123", "level": "info"}
{"task": "derivatives_lsr", "duration": 0.679181, "event": "task_end", "timestamp": "2025-09-18T16:46:30.870924Z", "run_id": "RUN123", "level": "info"}
Job "task_wrapper (trigger: interval[0:05:03.429341], next run at: 2025-09-18 18:51:33 CEST)" executed successfully
{"alive": true, "rss_mb": 69.6, "cpu_percent": 0.0, "event": "heartbeat", "timestamp": "2025-09-18T16:47:22.513540Z", "run_id": "RUN123", "level": "info"}
Running job "task_wrapper (trigger: interval[0:05:03.685195], next run at: 2025-09-18 18:52:28 CEST)" (scheduled at 2025-09-18 18:47:24.674212+02:00)
{"task": "macro", "ts": "2025-09-18T16:47:24.686724Z", "event": "task_start", "timestamp": "2025-09-18T16:47:24.686724Z", "run_id": "RUN123", "level": "info"}
HTTP Request: GET https://api.coingecko.com/api/v3/coins/bitcoin "HTTP/1.1 200 OK"
{"symbol": "bitcoin", "source": "coingecko", "event": "macro_success", "timestamp": "2025-09-18T16:47:25.294932Z", "run_id": "RUN123", "level": "info"}
{"task": "macro", "event": "task_ok", "timestamp": "2025-09-18T16:47:25.295568Z", "run_id": "RUN123", "level": "info"}
{"task": "macro", "duration": 0.609844, "event": "task_end", "timestamp": "2025-09-18T16:47:25.296568Z", "run_id": "RUN123", "level": "info"}
Job "task_wrapper (trigger: interval[0:05:03.685195], next run at: 2025-09-18 18:52:28 CEST)" executed successfully
{"alive": true, "rss_mb": 66.0, "cpu_percent": 0.0, "event": "heartbeat", "timestamp": "2025-09-18T16:48:22.531377Z", "run_id": "RUN123", "level": "info"}
Running job "task_wrapper (trigger: interval[0:15:38.637530], next run at: 2025-09-18 19:04:24 CEST)" (scheduled at 2025-09-18 18:48:45.719243+02:00)
{"task": "defillama", "ts": "2025-09-18T16:48:45.732812Z", "event": "task_start", "timestamp": "2025-09-18T16:48:45.732812Z", "run_id": "RUN123", "level": "info"}
{"chain": "ethereum", "event": "defillama_cache_hit", "timestamp": "2025-09-18T16:48:45.733812Z", "run_id": "RUN123", "level": "info"}
{"task": "defillama", "event": "task_ok", "timestamp": "2025-09-18T16:48:45.734813Z", "run_id": "RUN123", "level": "info"}
{"task": "defillama", "duration": 0.002001, "event": "task_end", "timestamp": "2025-09-18T16:48:45.734813Z", "run_id": "RUN123", "level": "info"}
Job "task_wrapper (trigger: interval[0:15:38.637530], next run at: 2025-09-18 19:04:24 CEST)" executed successfully
{"alive": true, "rss_mb": 66.0, "cpu_percent": 0.0, "event": "heartbeat", "timestamp": "2025-09-18T16:49:22.547140Z", "run_id": "RUN123", "level": "info"}
{"alive": true, "rss_mb": 66.0, "cpu_percent": 0.0, "event": "heartbeat", "timestamp": "2025-09-18T16:50:22.558722Z", "run_id": "RUN123", "level": "info"}
Running job "task_wrapper (trigger: interval[0:05:00.485919], next run at: 2025-09-18 18:56:05 CEST)" (scheduled at 2025-09-18 18:51:04.694179+02:00)
{"task": "derivatives_oi", "ts": "2025-09-18T16:51:04.705824Z", "event": "task_start", "timestamp": "2025-09-18T16:51:04.705824Z", "run_id": "RUN123", "level": "info"}
{"symbol": "BTCUSDT", "event": "deriv_cache_hit", "timestamp": "2025-09-18T16:51:04.706802Z", "run_id": "RUN123", "level": "info"}
{"task": "derivatives_oi", "event": "task_ok", "timestamp": "2025-09-18T16:51:04.707810Z", "run_id": "RUN123", "level": "info"}
{"task": "derivatives_oi", "duration": 0.002982, "event": "task_end", "timestamp": "2025-09-18T16:51:04.708806Z", "run_id": "RUN123", "level": "info"}
Job "task_wrapper (trigger: interval[0:05:00.485919], next run at: 2025-09-18 18:56:05 CEST)" executed successfully
{"alive": true, "rss_mb": 66.0, "cpu_percent": 0.0, "event": "heartbeat", "timestamp": "2025-09-18T16:51:22.576556Z", "run_id": "RUN123", "level": "info"}
Running job "task_wrapper (trigger: interval[0:05:03.429341], next run at: 2025-09-18 18:56:37 CEST)" (scheduled at 2025-09-18 18:51:33.616648+02:00)
{"task": "derivatives_lsr", "ts": "2025-09-18T16:51:33.631835Z", "event": "task_start", "timestamp": "2025-09-18T16:51:33.631835Z", "run_id": "RUN123", "level": "info"}
HTTP Request: GET https://api.bybit.com/v5/market/account-ratio?category=linear&symbol=BTCUSDT&period=5min "HTTP/1.1 200 OK"
{"symbol": "BTCUSDT", "metric": "long_short_ratio", "source": "bybit", "event": "deriv_success", "timestamp": "2025-09-18T16:51:34.332918Z", "run_id": "RUN123", "level": "info"}
{"task": "derivatives_lsr", "event": "task_ok", "timestamp": "2025-09-18T16:51:34.333927Z", "run_id": "RUN123", "level": "info"}
{"task": "derivatives_lsr", "duration": 0.702092, "event": "task_end", "timestamp": "2025-09-18T16:51:34.333927Z", "run_id": "RUN123", "level": "info"}
Job "task_wrapper (trigger: interval[0:05:03.429341], next run at: 2025-09-18 18:56:37 CEST)" executed successfully
{"alive": true, "rss_mb": 66.1, "cpu_percent": 0.0, "event": "heartbeat", "timestamp": "2025-09-18T16:52:22.587539Z", "run_id": "RUN123", "level": "info"}
Running job "task_wrapper (trigger: interval[0:05:03.685195], next run at: 2025-09-18 18:57:32 CEST)" (scheduled at 2025-09-18 18:52:28.359407+02:00)
{"task": "macro", "ts": "2025-09-18T16:52:28.375033Z", "event": "task_start", "timestamp": "2025-09-18T16:52:28.375033Z", "run_id": "RUN123", "level": "info"}
HTTP Request: GET https://api.coingecko.com/api/v3/coins/bitcoin "HTTP/1.1 200 OK"
{"symbol": "bitcoin", "source": "coingecko", "event": "macro_success", "timestamp": "2025-09-18T16:52:28.927798Z", "run_id": "RUN123", "level": "info"}
{"task": "macro", "event": "task_ok", "timestamp": "2025-09-18T16:52:28.929790Z", "run_id": "RUN123", "level": "info"}
{"task": "macro", "duration": 0.555752, "event": "task_end", "timestamp": "2025-09-18T16:52:28.930785Z", "run_id": "RUN123", "level": "info"}
Job "task_wrapper (trigger: interval[0:05:03.685195], next run at: 2025-09-18 18:57:32 CEST)" executed successfully
Running job "task_wrapper (trigger: interval[1:00:12.398608], next run at: 2025-09-18 19:53:15 CEST)" (scheduled at 2025-09-18 18:53:02.913621+02:00)
{"task": "sentiment_fg", "ts": "2025-09-18T16:53:02.915256Z", "event": "task_start", "timestamp": "2025-09-18T16:53:02.915256Z", "run_id": "RUN123", "level": "info"}
{"metric": "fear_greed", "event": "sentiment_cache_hit", "timestamp": "2025-09-18T16:53:02.916259Z", "run_id": "RUN123", "level": "info"}
{"task": "sentiment_fg", "event": "task_ok", "timestamp": "2025-09-18T16:53:02.917258Z", "run_id": "RUN123", "level": "info"}
{"task": "sentiment_fg", "duration": 0.002002, "event": "task_end", "timestamp": "2025-09-18T16:53:02.917258Z", "run_id": "RUN123", "level": "info"}
Job "task_wrapper (trigger: interval[1:00:12.398608], next run at: 2025-09-18 19:53:15 CEST)" executed successfully
{"alive": true, "rss_mb": 66.6, "cpu_percent": 0.0, "event": "heartbeat", "timestamp": "2025-09-18T16:53:22.590047Z", "run_id": "RUN123", "level": "info"}
{"alive": true, "rss_mb": 66.6, "cpu_percent": 0.0, "event": "heartbeat", "timestamp": "2025-09-18T16:54:22.603227Z", "run_id": "RUN123", "level": "info"}
Running job "task_wrapper (trigger: interval[0:31:01.155603], next run at: 2025-09-18 19:26:01 CEST)" (scheduled at 2025-09-18 18:55:00.178783+02:00)
{"task": "onchain_hashrate", "ts": "2025-09-18T16:55:00.187524Z", "event": "task_start", "timestamp": "2025-09-18T16:55:00.187524Z", "run_id": "RUN123", "level": "info"}
HTTP Request: GET https://api.blockchain.info/q/hashrate "HTTP/1.1 200 OK"
{"symbol": "BTC", "source": "blockchain.info", "event": "onchain_success", "timestamp": "2025-09-18T16:55:00.789424Z", "run_id": "RUN123", "level": "info"}
{"task": "onchain_hashrate", "event": "task_ok", "timestamp": "2025-09-18T16:55:00.790421Z", "run_id": "RUN123", "level": "info"}
{"task": "onchain_hashrate", "duration": 0.603899, "event": "task_end", "timestamp": "2025-09-18T16:55:00.791423Z", "run_id": "RUN123", "level": "info"}
Job "task_wrapper (trigger: interval[0:31:01.155603], next run at: 2025-09-18 19:26:01 CEST)" executed successfully
{"alive": true, "rss_mb": 66.6, "cpu_percent": 0.0, "event": "heartbeat", "timestamp": "2025-09-18T16:55:22.605818Z", "run_id": "RUN123", "level": "info"}
Running job "task_wrapper (trigger: interval[0:05:00.485919], next run at: 2025-09-18 19:01:05 CEST)" (scheduled at 2025-09-18 18:56:05.180098+02:00)
{"task": "derivatives_oi", "ts": "2025-09-18T16:56:05.192455Z", "event": "task_start", "timestamp": "2025-09-18T16:56:05.192455Z", "run_id": "RUN123", "level": "info"}
{"symbol": "BTCUSDT", "event": "deriv_cache_hit", "timestamp": "2025-09-18T16:56:05.193462Z", "run_id": "RUN123", "level": "info"}
{"task": "derivatives_oi", "event": "task_ok", "timestamp": "2025-09-18T16:56:05.194451Z", "run_id": "RUN123", "level": "info"}
{"task": "derivatives_oi", "duration": 0.001996, "event": "task_end", "timestamp": "2025-09-18T16:56:05.194451Z", "run_id": "RUN123", "level": "info"}
Job "task_wrapper (trigger: interval[0:05:00.485919], next run at: 2025-09-18 19:01:05 CEST)" executed successfully
{"alive": true, "rss_mb": 66.6, "cpu_percent": 0.0, "event": "heartbeat", "timestamp": "2025-09-18T16:56:22.627469Z", "run_id": "RUN123", "level": "info"}
Running job "task_wrapper (trigger: interval[0:05:03.429341], next run at: 2025-09-18 19:01:40 CEST)" (scheduled at 2025-09-18 18:56:37.045989+02:00)
{"task": "derivatives_lsr", "ts": "2025-09-18T16:56:37.057325Z", "event": "task_start", "timestamp": "2025-09-18T16:56:37.057325Z", "run_id": "RUN123", "level": "info"}
HTTP Request: GET https://api.bybit.com/v5/market/account-ratio?category=linear&symbol=BTCUSDT&period=5min "HTTP/1.1 200 OK"
{"symbol": "BTCUSDT", "metric": "long_short_ratio", "source": "bybit", "event": "deriv_success", "timestamp": "2025-09-18T16:56:37.983963Z", "run_id": "RUN123", "level": "info"}
{"task": "derivatives_lsr", "event": "task_ok", "timestamp": "2025-09-18T16:56:37.984970Z", "run_id": "RUN123", "level": "info"}
{"task": "derivatives_lsr", "duration": 0.928657, "event": "task_end", "timestamp": "2025-09-18T16:56:37.985982Z", "run_id": "RUN123", "level": "info"}
Job "task_wrapper (trigger: interval[0:05:03.429341], next run at: 2025-09-18 19:01:40 CEST)" executed successfully
{"alive": true, "rss_mb": 66.7, "cpu_percent": 0.0, "event": "heartbeat", "timestamp": "2025-09-18T16:57:22.630553Z", "run_id": "RUN123", "level": "info"}
Running job "task_wrapper (trigger: interval[0:05:03.685195], next run at: 2025-09-18 19:02:35 CEST)" (scheduled at 2025-09-18 18:57:32.044602+02:00)
{"task": "macro", "ts": "2025-09-18T16:57:32.061975Z", "event": "task_start", "timestamp": "2025-09-18T16:57:32.061975Z", "run_id": "RUN123", "level": "info"}
HTTP Request: GET https://api.coingecko.com/api/v3/coins/bitcoin "HTTP/1.1 200 OK"
{"symbol": "bitcoin", "source": "coingecko", "event": "macro_success", "timestamp": "2025-09-18T16:57:32.640125Z", "run_id": "RUN123", "level": "info"}
{"task": "macro", "event": "task_ok", "timestamp": "2025-09-18T16:57:32.642124Z", "run_id": "RUN123", "level": "info"}
{"task": "macro", "duration": 0.581159, "event": "task_end", "timestamp": "2025-09-18T16:57:32.643134Z", "run_id": "RUN123", "level": "info"}
Job "task_wrapper (trigger: interval[0:05:03.685195], next run at: 2025-09-18 19:02:35 CEST)" executed successfully
Running job "task_wrapper (trigger: interval[0:31:05.669810], next run at: 2025-09-18 19:28:43 CEST)" (scheduled at 2025-09-18 18:57:38.177027+02:00)
{"task": "onchain_sopr", "ts": "2025-09-18T16:57:38.188436Z", "event": "task_start", "timestamp": "2025-09-18T16:57:38.188436Z", "run_id": "RUN123", "level": "info"}
{"symbol": "BTC", "event": "onchain_cache_hit", "timestamp": "2025-09-18T16:57:38.188436Z", "run_id": "RUN123", "level": "info"}
{"task": "onchain_sopr", "event": "task_ok", "timestamp": "2025-09-18T16:57:38.189455Z", "run_id": "RUN123", "level": "info"}
{"task": "onchain_sopr", "duration": 0.001019, "event": "task_end", "timestamp": "2025-09-18T16:57:38.189455Z", "run_id": "RUN123", "level": "info"}
Job "task_wrapper (trigger: interval[0:31:05.669810], next run at: 2025-09-18 19:28:43 CEST)" executed successfully
{"alive": true, "rss_mb": 67.0, "cpu_percent": 0.0, "event": "heartbeat", "timestamp": "2025-09-18T16:58:22.633753Z", "run_id": "RUN123", "level": "info"}
{"alive": true, "rss_mb": 67.0, "cpu_percent": 0.0, "event": "heartbeat", "timestamp": "2025-09-18T16:59:22.635480Z", "run_id": "RUN123", "level": "info"}
{"alive": true, "rss_mb": 67.0, "cpu_percent": 0.0, "event": "heartbeat", "timestamp": "2025-09-18T17:00:22.646873Z", "run_id": "RUN123", "level": "info"}
Running job "task_wrapper (trigger: interval[0:05:00.485919], next run at: 2025-09-18 19:06:06 CEST)" (scheduled at 2025-09-18 19:01:05.666017+02:00)
{"task": "derivatives_oi", "ts": "2025-09-18T17:01:05.685808Z", "event": "task_start", "timestamp": "2025-09-18T17:01:05.685808Z", "run_id": "RUN123", "level": "info"}
{"symbol": "BTCUSDT", "event": "deriv_cache_hit", "timestamp": "2025-09-18T17:01:05.686799Z", "run_id": "RUN123", "level": "info"}
{"task": "derivatives_oi", "event": "task_ok", "timestamp": "2025-09-18T17:01:05.686799Z", "run_id": "RUN123", "level": "info"}
{"task": "derivatives_oi", "duration": 0.001989, "event": "task_end", "timestamp": "2025-09-18T17:01:05.687797Z", "run_id": "RUN123", "level": "info"}
Job "task_wrapper (trigger: interval[0:05:00.485919], next run at: 2025-09-18 19:06:06 CEST)" executed successfully
{"alive": true, "rss_mb": 67.0, "cpu_percent": 0.0, "event": "heartbeat", "timestamp": "2025-09-18T17:01:22.651512Z", "run_id": "RUN123", "level": "info"}
Running job "task_wrapper (trigger: interval[0:30:20.099607], next run at: 2025-09-18 19:31:43 CEST)" (scheduled at 2025-09-18 19:01:23.316526+02:00)
{"task": "onchain_tx", "ts": "2025-09-18T17:01:23.322731Z", "event": "task_start", "timestamp": "2025-09-18T17:01:23.322731Z", "run_id": "RUN123", "level": "info"}
HTTP Request: GET https://api.blockchain.info/q/getblockcount "HTTP/1.1 200 OK"
{"symbol": "BTC", "source": "blockchain.info", "event": "onchain_success", "timestamp": "2025-09-18T17:01:23.947376Z", "run_id": "RUN123", "level": "info"}
{"task": "onchain_tx", "event": "task_ok", "timestamp": "2025-09-18T17:01:23.948362Z", "run_id": "RUN123", "level": "info"}
{"task": "onchain_tx", "duration": 0.625631, "event": "task_end", "timestamp": "2025-09-18T17:01:23.948362Z", "run_id": "RUN123", "level": "info"}
Job "task_wrapper (trigger: interval[0:30:20.099607], next run at: 2025-09-18 19:31:43 CEST)" executed successfully
Running job "task_wrapper (trigger: interval[0:05:03.429341], next run at: 2025-09-18 19:06:43 CEST)" (scheduled at 2025-09-18 19:01:40.475330+02:00)
{"task": "derivatives_lsr", "ts": "2025-09-18T17:01:40.490079Z", "event": "task_start", "timestamp": "2025-09-18T17:01:40.490079Z", "run_id": "RUN123", "level": "info"}
HTTP Request: GET https://api.bybit.com/v5/market/account-ratio?category=linear&symbol=BTCUSDT&period=5min "HTTP/1.1 200 OK"
{"symbol": "BTCUSDT", "metric": "long_short_ratio", "source": "bybit", "event": "deriv_success", "timestamp": "2025-09-18T17:01:41.222461Z", "run_id": "RUN123", "level": "info"}
{"task": "derivatives_lsr", "event": "task_ok", "timestamp": "2025-09-18T17:01:41.223463Z", "run_id": "RUN123", "level": "info"}
{"task": "derivatives_lsr", "duration": 0.734382, "event": "task_end", "timestamp": "2025-09-18T17:01:41.224461Z", "run_id": "RUN123", "level": "info"}
Job "task_wrapper (trigger: interval[0:05:03.429341], next run at: 2025-09-18 19:06:43 CEST)" executed successfully
{"alive": true, "rss_mb": 66.7, "cpu_percent": 0.0, "event": "heartbeat", "timestamp": "2025-09-18T17:02:22.654446Z", "run_id": "RUN123", "level": "info"}
Running job "task_wrapper (trigger: interval[0:05:03.685195], next run at: 2025-09-18 19:07:39 CEST)" (scheduled at 2025-09-18 19:02:35.729797+02:00)
{"task": "macro", "ts": "2025-09-18T17:02:35.736642Z", "event": "task_start", "timestamp": "2025-09-18T17:02:35.736642Z", "run_id": "RUN123", "level": "info"}
HTTP Request: GET https://api.coingecko.com/api/v3/coins/bitcoin "HTTP/1.1 200 OK"
{"symbol": "bitcoin", "source": "coingecko", "event": "macro_success", "timestamp": "2025-09-18T17:02:36.329284Z", "run_id": "RUN123", "level": "info"}
{"task": "macro", "event": "task_ok", "timestamp": "2025-09-18T17:02:36.330270Z", "run_id": "RUN123", "level": "info"}
{"task": "macro", "duration": 0.594631, "event": "task_end", "timestamp": "2025-09-18T17:02:36.331273Z", "run_id": "RUN123", "level": "info"}
Job "task_wrapper (trigger: interval[0:05:03.685195], next run at: 2025-09-18 19:07:39 CEST)" executed successfully
{"alive": true, "rss_mb": 67.0, "cpu_percent": 0.0, "event": "heartbeat", "timestamp": "2025-09-18T17:03:22.670017Z", "run_id": "RUN123", "level": "info"}
{"alive": true, "rss_mb": 67.0, "cpu_percent": 0.0, "event": "heartbeat", "timestamp": "2025-09-18T17:04:22.673527Z", "run_id": "RUN123", "level": "info"}
Running job "task_wrapper (trigger: interval[0:15:38.637530], next run at: 2025-09-18 19:20:02 CEST)" (scheduled at 2025-09-18 19:04:24.356773+02:00)
{"task": "defillama", "ts": "2025-09-18T17:04:24.366309Z", "event": "task_start", "timestamp": "2025-09-18T17:04:24.366309Z", "run_id": "RUN123", "level": "info"}
{"chain": "ethereum", "event": "defillama_cache_hit", "timestamp": "2025-09-18T17:04:24.367301Z", "run_id": "RUN123", "level": "info"}
{"task": "defillama", "event": "task_ok", "timestamp": "2025-09-18T17:04:24.367754Z", "run_id": "RUN123", "level": "info"}
{"task": "defillama", "duration": 0.001445, "event": "task_end", "timestamp": "2025-09-18T17:04:24.367754Z", "run_id": "RUN123", "level": "info"}
Job "task_wrapper (trigger: interval[0:15:38.637530], next run at: 2025-09-18 19:20:02 CEST)" executed successfully
{"alive": true, "rss_mb": 67.0, "cpu_percent": 0.0, "event": "heartbeat", "timestamp": "2025-09-18T17:05:22.677917Z", "run_id": "RUN123", "level": "info"}
Running job "task_wrapper (trigger: interval[0:05:00.485919], next run at: 2025-09-18 19:11:06 CEST)" (scheduled at 2025-09-18 19:06:06.151936+02:00)
{"task": "derivatives_oi", "ts": "2025-09-18T17:06:06.171072Z", "event": "task_start", "timestamp": "2025-09-18T17:06:06.171072Z", "run_id": "RUN123", "level": "info"}
{"symbol": "BTCUSDT", "event": "deriv_cache_hit", "timestamp": "2025-09-18T17:06:06.171072Z", "run_id": "RUN123", "level": "info"}
{"task": "derivatives_oi", "event": "task_ok", "timestamp": "2025-09-18T17:06:06.172071Z", "run_id": "RUN123", "level": "info"}
{"task": "derivatives_oi", "duration": 0.000999, "event": "task_end", "timestamp": "2025-09-18T17:06:06.172071Z", "run_id": "RUN123", "level": "info"}
Job "task_wrapper (trigger: interval[0:05:00.485919], next run at: 2025-09-18 19:11:06 CEST)" executed successfully
{"alive": true, "rss_mb": 67.0, "cpu_percent": 0.0, "event": "heartbeat", "timestamp": "2025-09-18T17:06:22.687070Z", "run_id": "RUN123", "level": "info"}
Running job "task_wrapper (trigger: interval[0:05:03.429341], next run at: 2025-09-18 19:11:47 CEST)" (scheduled at 2025-09-18 19:06:43.904671+02:00)
{"task": "derivatives_lsr", "ts": "2025-09-18T17:06:43.921021Z", "event": "task_start", "timestamp": "2025-09-18T17:06:43.921021Z", "run_id": "RUN123", "level": "info"}
HTTP Request: GET https://api.bybit.com/v5/market/account-ratio?category=linear&symbol=BTCUSDT&period=5min "HTTP/1.1 200 OK"
{"symbol": "BTCUSDT", "metric": "long_short_ratio", "source": "bybit", "event": "deriv_success", "timestamp": "2025-09-18T17:06:44.651452Z", "run_id": "RUN123", "level": "info"}
{"task": "derivatives_lsr", "event": "task_ok", "timestamp": "2025-09-18T17:06:44.652456Z", "run_id": "RUN123", "level": "info"}
{"task": "derivatives_lsr", "duration": 0.731435, "event": "task_end", "timestamp": "2025-09-18T17:06:44.652456Z", "run_id": "RUN123", "level": "info"}
Job "task_wrapper (trigger: interval[0:05:03.429341], next run at: 2025-09-18 19:11:47 CEST)" executed successfully
{"alive": true, "rss_mb": 67.2, "cpu_percent": 0.0, "event": "heartbeat", "timestamp": "2025-09-18T17:07:22.687831Z", "run_id": "RUN123", "level": "info"}
Running job "task_wrapper (trigger: interval[0:05:03.685195], next run at: 2025-09-18 19:12:43 CEST)" (scheduled at 2025-09-18 19:07:39.414992+02:00)
{"task": "macro", "ts": "2025-09-18T17:07:39.424794Z", "event": "task_start", "timestamp": "2025-09-18T17:07:39.424794Z", "run_id": "RUN123", "level": "info"}
HTTP Request: GET https://api.coingecko.com/api/v3/coins/bitcoin "HTTP/1.1 200 OK"
{"symbol": "bitcoin", "source": "coingecko", "event": "macro_success", "timestamp": "2025-09-18T17:07:40.134483Z", "run_id": "RUN123", "level": "info"}
{"task": "macro", "event": "task_ok", "timestamp": "2025-09-18T17:07:40.136466Z", "run_id": "RUN123", "level": "info"}
{"task": "macro", "duration": 0.711672, "event": "task_end", "timestamp": "2025-09-18T17:07:40.136466Z", "run_id": "RUN123", "level": "info"}
Job "task_wrapper (trigger: interval[0:05:03.685195], next run at: 2025-09-18 19:12:43 CEST)" executed successfully
{"alive": true, "rss_mb": 67.3, "cpu_percent": 0.0, "event": "heartbeat", "timestamp": "2025-09-18T17:08:22.696052Z", "run_id": "RUN123", "level": "info"}
{"alive": true, "rss_mb": 67.3, "cpu_percent": 0.0, "event": "heartbeat", "timestamp": "2025-09-18T17:09:22.706521Z", "run_id": "RUN123", "level": "info"}
{"alive": true, "rss_mb": 67.3, "cpu_percent": 0.0, "event": "heartbeat", "timestamp": "2025-09-18T17:10:22.711741Z", "run_id": "RUN123", "level": "info"}
Running job "task_wrapper (trigger: interval[0:05:00.485919], next run at: 2025-09-18 19:16:07 CEST)" (scheduled at 2025-09-18 19:11:06.637855+02:00)
{"task": "derivatives_oi", "ts": "2025-09-18T17:11:06.657847Z", "event": "task_start", "timestamp": "2025-09-18T17:11:06.657847Z", "run_id": "RUN123", "level": "info"}
{"symbol": "BTCUSDT", "event": "deriv_cache_hit", "timestamp": "2025-09-18T17:11:06.658846Z", "run_id": "RUN123", "level": "info"}
{"task": "derivatives_oi", "event": "task_ok", "timestamp": "2025-09-18T17:11:06.659846Z", "run_id": "RUN123", "level": "info"}
{"task": "derivatives_oi", "duration": 0.001999, "event": "task_end", "timestamp": "2025-09-18T17:11:06.659846Z", "run_id": "RUN123", "level": "info"}
Job "task_wrapper (trigger: interval[0:05:00.485919], next run at: 2025-09-18 19:16:07 CEST)" executed successfully
{"alive": true, "rss_mb": 67.3, "cpu_percent": 0.0, "event": "heartbeat", "timestamp": "2025-09-18T17:11:22.711960Z", "run_id": "RUN123", "level": "info"}
Running job "task_wrapper (trigger: interval[0:05:03.429341], next run at: 2025-09-18 19:16:50 CEST)" (scheduled at 2025-09-18 19:11:47.334012+02:00)
{"task": "derivatives_lsr", "ts": "2025-09-18T17:11:47.358833Z", "event": "task_start", "timestamp": "2025-09-18T17:11:47.358833Z", "run_id": "RUN123", "level": "info"}
HTTP Request: GET https://api.bybit.com/v5/market/account-ratio?category=linear&symbol=BTCUSDT&period=5min "HTTP/1.1 200 OK"
{"symbol": "BTCUSDT", "metric": "long_short_ratio", "source": "bybit", "event": "deriv_success", "timestamp": "2025-09-18T17:11:48.119620Z", "run_id": "RUN123", "level": "info"}
{"task": "derivatives_lsr", "event": "task_ok", "timestamp": "2025-09-18T17:11:48.120616Z", "run_id": "RUN123", "level": "info"}
{"task": "derivatives_lsr", "duration": 0.761783, "event": "task_end", "timestamp": "2025-09-18T17:11:48.120616Z", "run_id": "RUN123", "level": "info"}
Job "task_wrapper (trigger: interval[0:05:03.429341], next run at: 2025-09-18 19:16:50 CEST)" executed successfully
{"alive": true, "rss_mb": 67.3, "cpu_percent": 0.0, "event": "heartbeat", "timestamp": "2025-09-18T17:12:22.713789Z", "run_id": "RUN123", "level": "info"}
Running job "task_wrapper (trigger: interval[0:05:03.685195], next run at: 2025-09-18 19:17:46 CEST)" (scheduled at 2025-09-18 19:12:43.100187+02:00)
{"task": "macro", "ts": "2025-09-18T17:12:43.103699Z", "event": "task_start", "timestamp": "2025-09-18T17:12:43.103699Z", "run_id": "RUN123", "level": "info"}
HTTP Request: GET https://api.coingecko.com/api/v3/coins/bitcoin "HTTP/1.1 200 OK"
{"symbol": "bitcoin", "source": "coingecko", "event": "macro_success", "timestamp": "2025-09-18T17:12:43.770306Z", "run_id": "RUN123", "level": "info"}
{"task": "macro", "event": "task_ok", "timestamp": "2025-09-18T17:12:43.773308Z", "run_id": "RUN123", "level": "info"}
{"task": "macro", "duration": 0.669609, "event": "task_end", "timestamp": "2025-09-18T17:12:43.773308Z", "run_id": "RUN123", "level": "info"}
Job "task_wrapper (trigger: interval[0:05:03.685195], next run at: 2025-09-18 19:17:46 CEST)" executed successfully
{"alive": true, "rss_mb": 67.8, "cpu_percent": 0.0, "event": "heartbeat", "timestamp": "2025-09-18T17:13:22.723837Z", "run_id": "RUN123", "level": "info"}
{"alive": true, "rss_mb": 67.8, "cpu_percent": 0.0, "event": "heartbeat", "timestamp": "2025-09-18T17:14:22.737964Z", "run_id": "RUN123", "level": "info"}
{"alive": true, "rss_mb": 67.8, "cpu_percent": 0.0, "event": "heartbeat", "timestamp": "2025-09-18T17:15:22.752102Z", "run_id": "RUN123", "level": "info"}
Running job "task_wrapper (trigger: interval[0:05:00.485919], next run at: 2025-09-18 19:21:07 CEST)" (scheduled at 2025-09-18 19:16:07.123774+02:00)
{"task": "derivatives_oi", "ts": "2025-09-18T17:16:07.134182Z", "event": "task_start", "timestamp": "2025-09-18T17:16:07.134182Z", "run_id": "RUN123", "level": "info"}
{"symbol": "BTCUSDT", "event": "deriv_cache_hit", "timestamp": "2025-09-18T17:16:07.134182Z", "run_id": "RUN123", "level": "info"}
{"task": "derivatives_oi", "event": "task_ok", "timestamp": "2025-09-18T17:16:07.135178Z", "run_id": "RUN123", "level": "info"}
{"task": "derivatives_oi", "duration": 0.000996, "event": "task_end", "timestamp": "2025-09-18T17:16:07.135178Z", "run_id": "RUN123", "level": "info"}
Job "task_wrapper (trigger: interval[0:05:00.485919], next run at: 2025-09-18 19:21:07 CEST)" executed successfully
{"alive": true, "rss_mb": 67.8, "cpu_percent": 0.0, "event": "heartbeat", "timestamp": "2025-09-18T17:16:22.753359Z", "run_id": "RUN123", "level": "info"}
Running job "task_wrapper (trigger: interval[0:05:03.429341], next run at: 2025-09-18 19:21:54 CEST)" (scheduled at 2025-09-18 19:16:50.763353+02:00)
{"task": "derivatives_lsr", "ts": "2025-09-18T17:16:50.773955Z", "event": "task_start", "timestamp": "2025-09-18T17:16:50.773955Z", "run_id": "RUN123", "level": "info"}
HTTP Request: GET https://api.bybit.com/v5/market/account-ratio?category=linear&symbol=BTCUSDT&period=5min "HTTP/1.1 200 OK"
{"symbol": "BTCUSDT", "metric": "long_short_ratio", "source": "bybit", "event": "deriv_success", "timestamp": "2025-09-18T17:16:51.445996Z", "run_id": "RUN123", "level": "info"}
{"task": "derivatives_lsr", "event": "task_ok", "timestamp": "2025-09-18T17:16:51.446975Z", "run_id": "RUN123", "level": "info"}
{"task": "derivatives_lsr", "duration": 0.674026, "event": "task_end", "timestamp": "2025-09-18T17:16:51.447981Z", "run_id": "RUN123", "level": "info"}
Job "task_wrapper (trigger: interval[0:05:03.429341], next run at: 2025-09-18 19:21:54 CEST)" executed successfully
{"alive": true, "rss_mb": 67.7, "cpu_percent": 0.0, "event": "heartbeat", "timestamp": "2025-09-18T17:17:22.757805Z", "run_id": "RUN123", "level": "info"}
Running job "task_wrapper (trigger: interval[0:05:03.685195], next run at: 2025-09-18 19:22:50 CEST)" (scheduled at 2025-09-18 19:17:46.785382+02:00)
{"task": "macro", "ts": "2025-09-18T17:17:46.797947Z", "event": "task_start", "timestamp": "2025-09-18T17:17:46.797947Z", "run_id": "RUN123", "level": "info"}
HTTP Request: GET https://api.coingecko.com/api/v3/coins/bitcoin "HTTP/1.1 200 OK"
{"symbol": "bitcoin", "source": "coingecko", "event": "macro_success", "timestamp": "2025-09-18T17:17:47.357726Z", "run_id": "RUN123", "level": "info"}
{"task": "macro", "event": "task_ok", "timestamp": "2025-09-18T17:17:47.361718Z", "run_id": "RUN123", "level": "info"}
{"task": "macro", "duration": 0.564772, "event": "task_end", "timestamp": "2025-09-18T17:17:47.362719Z", "run_id": "RUN123", "level": "info"}
Job "task_wrapper (trigger: interval[0:05:03.685195], next run at: 2025-09-18 19:22:50 CEST)" executed successfully
{"alive": true, "rss_mb": 68.0, "cpu_percent": 0.0, "event": "heartbeat", "timestamp": "2025-09-18T17:18:22.769322Z", "run_id": "RUN123", "level": "info"}
{"alive": true, "rss_mb": 68.0, "cpu_percent": 0.0, "event": "heartbeat", "timestamp": "2025-09-18T17:19:22.773445Z", "run_id": "RUN123", "level": "info"}
Running job "task_wrapper (trigger: interval[0:15:38.637530], next run at: 2025-09-18 19:35:41 CEST)" (scheduled at 2025-09-18 19:20:02.994303+02:00)
{"task": "defillama", "ts": "2025-09-18T17:20:03.006572Z", "event": "task_start", "timestamp": "2025-09-18T17:20:03.006572Z", "run_id": "RUN123", "level": "info"}
{"chain": "ethereum", "event": "defillama_cache_hit", "timestamp": "2025-09-18T17:20:03.007569Z", "run_id": "RUN123", "level": "info"}
{"task": "defillama", "event": "task_ok", "timestamp": "2025-09-18T17:20:03.007569Z", "run_id": "RUN123", "level": "info"}
{"task": "defillama", "duration": 0.001998, "event": "task_end", "timestamp": "2025-09-18T17:20:03.008570Z", "run_id": "RUN123", "level": "info"}
Job "task_wrapper (trigger: interval[0:15:38.637530], next run at: 2025-09-18 19:35:41 CEST)" executed successfully
{"alive": true, "rss_mb": 68.0, "cpu_percent": 0.0, "event": "heartbeat", "timestamp": "2025-09-18T17:20:22.769916Z", "run_id": "RUN123", "level": "info"}
Running job "task_wrapper (trigger: interval[0:05:00.485919], next run at: 2025-09-18 19:26:08 CEST)" (scheduled at 2025-09-18 19:21:07.609693+02:00)
{"task": "derivatives_oi", "ts": "2025-09-18T17:21:07.625855Z", "event": "task_start", "timestamp": "2025-09-18T17:21:07.625855Z", "run_id": "RUN123", "level": "info"}
{"symbol": "BTCUSDT", "event": "deriv_cache_hit", "timestamp": "2025-09-18T17:21:07.626852Z", "run_id": "RUN123", "level": "info"}
{"task": "derivatives_oi", "event": "task_ok", "timestamp": "2025-09-18T17:21:07.626852Z", "run_id": "RUN123", "level": "info"}
{"task": "derivatives_oi", "duration": 0.001998, "event": "task_end", "timestamp": "2025-09-18T17:21:07.627853Z", "run_id": "RUN123", "level": "info"}
Job "task_wrapper (trigger: interval[0:05:00.485919], next run at: 2025-09-18 19:26:08 CEST)" executed successfully
{"alive": true, "rss_mb": 68.0, "cpu_percent": 0.0, "event": "heartbeat", "timestamp": "2025-09-18T17:21:22.784485Z", "run_id": "RUN123", "level": "info"}
Running job "task_wrapper (trigger: interval[0:05:03.429341], next run at: 2025-09-18 19:26:57 CEST)" (scheduled at 2025-09-18 19:21:54.192694+02:00)
{"task": "derivatives_lsr", "ts": "2025-09-18T17:21:54.211540Z", "event": "task_start", "timestamp": "2025-09-18T17:21:54.211540Z", "run_id": "RUN123", "level": "info"}
HTTP Request: GET https://api.bybit.com/v5/market/account-ratio?category=linear&symbol=BTCUSDT&period=5min "HTTP/1.1 200 OK"
{"symbol": "BTCUSDT", "metric": "long_short_ratio", "source": "bybit", "event": "deriv_success", "timestamp": "2025-09-18T17:21:54.979789Z", "run_id": "RUN123", "level": "info"}
{"task": "derivatives_lsr", "event": "task_ok", "timestamp": "2025-09-18T17:21:54.980771Z", "run_id": "RUN123", "level": "info"}
{"task": "derivatives_lsr", "duration": 0.770229, "event": "task_end", "timestamp": "2025-09-18T17:21:54.981769Z", "run_id": "RUN123", "level": "info"}
Job "task_wrapper (trigger: interval[0:05:03.429341], next run at: 2025-09-18 19:26:57 CEST)" executed successfully
{"alive": true, "rss_mb": 68.0, "cpu_percent": 0.0, "event": "heartbeat", "timestamp": "2025-09-18T17:22:22.791399Z", "run_id": "RUN123", "level": "info"}
Running job "task_wrapper (trigger: interval[0:05:03.685195], next run at: 2025-09-18 19:27:54 CEST)" (scheduled at 2025-09-18 19:22:50.470577+02:00)
{"task": "macro", "ts": "2025-09-18T17:22:50.485694Z", "event": "task_start", "timestamp": "2025-09-18T17:22:50.485694Z", "run_id": "RUN123", "level": "info"}
HTTP Request: GET https://api.coingecko.com/api/v3/coins/bitcoin "HTTP/1.1 200 OK"
{"symbol": "bitcoin", "source": "coingecko", "event": "macro_success", "timestamp": "2025-09-18T17:22:51.041122Z", "run_id": "RUN123", "level": "info"}
{"task": "macro", "event": "task_ok", "timestamp": "2025-09-18T17:22:51.043122Z", "run_id": "RUN123", "level": "info"}
{"task": "macro", "duration": 0.557428, "event": "task_end", "timestamp": "2025-09-18T17:22:51.043122Z", "run_id": "RUN123", "level": "info"}
Job "task_wrapper (trigger: interval[0:05:03.685195], next run at: 2025-09-18 19:27:54 CEST)" executed successfully
{"alive": true, "rss_mb": 68.5, "cpu_percent": 0.0, "event": "heartbeat", "timestamp": "2025-09-18T17:23:22.787290Z", "run_id": "RUN123", "level": "info"}
{"alive": true, "rss_mb": 68.5, "cpu_percent": 0.0, "event": "heartbeat", "timestamp": "2025-09-18T17:24:22.792367Z", "run_id": "RUN123", "level": "info"}
{"alive": true, "rss_mb": 68.5, "cpu_percent": 0.0, "event": "heartbeat", "timestamp": "2025-09-18T17:25:22.795699Z", "run_id": "RUN123", "level": "info"}
Running job "task_wrapper (trigger: interval[0:31:01.155603], next run at: 2025-09-18 19:57:02 CEST)" (scheduled at 2025-09-18 19:26:01.334386+02:00)
{"task": "onchain_hashrate", "ts": "2025-09-18T17:26:01.337536Z", "event": "task_start", "timestamp": "2025-09-18T17:26:01.337536Z", "run_id": "RUN123", "level": "info"}
HTTP Request: GET https://api.blockchain.info/q/hashrate "HTTP/1.1 200 OK"
{"symbol": "BTC", "source": "blockchain.info", "event": "onchain_success", "timestamp": "2025-09-18T17:26:01.946374Z", "run_id": "RUN123", "level": "info"}
{"task": "onchain_hashrate", "event": "task_ok", "timestamp": "2025-09-18T17:26:01.947387Z", "run_id": "RUN123", "level": "info"}
{"task": "onchain_hashrate", "duration": 0.609851, "event": "task_end", "timestamp": "2025-09-18T17:26:01.947387Z", "run_id": "RUN123", "level": "info"}
Job "task_wrapper (trigger: interval[0:31:01.155603], next run at: 2025-09-18 19:57:02 CEST)" executed successfully
Running job "task_wrapper (trigger: interval[0:05:00.485919], next run at: 2025-09-18 19:31:08 CEST)" (scheduled at 2025-09-18 19:26:08.095612+02:00)
{"task": "derivatives_oi", "ts": "2025-09-18T17:26:08.104188Z", "event": "task_start", "timestamp": "2025-09-18T17:26:08.104188Z", "run_id": "RUN123", "level": "info"}
{"symbol": "BTCUSDT", "event": "deriv_cache_hit", "timestamp": "2025-09-18T17:26:08.105196Z", "run_id": "RUN123", "level": "info"}
{"task": "derivatives_oi", "event": "task_ok", "timestamp": "2025-09-18T17:26:08.106199Z", "run_id": "RUN123", "level": "info"}
{"task": "derivatives_oi", "duration": 0.002011, "event": "task_end", "timestamp": "2025-09-18T17:26:08.106199Z", "run_id": "RUN123", "level": "info"}
Job "task_wrapper (trigger: interval[0:05:00.485919], next run at: 2025-09-18 19:31:08 CEST)" executed successfully
{"alive": true, "rss_mb": 68.6, "cpu_percent": 0.0, "event": "heartbeat", "timestamp": "2025-09-18T17:26:22.809843Z", "run_id": "RUN123", "level": "info"}
Running job "task_wrapper (trigger: interval[0:05:03.429341], next run at: 2025-09-18 19:32:01 CEST)" (scheduled at 2025-09-18 19:26:57.622035+02:00)
{"task": "derivatives_lsr", "ts": "2025-09-18T17:26:57.625599Z", "event": "task_start", "timestamp": "2025-09-18T17:26:57.625599Z", "run_id": "RUN123", "level": "info"}
HTTP Request: GET https://api.bybit.com/v5/market/account-ratio?category=linear&symbol=BTCUSDT&period=5min "HTTP/1.1 200 OK"
{"symbol": "BTCUSDT", "metric": "long_short_ratio", "source": "bybit", "event": "deriv_success", "timestamp": "2025-09-18T17:26:58.357034Z", "run_id": "RUN123", "level": "info"}
{"task": "derivatives_lsr", "event": "task_ok", "timestamp": "2025-09-18T17:26:58.359029Z", "run_id": "RUN123", "level": "info"}
{"task": "derivatives_lsr", "duration": 0.73343, "event": "task_end", "timestamp": "2025-09-18T17:26:58.359029Z", "run_id": "RUN123", "level": "info"}
Job "task_wrapper (trigger: interval[0:05:03.429341], next run at: 2025-09-18 19:32:01 CEST)" executed successfully
{"alive": true, "rss_mb": 68.9, "cpu_percent": 0.0, "event": "heartbeat", "timestamp": "2025-09-18T17:27:22.828262Z", "run_id": "RUN123", "level": "info"}
Running job "task_wrapper (trigger: interval[0:05:03.685195], next run at: 2025-09-18 19:32:57 CEST)" (scheduled at 2025-09-18 19:27:54.155772+02:00)
{"task": "macro", "ts": "2025-09-18T17:27:54.161982Z", "event": "task_start", "timestamp": "2025-09-18T17:27:54.161982Z", "run_id": "RUN123", "level": "info"}
HTTP Request: GET https://api.coingecko.com/api/v3/coins/bitcoin "HTTP/1.1 200 OK"
{"symbol": "bitcoin", "source": "coingecko", "event": "macro_success", "timestamp": "2025-09-18T17:27:54.796075Z", "run_id": "RUN123", "level": "info"}
{"task": "macro", "event": "task_ok", "timestamp": "2025-09-18T17:27:54.798069Z", "run_id": "RUN123", "level": "info"}
{"task": "macro", "duration": 0.637107, "event": "task_end", "timestamp": "2025-09-18T17:27:54.799089Z", "run_id": "RUN123", "level": "info"}
Job "task_wrapper (trigger: interval[0:05:03.685195], next run at: 2025-09-18 19:32:57 CEST)" executed successfully
{"alive": true, "rss_mb": 69.4, "cpu_percent": 0.0, "event": "heartbeat", "timestamp": "2025-09-18T17:28:22.842873Z", "run_id": "RUN123", "level": "info"}
Running job "task_wrapper (trigger: interval[0:31:05.669810], next run at: 2025-09-18 19:59:49 CEST)" (scheduled at 2025-09-18 19:28:43.846837+02:00)
{"task": "onchain_sopr", "ts": "2025-09-18T17:28:43.855965Z", "event": "task_start", "timestamp": "2025-09-18T17:28:43.855965Z", "run_id": "RUN123", "level": "info"}
HTTP Request: GET https://bitcoin-data.com/v1/sopr/csv "HTTP/1.1 200 "
{"symbol": "BTC", "source": "bitcoin-data.com", "event": "onchain_success", "timestamp": "2025-09-18T17:28:44.762532Z", "run_id": "RUN123", "level": "info"}
{"task": "onchain_sopr", "event": "task_ok", "timestamp": "2025-09-18T17:28:44.764547Z", "run_id": "RUN123", "level": "info"}
{"task": "onchain_sopr", "duration": 0.908582, "event": "task_end", "timestamp": "2025-09-18T17:28:44.764547Z", "run_id": "RUN123", "level": "info"}
Job "task_wrapper (trigger: interval[0:31:05.669810], next run at: 2025-09-18 19:59:49 CEST)" executed successfully
{"alive": true, "rss_mb": 70.7, "cpu_percent": 0.0, "event": "heartbeat", "timestamp": "2025-09-18T17:29:22.848894Z", "run_id": "RUN123", "level": "info"}
{"alive": true, "rss_mb": 70.7, "cpu_percent": 0.0, "event": "heartbeat", "timestamp": "2025-09-18T17:30:22.854850Z", "run_id": "RUN123", "level": "info"}
Running job "task_wrapper (trigger: interval[0:05:00.485919], next run at: 2025-09-18 19:36:09 CEST)" (scheduled at 2025-09-18 19:31:08.581531+02:00)
{"task": "derivatives_oi", "ts": "2025-09-18T17:31:08.592700Z", "event": "task_start", "timestamp": "2025-09-18T17:31:08.592700Z", "run_id": "RUN123", "level": "info"}
{"symbol": "BTCUSDT", "event": "deriv_cache_hit", "timestamp": "2025-09-18T17:31:08.593705Z", "run_id": "RUN123", "level": "info"}
{"task": "derivatives_oi", "event": "task_ok", "timestamp": "2025-09-18T17:31:08.593705Z", "run_id": "RUN123", "level": "info"}
{"task": "derivatives_oi", "duration": 0.001985, "event": "task_end", "timestamp": "2025-09-18T17:31:08.594685Z", "run_id": "RUN123", "level": "info"}
Job "task_wrapper (trigger: interval[0:05:00.485919], next run at: 2025-09-18 19:36:09 CEST)" executed successfully
{"alive": true, "rss_mb": 70.7, "cpu_percent": 0.0, "event": "heartbeat", "timestamp": "2025-09-18T17:31:22.864580Z", "run_id": "RUN123", "level": "info"}
Running job "task_wrapper (trigger: interval[0:30:20.099607], next run at: 2025-09-18 20:02:03 CEST)" (scheduled at 2025-09-18 19:31:43.416133+02:00)
{"task": "onchain_tx", "ts": "2025-09-18T17:31:43.429067Z", "event": "task_start", "timestamp": "2025-09-18T17:31:43.429067Z", "run_id": "RUN123", "level": "info"}
HTTP Request: GET https://api.blockchain.info/q/getblockcount "HTTP/1.1 200 OK"
{"symbol": "BTC", "source": "blockchain.info", "event": "onchain_success", "timestamp": "2025-09-18T17:31:44.028687Z", "run_id": "RUN123", "level": "info"}
{"task": "onchain_tx", "event": "task_ok", "timestamp": "2025-09-18T17:31:44.028687Z", "run_id": "RUN123", "level": "info"}
{"task": "onchain_tx", "duration": 0.600599, "event": "task_end", "timestamp": "2025-09-18T17:31:44.029666Z", "run_id": "RUN123", "level": "info"}
Job "task_wrapper (trigger: interval[0:30:20.099607], next run at: 2025-09-18 20:02:03 CEST)" executed successfully
Running job "task_wrapper (trigger: interval[0:05:03.429341], next run at: 2025-09-18 19:37:04 CEST)" (scheduled at 2025-09-18 19:32:01.051376+02:00)
{"task": "derivatives_lsr", "ts": "2025-09-18T17:32:01.055785Z", "event": "task_start", "timestamp": "2025-09-18T17:32:01.055785Z", "run_id": "RUN123", "level": "info"}
HTTP Request: GET https://api.bybit.com/v5/market/account-ratio?category=linear&symbol=BTCUSDT&period=5min "HTTP/1.1 200 OK"
{"symbol": "BTCUSDT", "metric": "long_short_ratio", "source": "bybit", "event": "deriv_success", "timestamp": "2025-09-18T17:32:01.759004Z", "run_id": "RUN123", "level": "info"}
{"task": "derivatives_lsr", "event": "task_ok", "timestamp": "2025-09-18T17:32:01.759984Z", "run_id": "RUN123", "level": "info"}
{"task": "derivatives_lsr", "duration": 0.704199, "event": "task_end", "timestamp": "2025-09-18T17:32:01.759984Z", "run_id": "RUN123", "level": "info"}
Job "task_wrapper (trigger: interval[0:05:03.429341], next run at: 2025-09-18 19:37:04 CEST)" executed successfully
{"alive": true, "rss_mb": 70.8, "cpu_percent": 0.0, "event": "heartbeat", "timestamp": "2025-09-18T17:32:22.867675Z", "run_id": "RUN123", "level": "info"}
Running job "task_wrapper (trigger: interval[0:05:03.685195], next run at: 2025-09-18 19:38:01 CEST)" (scheduled at 2025-09-18 19:32:57.840967+02:00)
{"task": "macro", "ts": "2025-09-18T17:32:57.857718Z", "event": "task_start", "timestamp": "2025-09-18T17:32:57.857718Z", "run_id": "RUN123", "level": "info"}
HTTP Request: GET https://api.coingecko.com/api/v3/coins/bitcoin "HTTP/1.1 200 OK"
{"symbol": "bitcoin", "source": "coingecko", "event": "macro_success", "timestamp": "2025-09-18T17:32:58.502016Z", "run_id": "RUN123", "level": "info"}
{"task": "macro", "event": "task_ok", "timestamp": "2025-09-18T17:32:58.504053Z", "run_id": "RUN123", "level": "info"}
{"task": "macro", "duration": 0.646335, "event": "task_end", "timestamp": "2025-09-18T17:32:58.504053Z", "run_id": "RUN123", "level": "info"}
Job "task_wrapper (trigger: interval[0:05:03.685195], next run at: 2025-09-18 19:38:01 CEST)" executed successfully
{"alive": true, "rss_mb": 71.1, "cpu_percent": 0.0, "event": "heartbeat", "timestamp": "2025-09-18T17:33:22.870169Z", "run_id": "RUN123", "level": "info"}
{"alive": true, "rss_mb": 71.1, "cpu_percent": 0.0, "event": "heartbeat", "timestamp": "2025-09-18T17:34:22.885129Z", "run_id": "RUN123", "level": "info"}
{"alive": true, "rss_mb": 71.1, "cpu_percent": 0.0, "event": "heartbeat", "timestamp": "2025-09-18T17:35:22.917422Z", "run_id": "RUN123", "level": "info"}
Running job "task_wrapper (trigger: interval[0:15:38.637530], next run at: 2025-09-18 19:51:20 CEST)" (scheduled at 2025-09-18 19:35:41.631833+02:00)
{"task": "defillama", "ts": "2025-09-18T17:35:41.642559Z", "event": "task_start", "timestamp": "2025-09-18T17:35:41.642559Z", "run_id": "RUN123", "level": "info"}
{"chain": "ethereum", "event": "defillama_cache_hit", "timestamp": "2025-09-18T17:35:41.643540Z", "run_id": "RUN123", "level": "info"}
{"task": "defillama", "event": "task_ok", "timestamp": "2025-09-18T17:35:41.643540Z", "run_id": "RUN123", "level": "info"}
{"task": "defillama", "duration": 0.000981, "event": "task_end", "timestamp": "2025-09-18T17:35:41.643540Z", "run_id": "RUN123", "level": "info"}
Job "task_wrapper (trigger: interval[0:15:38.637530], next run at: 2025-09-18 19:51:20 CEST)" executed successfully
Running job "task_wrapper (trigger: interval[0:05:00.485919], next run at: 2025-09-18 19:41:09 CEST)" (scheduled at 2025-09-18 19:36:09.067450+02:00)
{"task": "derivatives_oi", "ts": "2025-09-18T17:36:09.076291Z", "event": "task_start", "timestamp": "2025-09-18T17:36:09.076291Z", "run_id": "RUN123", "level": "info"}
{"symbol": "BTCUSDT", "event": "deriv_cache_hit", "timestamp": "2025-09-18T17:36:09.077292Z", "run_id": "RUN123", "level": "info"}
{"task": "derivatives_oi", "event": "task_ok", "timestamp": "2025-09-18T17:36:09.077292Z", "run_id": "RUN123", "level": "info"}
{"task": "derivatives_oi", "duration": 0.001998, "event": "task_end", "timestamp": "2025-09-18T17:36:09.078289Z", "run_id": "RUN123", "level": "info"}
Job "task_wrapper (trigger: interval[0:05:00.485919], next run at: 2025-09-18 19:41:09 CEST)" executed successfully
{"alive": true, "rss_mb": 71.1, "cpu_percent": 0.0, "event": "heartbeat", "timestamp": "2025-09-18T17:36:22.939978Z", "run_id": "RUN123", "level": "info"}
Running job "task_wrapper (trigger: interval[0:05:03.429341], next run at: 2025-09-18 19:42:07 CEST)" (scheduled at 2025-09-18 19:37:04.480717+02:00)
{"task": "derivatives_lsr", "ts": "2025-09-18T17:37:04.492208Z", "event": "task_start", "timestamp": "2025-09-18T17:37:04.492208Z", "run_id": "RUN123", "level": "info"}
HTTP Request: GET https://api.bybit.com/v5/market/account-ratio?category=linear&symbol=BTCUSDT&period=5min "HTTP/1.1 200 OK"
{"symbol": "BTCUSDT", "metric": "long_short_ratio", "source": "bybit", "event": "deriv_success", "timestamp": "2025-09-18T17:37:05.285727Z", "run_id": "RUN123", "level": "info"}
{"task": "derivatives_lsr", "event": "task_ok", "timestamp": "2025-09-18T17:37:05.286747Z", "run_id": "RUN123", "level": "info"}
{"task": "derivatives_lsr", "duration": 0.795527, "event": "task_end", "timestamp": "2025-09-18T17:37:05.287735Z", "run_id": "RUN123", "level": "info"}
Job "task_wrapper (trigger: interval[0:05:03.429341], next run at: 2025-09-18 19:42:07 CEST)" executed successfully
{"alive": true, "rss_mb": 71.2, "cpu_percent": 0.0, "event": "heartbeat", "timestamp": "2025-09-18T17:37:22.941733Z", "run_id": "RUN123", "level": "info"}
Running job "task_wrapper (trigger: interval[0:05:03.685195], next run at: 2025-09-18 19:43:05 CEST)" (scheduled at 2025-09-18 19:38:01.526162+02:00)
{"task": "macro", "ts": "2025-09-18T17:38:01.528978Z", "event": "task_start", "timestamp": "2025-09-18T17:38:01.528978Z", "run_id": "RUN123", "level": "info"}
HTTP Request: GET https://api.coingecko.com/api/v3/coins/bitcoin "HTTP/1.1 200 OK"
{"symbol": "bitcoin", "source": "coingecko", "event": "macro_success", "timestamp": "2025-09-18T17:38:02.086827Z", "run_id": "RUN123", "level": "info"}
{"task": "macro", "event": "task_ok", "timestamp": "2025-09-18T17:38:02.087716Z", "run_id": "RUN123", "level": "info"}
{"task": "macro", "duration": 0.559969, "event": "task_end", "timestamp": "2025-09-18T17:38:02.088947Z", "run_id": "RUN123", "level": "info"}
Job "task_wrapper (trigger: interval[0:05:03.685195], next run at: 2025-09-18 19:43:05 CEST)" executed successfully
{"alive": true, "rss_mb": 71.2, "cpu_percent": 0.0, "event": "heartbeat", "timestamp": "2025-09-18T17:38:22.934377Z", "run_id": "RUN123", "level": "info"}
{"alive": true, "rss_mb": 71.2, "cpu_percent": 0.0, "event": "heartbeat", "timestamp": "2025-09-18T17:39:22.952032Z", "run_id": "RUN123", "level": "info"}
{"alive": true, "rss_mb": 71.2, "cpu_percent": 0.0, "event": "heartbeat", "timestamp": "2025-09-18T17:40:22.964552Z", "run_id": "RUN123", "level": "info"}
Running job "task_wrapper (trigger: interval[0:05:00.485919], next run at: 2025-09-18 19:46:10 CEST)" (scheduled at 2025-09-18 19:41:09.553369+02:00)
{"task": "derivatives_oi", "ts": "2025-09-18T17:41:09.559059Z", "event": "task_start", "timestamp": "2025-09-18T17:41:09.559059Z", "run_id": "RUN123", "level": "info"}
{"symbol": "BTCUSDT", "event": "deriv_cache_hit", "timestamp": "2025-09-18T17:41:09.560060Z", "run_id": "RUN123", "level": "info"}
{"task": "derivatives_oi", "event": "task_ok", "timestamp": "2025-09-18T17:41:09.561062Z", "run_id": "RUN123", "level": "info"}
{"task": "derivatives_oi", "duration": 0.002003, "event": "task_end", "timestamp": "2025-09-18T17:41:09.561062Z", "run_id": "RUN123", "level": "info"}
Job "task_wrapper (trigger: interval[0:05:00.485919], next run at: 2025-09-18 19:46:10 CEST)" executed successfully
{"alive": true, "rss_mb": 71.2, "cpu_percent": 0.0, "event": "heartbeat", "timestamp": "2025-09-18T17:41:22.990349Z", "run_id": "RUN123", "level": "info"}
Running job "task_wrapper (trigger: interval[0:05:03.429341], next run at: 2025-09-18 19:47:11 CEST)" (scheduled at 2025-09-18 19:42:07.910058+02:00)
{"task": "derivatives_lsr", "ts": "2025-09-18T17:42:07.925293Z", "event": "task_start", "timestamp": "2025-09-18T17:42:07.925293Z", "run_id": "RUN123", "level": "info"}
HTTP Request: GET https://api.bybit.com/v5/market/account-ratio?category=linear&symbol=BTCUSDT&period=5min "HTTP/1.1 200 OK"
{"symbol": "BTCUSDT", "metric": "long_short_ratio", "source": "bybit", "event": "deriv_success", "timestamp": "2025-09-18T17:42:08.640689Z", "run_id": "RUN123", "level": "info"}
{"task": "derivatives_lsr", "event": "task_ok", "timestamp": "2025-09-18T17:42:08.641685Z", "run_id": "RUN123", "level": "info"}
{"task": "derivatives_lsr", "duration": 0.716392, "event": "task_end", "timestamp": "2025-09-18T17:42:08.641685Z", "run_id": "RUN123", "level": "info"}
Job "task_wrapper (trigger: interval[0:05:03.429341], next run at: 2025-09-18 19:47:11 CEST)" executed successfully
{"alive": true, "rss_mb": 71.2, "cpu_percent": 0.0, "event": "heartbeat", "timestamp": "2025-09-18T17:42:23.007867Z", "run_id": "RUN123", "level": "info"}
Running job "task_wrapper (trigger: interval[0:05:03.685195], next run at: 2025-09-18 19:48:08 CEST)" (scheduled at 2025-09-18 19:43:05.211357+02:00)
{"task": "macro", "ts": "2025-09-18T17:43:05.233454Z", "event": "task_start", "timestamp": "2025-09-18T17:43:05.233454Z", "run_id": "RUN123", "level": "info"}
HTTP Request: GET https://api.coingecko.com/api/v3/coins/bitcoin "HTTP/1.1 200 OK"
{"symbol": "bitcoin", "source": "coingecko", "event": "macro_success", "timestamp": "2025-09-18T17:43:05.819389Z", "run_id": "RUN123", "level": "info"}
{"task": "macro", "event": "task_ok", "timestamp": "2025-09-18T17:43:05.823391Z", "run_id": "RUN123", "level": "info"}
{"task": "macro", "duration": 0.589937, "event": "task_end", "timestamp": "2025-09-18T17:43:05.823391Z", "run_id": "RUN123", "level": "info"}
Job "task_wrapper (trigger: interval[0:05:03.685195], next run at: 2025-09-18 19:48:08 CEST)" executed successfully
{"alive": true, "rss_mb": 71.3, "cpu_percent": 0.0, "event": "heartbeat", "timestamp": "2025-09-18T17:43:23.006800Z", "run_id": "RUN123", "level": "info"}
{"alive": true, "rss_mb": 71.3, "cpu_percent": 0.0, "event": "heartbeat", "timestamp": "2025-09-18T17:44:23.015082Z", "run_id": "RUN123", "level": "info"}
{"alive": true, "rss_mb": 71.3, "cpu_percent": 0.0, "event": "heartbeat", "timestamp": "2025-09-18T17:45:23.017400Z", "run_id": "RUN123", "level": "info"}
Running job "task_wrapper (trigger: interval[0:05:00.485919], next run at: 2025-09-18 19:51:10 CEST)" (scheduled at 2025-09-18 19:46:10.039288+02:00)
{"task": "derivatives_oi", "ts": "2025-09-18T17:46:10.053752Z", "event": "task_start", "timestamp": "2025-09-18T17:46:10.053752Z", "run_id": "RUN123", "level": "info"}
{"symbol": "BTCUSDT", "event": "deriv_cache_hit", "timestamp": "2025-09-18T17:46:10.054753Z", "run_id": "RUN123", "level": "info"}
{"task": "derivatives_oi", "event": "task_ok", "timestamp": "2025-09-18T17:46:10.055749Z", "run_id": "RUN123", "level": "info"}
{"task": "derivatives_oi", "duration": 0.001997, "event": "task_end", "timestamp": "2025-09-18T17:46:10.055749Z", "run_id": "RUN123", "level": "info"}
Job "task_wrapper (trigger: interval[0:05:00.485919], next run at: 2025-09-18 19:51:10 CEST)" executed successfully
{"alive": true, "rss_mb": 71.3, "cpu_percent": 0.0, "event": "heartbeat", "timestamp": "2025-09-18T17:46:23.032128Z", "run_id": "RUN123", "level": "info"}
Running job "task_wrapper (trigger: interval[0:05:03.429341], next run at: 2025-09-18 19:52:14 CEST)" (scheduled at 2025-09-18 19:47:11.339399+02:00)
{"task": "derivatives_lsr", "ts": "2025-09-18T17:47:11.342971Z", "event": "task_start", "timestamp": "2025-09-18T17:47:11.342971Z", "run_id": "RUN123", "level": "info"}
HTTP Request: GET https://api.bybit.com/v5/market/account-ratio?category=linear&symbol=BTCUSDT&period=5min "HTTP/1.1 200 OK"
{"symbol": "BTCUSDT", "metric": "long_short_ratio", "source": "bybit", "event": "deriv_success", "timestamp": "2025-09-18T17:47:12.063878Z", "run_id": "RUN123", "level": "info"}
{"task": "derivatives_lsr", "event": "task_ok", "timestamp": "2025-09-18T17:47:12.065041Z", "run_id": "RUN123", "level": "info"}
{"task": "derivatives_lsr", "duration": 0.723081, "event": "task_end", "timestamp": "2025-09-18T17:47:12.066052Z", "run_id": "RUN123", "level": "info"}
Job "task_wrapper (trigger: interval[0:05:03.429341], next run at: 2025-09-18 19:52:14 CEST)" executed successfully
{"alive": true, "rss_mb": 71.3, "cpu_percent": 0.0, "event": "heartbeat", "timestamp": "2025-09-18T17:47:23.028129Z", "run_id": "RUN123", "level": "info"}
Running job "task_wrapper (trigger: interval[0:05:03.685195], next run at: 2025-09-18 19:53:12 CEST)" (scheduled at 2025-09-18 19:48:08.896552+02:00)
{"task": "macro", "ts": "2025-09-18T17:48:08.904200Z", "event": "task_start", "timestamp": "2025-09-18T17:48:08.904200Z", "run_id": "RUN123", "level": "info"}
HTTP Request: GET https://api.coingecko.com/api/v3/coins/bitcoin "HTTP/1.1 200 OK"
{"symbol": "bitcoin", "source": "coingecko", "event": "macro_success", "timestamp": "2025-09-18T17:48:09.491128Z", "run_id": "RUN123", "level": "info"}
{"task": "macro", "event": "task_ok", "timestamp": "2025-09-18T17:48:09.493124Z", "run_id": "RUN123", "level": "info"}
{"task": "macro", "duration": 0.589902, "event": "task_end", "timestamp": "2025-09-18T17:48:09.494102Z", "run_id": "RUN123", "level": "info"}
Job "task_wrapper (trigger: interval[0:05:03.685195], next run at: 2025-09-18 19:53:12 CEST)" executed successfully
{"alive": true, "rss_mb": 68.4, "cpu_percent": 0.0, "event": "heartbeat", "timestamp": "2025-09-18T17:48:23.040501Z", "run_id": "RUN123", "level": "info"}
{"alive": true, "rss_mb": 68.4, "cpu_percent": 0.0, "event": "heartbeat", "timestamp": "2025-09-18T17:49:23.046497Z", "run_id": "RUN123", "level": "info"}
{"alive": true, "rss_mb": 68.4, "cpu_percent": 0.0, "event": "heartbeat", "timestamp": "2025-09-18T17:50:23.068268Z", "run_id": "RUN123", "level": "info"}
Running job "task_wrapper (trigger: interval[0:05:00.485919], next run at: 2025-09-18 19:56:11 CEST)" (scheduled at 2025-09-18 19:51:10.525207+02:00)
{"task": "derivatives_oi", "ts": "2025-09-18T17:51:10.542495Z", "event": "task_start", "timestamp": "2025-09-18T17:51:10.542495Z", "run_id": "RUN123", "level": "info"}
{"symbol": "BTCUSDT", "event": "deriv_cache_hit", "timestamp": "2025-09-18T17:51:10.543479Z", "run_id": "RUN123", "level": "info"}
{"task": "derivatives_oi", "event": "task_ok", "timestamp": "2025-09-18T17:51:10.544203Z", "run_id": "RUN123", "level": "info"}
{"task": "derivatives_oi", "duration": 0.001708, "event": "task_end", "timestamp": "2025-09-18T17:51:10.544203Z", "run_id": "RUN123", "level": "info"}
Job "task_wrapper (trigger: interval[0:05:00.485919], next run at: 2025-09-18 19:56:11 CEST)" executed successfully
Running job "task_wrapper (trigger: interval[0:15:38.637530], next run at: 2025-09-18 20:06:58 CEST)" (scheduled at 2025-09-18 19:51:20.269363+02:00)
{"task": "defillama", "ts": "2025-09-18T17:51:20.281308Z", "event": "task_start", "timestamp": "2025-09-18T17:51:20.281308Z", "run_id": "RUN123", "level": "info"}
{"chain": "ethereum", "event": "defillama_cache_hit", "timestamp": "2025-09-18T17:51:20.282304Z", "run_id": "RUN123", "level": "info"}
{"task": "defillama", "event": "task_ok", "timestamp": "2025-09-18T17:51:20.283306Z", "run_id": "RUN123", "level": "info"}
{"task": "defillama", "duration": 0.001998, "event": "task_end", "timestamp": "2025-09-18T17:51:20.283306Z", "run_id": "RUN123", "level": "info"}
Job "task_wrapper (trigger: interval[0:15:38.637530], next run at: 2025-09-18 20:06:58 CEST)" executed successfully
{"alive": true, "rss_mb": 68.4, "cpu_percent": 0.0, "event": "heartbeat", "timestamp": "2025-09-18T17:51:23.076351Z", "run_id": "RUN123", "level": "info"}
Running job "task_wrapper (trigger: interval[0:05:03.429341], next run at: 2025-09-18 19:57:18 CEST)" (scheduled at 2025-09-18 19:52:14.768740+02:00)
{"task": "derivatives_lsr", "ts": "2025-09-18T17:52:14.779464Z", "event": "task_start", "timestamp": "2025-09-18T17:52:14.779464Z", "run_id": "RUN123", "level": "info"}
HTTP Request: GET https://api.bybit.com/v5/market/account-ratio?category=linear&symbol=BTCUSDT&period=5min "HTTP/1.1 200 OK"
{"symbol": "BTCUSDT", "metric": "long_short_ratio", "source": "bybit", "event": "deriv_success", "timestamp": "2025-09-18T17:52:15.516037Z", "run_id": "RUN123", "level": "info"}
{"task": "derivatives_lsr", "event": "task_ok", "timestamp": "2025-09-18T17:52:15.517048Z", "run_id": "RUN123", "level": "info"}
{"task": "derivatives_lsr", "duration": 0.738572, "event": "task_end", "timestamp": "2025-09-18T17:52:15.518036Z", "run_id": "RUN123", "level": "info"}
Job "task_wrapper (trigger: interval[0:05:03.429341], next run at: 2025-09-18 19:57:18 CEST)" executed successfully
{"alive": true, "rss_mb": 68.5, "cpu_percent": 0.0, "event": "heartbeat", "timestamp": "2025-09-18T17:52:23.094513Z", "run_id": "RUN123", "level": "info"}
Running job "task_wrapper (trigger: interval[0:05:03.685195], next run at: 2025-09-18 19:58:16 CEST)" (scheduled at 2025-09-18 19:53:12.581747+02:00)
{"task": "macro", "ts": "2025-09-18T17:53:12.590464Z", "event": "task_start", "timestamp": "2025-09-18T17:53:12.590464Z", "run_id": "RUN123", "level": "info"}
HTTP Request: GET https://api.coingecko.com/api/v3/coins/bitcoin "HTTP/1.1 200 OK"
{"symbol": "bitcoin", "source": "coingecko", "event": "macro_success", "timestamp": "2025-09-18T17:53:13.261345Z", "run_id": "RUN123", "level": "info"}
{"task": "macro", "event": "task_ok", "timestamp": "2025-09-18T17:53:13.263350Z", "run_id": "RUN123", "level": "info"}
{"task": "macro", "duration": 0.672886, "event": "task_end", "timestamp": "2025-09-18T17:53:13.263350Z", "run_id": "RUN123", "level": "info"}
Job "task_wrapper (trigger: interval[0:05:03.685195], next run at: 2025-09-18 19:58:16 CEST)" executed successfully
Running job "task_wrapper (trigger: interval[1:00:12.398608], next run at: 2025-09-18 20:53:27 CEST)" (scheduled at 2025-09-18 19:53:15.312229+02:00)
{"task": "sentiment_fg", "ts": "2025-09-18T17:53:15.325474Z", "event": "task_start", "timestamp": "2025-09-18T17:53:15.325474Z", "run_id": "RUN123", "level": "info"}
{"metric": "fear_greed", "event": "sentiment_cache_hit", "timestamp": "2025-09-18T17:53:15.326474Z", "run_id": "RUN123", "level": "info"}
{"task": "sentiment_fg", "event": "task_ok", "timestamp": "2025-09-18T17:53:15.327474Z", "run_id": "RUN123", "level": "info"}
{"task": "sentiment_fg", "duration": 0.002, "event": "task_end", "timestamp": "2025-09-18T17:53:15.327474Z", "run_id": "RUN123", "level": "info"}
Job "task_wrapper (trigger: interval[1:00:12.398608], next run at: 2025-09-18 20:53:27 CEST)" executed successfully
{"alive": true, "rss_mb": 68.9, "cpu_percent": 0.0, "event": "heartbeat", "timestamp": "2025-09-18T17:53:23.100676Z", "run_id": "RUN123", "level": "info"}
{"alive": true, "rss_mb": 68.9, "cpu_percent": 0.0, "event": "heartbeat", "timestamp": "2025-09-18T17:54:23.105575Z", "run_id": "RUN123", "level": "info"}
{"alive": true, "rss_mb": 68.9, "cpu_percent": 0.0, "event": "heartbeat", "timestamp": "2025-09-18T17:55:23.121509Z", "run_id": "RUN123", "level": "info"}
Running job "task_wrapper (trigger: interval[0:05:00.485919], next run at: 2025-09-18 20:01:11 CEST)" (scheduled at 2025-09-18 19:56:11.011126+02:00)
{"task": "derivatives_oi", "ts": "2025-09-18T17:56:11.018692Z", "event": "task_start", "timestamp": "2025-09-18T17:56:11.018692Z", "run_id": "RUN123", "level": "info"}
{"symbol": "BTCUSDT", "event": "deriv_cache_hit", "timestamp": "2025-09-18T17:56:11.018692Z", "run_id": "RUN123", "level": "info"}
{"task": "derivatives_oi", "event": "task_ok", "timestamp": "2025-09-18T17:56:11.019692Z", "run_id": "RUN123", "level": "info"}
{"task": "derivatives_oi", "duration": 0.001, "event": "task_end", "timestamp": "2025-09-18T17:56:11.019692Z", "run_id": "RUN123", "level": "info"}
Job "task_wrapper (trigger: interval[0:05:00.485919], next run at: 2025-09-18 20:01:11 CEST)" executed successfully
{"alive": true, "rss_mb": 68.9, "cpu_percent": 0.0, "event": "heartbeat", "timestamp": "2025-09-18T17:56:23.151076Z", "run_id": "RUN123", "level": "info"}
Running job "task_wrapper (trigger: interval[0:31:01.155603], next run at: 2025-09-18 20:28:03 CEST)" (scheduled at 2025-09-18 19:57:02.489989+02:00)
{"task": "onchain_hashrate", "ts": "2025-09-18T17:57:02.500276Z", "event": "task_start", "timestamp": "2025-09-18T17:57:02.500276Z", "run_id": "RUN123", "level": "info"}
HTTP Request: GET https://api.blockchain.info/q/hashrate "HTTP/1.1 200 OK"
{"symbol": "BTC", "source": "blockchain.info", "event": "onchain_success", "timestamp": "2025-09-18T17:57:03.110318Z", "run_id": "RUN123", "level": "info"}
{"task": "onchain_hashrate", "event": "task_ok", "timestamp": "2025-09-18T17:57:03.111331Z", "run_id": "RUN123", "level": "info"}
{"task": "onchain_hashrate", "duration": 0.612039, "event": "task_end", "timestamp": "2025-09-18T17:57:03.112315Z", "run_id": "RUN123", "level": "info"}
Job "task_wrapper (trigger: interval[0:31:01.155603], next run at: 2025-09-18 20:28:03 CEST)" executed successfully
Running job "task_wrapper (trigger: interval[0:05:03.429341], next run at: 2025-09-18 20:02:21 CEST)" (scheduled at 2025-09-18 19:57:18.198081+02:00)
{"task": "derivatives_lsr", "ts": "2025-09-18T17:57:18.215513Z", "event": "task_start", "timestamp": "2025-09-18T17:57:18.215513Z", "run_id": "RUN123", "level": "info"}
HTTP Request: GET https://api.bybit.com/v5/market/account-ratio?category=linear&symbol=BTCUSDT&period=5min "HTTP/1.1 200 OK"
{"symbol": "BTCUSDT", "metric": "long_short_ratio", "source": "bybit", "event": "deriv_success", "timestamp": "2025-09-18T17:57:18.941710Z", "run_id": "RUN123", "level": "info"}
{"task": "derivatives_lsr", "event": "task_ok", "timestamp": "2025-09-18T17:57:18.942693Z", "run_id": "RUN123", "level": "info"}
{"task": "derivatives_lsr", "duration": 0.72718, "event": "task_end", "timestamp": "2025-09-18T17:57:18.942693Z", "run_id": "RUN123", "level": "info"}
Job "task_wrapper (trigger: interval[0:05:03.429341], next run at: 2025-09-18 20:02:21 CEST)" executed successfully
{"alive": true, "rss_mb": 69.0, "cpu_percent": 0.0, "event": "heartbeat", "timestamp": "2025-09-18T17:57:23.181334Z", "run_id": "RUN123", "level": "info"}
Running job "task_wrapper (trigger: interval[0:05:03.685195], next run at: 2025-09-18 20:03:19 CEST)" (scheduled at 2025-09-18 19:58:16.266942+02:00)
{"task": "macro", "ts": "2025-09-18T17:58:16.280644Z", "event": "task_start", "timestamp": "2025-09-18T17:58:16.280644Z", "run_id": "RUN123", "level": "info"}
HTTP Request: GET https://api.coingecko.com/api/v3/coins/bitcoin "HTTP/1.1 200 OK"
{"symbol": "bitcoin", "source": "coingecko", "event": "macro_success", "timestamp": "2025-09-18T17:58:17.089636Z", "run_id": "RUN123", "level": "info"}
{"task": "macro", "event": "task_ok", "timestamp": "2025-09-18T17:58:17.091641Z", "run_id": "RUN123", "level": "info"}
{"task": "macro", "duration": 0.811991, "event": "task_end", "timestamp": "2025-09-18T17:58:17.092635Z", "run_id": "RUN123", "level": "info"}
Job "task_wrapper (trigger: interval[0:05:03.685195], next run at: 2025-09-18 20:03:19 CEST)" executed successfully
{"alive": true, "rss_mb": 69.2, "cpu_percent": 0.0, "event": "heartbeat", "timestamp": "2025-09-18T17:58:23.212831Z", "run_id": "RUN123", "level": "info"}
{"alive": true, "rss_mb": 69.2, "cpu_percent": 0.0, "event": "heartbeat", "timestamp": "2025-09-18T17:59:23.213178Z", "run_id": "RUN123", "level": "info"}
Running job "task_wrapper (trigger: interval[0:31:05.669810], next run at: 2025-09-18 20:30:55 CEST)" (scheduled at 2025-09-18 19:59:49.516647+02:00)
{"task": "onchain_sopr", "ts": "2025-09-18T17:59:49.523076Z", "event": "task_start", "timestamp": "2025-09-18T17:59:49.523076Z", "run_id": "RUN123", "level": "info"}
{"symbol": "BTC", "event": "onchain_cache_hit", "timestamp": "2025-09-18T17:59:49.524066Z", "run_id": "RUN123", "level": "info"}
{"task": "onchain_sopr", "event": "task_ok", "timestamp": "2025-09-18T17:59:49.525067Z", "run_id": "RUN123", "level": "info"}
{"task": "onchain_sopr", "duration": 0.001991, "event": "task_end", "timestamp": "2025-09-18T17:59:49.525067Z", "run_id": "RUN123", "level": "info"}
Job "task_wrapper (trigger: interval[0:31:05.669810], next run at: 2025-09-18 20:30:55 CEST)" executed successfully
{"alive": true, "rss_mb": 69.2, "cpu_percent": 0.0, "event": "heartbeat", "timestamp": "2025-09-18T18:00:23.242810Z", "run_id": "RUN123", "level": "info"}
Running job "task_wrapper (trigger: interval[0:05:00.485919], next run at: 2025-09-18 20:06:11 CEST)" (scheduled at 2025-09-18 20:01:11.497045+02:00)
{"task": "derivatives_oi", "ts": "2025-09-18T18:01:11.511759Z", "event": "task_start", "timestamp": "2025-09-18T18:01:11.511759Z", "run_id": "RUN123", "level": "info"}
{"symbol": "BTCUSDT", "event": "deriv_cache_hit", "timestamp": "2025-09-18T18:01:11.512756Z", "run_id": "RUN123", "level": "info"}
{"task": "derivatives_oi", "event": "task_ok", "timestamp": "2025-09-18T18:01:11.513754Z", "run_id": "RUN123", "level": "info"}
{"task": "derivatives_oi", "duration": 0.001995, "event": "task_end", "timestamp": "2025-09-18T18:01:11.513754Z", "run_id": "RUN123", "level": "info"}
Job "task_wrapper (trigger: interval[0:05:00.485919], next run at: 2025-09-18 20:06:11 CEST)" executed successfully
{"alive": true, "rss_mb": 69.2, "cpu_percent": 0.0, "event": "heartbeat", "timestamp": "2025-09-18T18:01:23.247659Z", "run_id": "RUN123", "level": "info"}
Running job "task_wrapper (trigger: interval[0:30:20.099607], next run at: 2025-09-18 20:32:23 CEST)" (scheduled at 2025-09-18 20:02:03.515740+02:00)
{"task": "onchain_tx", "ts": "2025-09-18T18:02:03.532938Z", "event": "task_start", "timestamp": "2025-09-18T18:02:03.532938Z", "run_id": "RUN123", "level": "info"}
HTTP Request: GET https://api.blockchain.info/q/getblockcount "HTTP/1.1 200 OK"
{"symbol": "BTC", "source": "blockchain.info", "event": "onchain_success", "timestamp": "2025-09-18T18:02:04.123067Z", "run_id": "RUN123", "level": "info"}
{"task": "onchain_tx", "event": "task_ok", "timestamp": "2025-09-18T18:02:04.124054Z", "run_id": "RUN123", "level": "info"}
{"task": "onchain_tx", "duration": 0.592131, "event": "task_end", "timestamp": "2025-09-18T18:02:04.125069Z", "run_id": "RUN123", "level": "info"}
Job "task_wrapper (trigger: interval[0:30:20.099607], next run at: 2025-09-18 20:32:23 CEST)" executed successfully
Running job "task_wrapper (trigger: interval[0:05:03.429341], next run at: 2025-09-18 20:07:25 CEST)" (scheduled at 2025-09-18 20:02:21.627422+02:00)
{"task": "derivatives_lsr", "ts": "2025-09-18T18:02:21.636257Z", "event": "task_start", "timestamp": "2025-09-18T18:02:21.636257Z", "run_id": "RUN123", "level": "info"}
HTTP Request: GET https://api.bybit.com/v5/market/account-ratio?category=linear&symbol=BTCUSDT&period=5min "HTTP/1.1 200 OK"
{"symbol": "BTCUSDT", "metric": "long_short_ratio", "source": "bybit", "event": "deriv_success", "timestamp": "2025-09-18T18:02:22.373071Z", "run_id": "RUN123", "level": "info"}
{"task": "derivatives_lsr", "event": "task_ok", "timestamp": "2025-09-18T18:02:22.374063Z", "run_id": "RUN123", "level": "info"}
{"task": "derivatives_lsr", "duration": 0.738798, "event": "task_end", "timestamp": "2025-09-18T18:02:22.375055Z", "run_id": "RUN123", "level": "info"}
Job "task_wrapper (trigger: interval[0:05:03.429341], next run at: 2025-09-18 20:07:25 CEST)" executed successfully
{"alive": true, "rss_mb": 69.3, "cpu_percent": 0.0, "event": "heartbeat", "timestamp": "2025-09-18T18:02:23.264898Z", "run_id": "RUN123", "level": "info"}
Running job "task_wrapper (trigger: interval[0:05:03.685195], next run at: 2025-09-18 20:08:23 CEST)" (scheduled at 2025-09-18 20:03:19.952137+02:00)
{"task": "macro", "ts": "2025-09-18T18:03:19.961222Z", "event": "task_start", "timestamp": "2025-09-18T18:03:19.961222Z", "run_id": "RUN123", "level": "info"}
HTTP Request: GET https://api.coingecko.com/api/v3/coins/bitcoin "HTTP/1.1 200 OK"
{"symbol": "bitcoin", "source": "coingecko", "event": "macro_success", "timestamp": "2025-09-18T18:03:20.568060Z", "run_id": "RUN123", "level": "info"}
{"task": "macro", "event": "task_ok", "timestamp": "2025-09-18T18:03:20.570069Z", "run_id": "RUN123", "level": "info"}
{"task": "macro", "duration": 0.609843, "event": "task_end", "timestamp": "2025-09-18T18:03:20.571065Z", "run_id": "RUN123", "level": "info"}
Job "task_wrapper (trigger: interval[0:05:03.685195], next run at: 2025-09-18 20:08:23 CEST)" executed successfully
{"alive": true, "rss_mb": 69.2, "cpu_percent": 0.0, "event": "heartbeat", "timestamp": "2025-09-18T18:03:23.275662Z", "run_id": "RUN123", "level": "info"}
{"alive": true, "rss_mb": 69.2, "cpu_percent": 0.0, "event": "heartbeat", "timestamp": "2025-09-18T18:04:23.305002Z", "run_id": "RUN123", "level": "info"}
{"alive": true, "rss_mb": 69.2, "cpu_percent": 0.0, "event": "heartbeat", "timestamp": "2025-09-18T18:05:23.300869Z", "run_id": "RUN123", "level": "info"}
Running job "task_wrapper (trigger: interval[0:05:00.485919], next run at: 2025-09-18 20:11:12 CEST)" (scheduled at 2025-09-18 20:06:11.982964+02:00)
{"task": "derivatives_oi", "ts": "2025-09-18T18:06:11.998415Z", "event": "task_start", "timestamp": "2025-09-18T18:06:11.998415Z", "run_id": "RUN123", "level": "info"}
HTTP Request: GET https://api.bybit.com/v5/market/open-interest?category=linear&symbol=BTCUSDT&intervalTime=5min "HTTP/1.1 200 OK"
{"symbol": "BTCUSDT", "source": "bybit", "event": "deriv_success", "timestamp": "2025-09-18T18:06:12.798741Z", "run_id": "RUN123", "level": "info"}
{"task": "derivatives_oi", "event": "task_ok", "timestamp": "2025-09-18T18:06:12.799728Z", "run_id": "RUN123", "level": "info"}
{"task": "derivatives_oi", "duration": 0.801313, "event": "task_end", "timestamp": "2025-09-18T18:06:12.799728Z", "run_id": "RUN123", "level": "info"}
Job "task_wrapper (trigger: interval[0:05:00.485919], next run at: 2025-09-18 20:11:12 CEST)" executed successfully
{"alive": true, "rss_mb": 69.3, "cpu_percent": 0.0, "event": "heartbeat", "timestamp": "2025-09-18T18:06:23.311295Z", "run_id": "RUN123", "level": "info"}
Running job "task_wrapper (trigger: interval[0:15:38.637530], next run at: 2025-09-18 20:22:37 CEST)" (scheduled at 2025-09-18 20:06:58.906893+02:00)
{"task": "defillama", "ts": "2025-09-18T18:06:58.923732Z", "event": "task_start", "timestamp": "2025-09-18T18:06:58.923732Z", "run_id": "RUN123", "level": "info"}
{"chain": "ethereum", "event": "defillama_cache_hit", "timestamp": "2025-09-18T18:06:58.923732Z", "run_id": "RUN123", "level": "info"}
{"task": "defillama", "event": "task_ok", "timestamp": "2025-09-18T18:06:58.924731Z", "run_id": "RUN123", "level": "info"}
{"task": "defillama", "duration": 0.000999, "event": "task_end", "timestamp": "2025-09-18T18:06:58.924731Z", "run_id": "RUN123", "level": "info"}
Job "task_wrapper (trigger: interval[0:15:38.637530], next run at: 2025-09-18 20:22:37 CEST)" executed successfully
{"alive": true, "rss_mb": 69.3, "cpu_percent": 0.0, "event": "heartbeat", "timestamp": "2025-09-18T18:07:23.322162Z", "run_id": "RUN123", "level": "info"}
Running job "task_wrapper (trigger: interval[0:05:03.429341], next run at: 2025-09-18 20:12:28 CEST)" (scheduled at 2025-09-18 20:07:25.056763+02:00)
{"task": "derivatives_lsr", "ts": "2025-09-18T18:07:25.059528Z", "event": "task_start", "timestamp": "2025-09-18T18:07:25.059528Z", "run_id": "RUN123", "level": "info"}
HTTP Request: GET https://api.bybit.com/v5/market/account-ratio?category=linear&symbol=BTCUSDT&period=5min "HTTP/1.1 200 OK"
{"symbol": "BTCUSDT", "metric": "long_short_ratio", "source": "bybit", "event": "deriv_success", "timestamp": "2025-09-18T18:07:25.797152Z", "run_id": "RUN123", "level": "info"}
{"task": "derivatives_lsr", "event": "task_ok", "timestamp": "2025-09-18T18:07:25.797152Z", "run_id": "RUN123", "level": "info"}
{"task": "derivatives_lsr", "duration": 0.738891, "event": "task_end", "timestamp": "2025-09-18T18:07:25.798419Z", "run_id": "RUN123", "level": "info"}
Job "task_wrapper (trigger: interval[0:05:03.429341], next run at: 2025-09-18 20:12:28 CEST)" executed successfully
{"alive": true, "rss_mb": 69.4, "cpu_percent": 0.0, "event": "heartbeat", "timestamp": "2025-09-18T18:08:23.338541Z", "run_id": "RUN123", "level": "info"}
Running job "task_wrapper (trigger: interval[0:05:03.685195], next run at: 2025-09-18 20:13:27 CEST)" (scheduled at 2025-09-18 20:08:23.637332+02:00)
{"task": "macro", "ts": "2025-09-18T18:08:23.651595Z", "event": "task_start", "timestamp": "2025-09-18T18:08:23.651595Z", "run_id": "RUN123", "level": "info"}
HTTP Request: GET https://api.coingecko.com/api/v3/coins/bitcoin "HTTP/1.1 200 OK"
{"symbol": "bitcoin", "source": "coingecko", "event": "macro_success", "timestamp": "2025-09-18T18:08:24.213624Z", "run_id": "RUN123", "level": "info"}
{"task": "macro", "event": "task_ok", "timestamp": "2025-09-18T18:08:24.215619Z", "run_id": "RUN123", "level": "info"}
{"task": "macro", "duration": 0.564024, "event": "task_end", "timestamp": "2025-09-18T18:08:24.215619Z", "run_id": "RUN123", "level": "info"}
Job "task_wrapper (trigger: interval[0:05:03.685195], next run at: 2025-09-18 20:13:27 CEST)" executed successfully
{"alive": true, "rss_mb": 69.7, "cpu_percent": 0.0, "event": "heartbeat", "timestamp": "2025-09-18T18:09:23.361267Z", "run_id": "RUN123", "level": "info"}
{"alive": true, "rss_mb": 69.7, "cpu_percent": 0.0, "event": "heartbeat", "timestamp": "2025-09-18T18:10:23.357396Z", "run_id": "RUN123", "level": "info"}
Running job "task_wrapper (trigger: interval[0:05:00.485919], next run at: 2025-09-18 20:16:12 CEST)" (scheduled at 2025-09-18 20:11:12.468883+02:00)
{"task": "derivatives_oi", "ts": "2025-09-18T18:11:12.472979Z", "event": "task_start", "timestamp": "2025-09-18T18:11:12.472979Z", "run_id": "RUN123", "level": "info"}
{"symbol": "BTCUSDT", "event": "deriv_cache_hit", "timestamp": "2025-09-18T18:11:12.473978Z", "run_id": "RUN123", "level": "info"}
{"task": "derivatives_oi", "event": "task_ok", "timestamp": "2025-09-18T18:11:12.474982Z", "run_id": "RUN123", "level": "info"}
{"task": "derivatives_oi", "duration": 0.003001, "event": "task_end", "timestamp": "2025-09-18T18:11:12.475980Z", "run_id": "RUN123", "level": "info"}
Job "task_wrapper (trigger: interval[0:05:00.485919], next run at: 2025-09-18 20:16:12 CEST)" executed successfully
{"alive": true, "rss_mb": 69.7, "cpu_percent": 0.0, "event": "heartbeat", "timestamp": "2025-09-18T18:11:23.372417Z", "run_id": "RUN123", "level": "info"}
{"alive": true, "rss_mb": 69.7, "cpu_percent": 0.0, "event": "heartbeat", "timestamp": "2025-09-18T18:12:23.377766Z", "run_id": "RUN123", "level": "info"}
Running job "task_wrapper (trigger: interval[0:05:03.429341], next run at: 2025-09-18 20:17:31 CEST)" (scheduled at 2025-09-18 20:12:28.486104+02:00)
{"task": "derivatives_lsr", "ts": "2025-09-18T18:12:28.489257Z", "event": "task_start", "timestamp": "2025-09-18T18:12:28.489257Z", "run_id": "RUN123", "level": "info"}
HTTP Request: GET https://api.bybit.com/v5/market/account-ratio?category=linear&symbol=BTCUSDT&period=5min "HTTP/1.1 200 OK"
{"symbol": "BTCUSDT", "metric": "long_short_ratio", "source": "bybit", "event": "deriv_success", "timestamp": "2025-09-18T18:12:29.240188Z", "run_id": "RUN123", "level": "info"}
{"task": "derivatives_lsr", "event": "task_ok", "timestamp": "2025-09-18T18:12:29.241199Z", "run_id": "RUN123", "level": "info"}
{"task": "derivatives_lsr", "duration": 0.751942, "event": "task_end", "timestamp": "2025-09-18T18:12:29.241199Z", "run_id": "RUN123", "level": "info"}
Job "task_wrapper (trigger: interval[0:05:03.429341], next run at: 2025-09-18 20:17:31 CEST)" executed successfully
{"alive": true, "rss_mb": 69.7, "cpu_percent": 0.0, "event": "heartbeat", "timestamp": "2025-09-18T18:13:23.397360Z", "run_id": "RUN123", "level": "info"}
Running job "task_wrapper (trigger: interval[0:05:03.685195], next run at: 2025-09-18 20:18:31 CEST)" (scheduled at 2025-09-18 20:13:27.322527+02:00)
{"task": "macro", "ts": "2025-09-18T18:13:27.333057Z", "event": "task_start", "timestamp": "2025-09-18T18:13:27.333057Z", "run_id": "RUN123", "level": "info"}
HTTP Request: GET https://api.coingecko.com/api/v3/coins/bitcoin "HTTP/1.1 200 OK"
{"symbol": "bitcoin", "source": "coingecko", "event": "macro_success", "timestamp": "2025-09-18T18:13:28.013895Z", "run_id": "RUN123", "level": "info"}
{"task": "macro", "event": "task_ok", "timestamp": "2025-09-18T18:13:28.017885Z", "run_id": "RUN123", "level": "info"}
{"task": "macro", "duration": 0.685844, "event": "task_end", "timestamp": "2025-09-18T18:13:28.018901Z", "run_id": "RUN123", "level": "info"}
Job "task_wrapper (trigger: interval[0:05:03.685195], next run at: 2025-09-18 20:18:31 CEST)" executed successfully
{"alive": true, "rss_mb": 69.8, "cpu_percent": 0.0, "event": "heartbeat", "timestamp": "2025-09-18T18:14:23.403797Z", "run_id": "RUN123", "level": "info"}
{"alive": true, "rss_mb": 69.8, "cpu_percent": 0.0, "event": "heartbeat", "timestamp": "2025-09-18T18:15:23.425848Z", "run_id": "RUN123", "level": "info"}
Running job "task_wrapper (trigger: interval[0:05:00.485919], next run at: 2025-09-18 20:21:13 CEST)" (scheduled at 2025-09-18 20:16:12.954802+02:00)
{"task": "derivatives_oi", "ts": "2025-09-18T18:16:12.961156Z", "event": "task_start", "timestamp": "2025-09-18T18:16:12.961156Z", "run_id": "RUN123", "level": "info"}
{"symbol": "BTCUSDT", "event": "deriv_cache_hit", "timestamp": "2025-09-18T18:16:12.962158Z", "run_id": "RUN123", "level": "info"}
{"task": "derivatives_oi", "event": "task_ok", "timestamp": "2025-09-18T18:16:12.962158Z", "run_id": "RUN123", "level": "info"}
{"task": "derivatives_oi", "duration": 0.00202, "event": "task_end", "timestamp": "2025-09-18T18:16:12.963176Z", "run_id": "RUN123", "level": "info"}
Job "task_wrapper (trigger: interval[0:05:00.485919], next run at: 2025-09-18 20:21:13 CEST)" executed successfully
{"alive": true, "rss_mb": 69.8, "cpu_percent": 0.0, "event": "heartbeat", "timestamp": "2025-09-18T18:16:23.432212Z", "run_id": "RUN123", "level": "info"}
{"alive": true, "rss_mb": 69.8, "cpu_percent": 0.0, "event": "heartbeat", "timestamp": "2025-09-18T18:17:23.444304Z", "run_id": "RUN123", "level": "info"}
Running job "task_wrapper (trigger: interval[0:05:03.429341], next run at: 2025-09-18 20:22:35 CEST)" (scheduled at 2025-09-18 20:17:31.915445+02:00)
{"task": "derivatives_lsr", "ts": "2025-09-18T18:17:31.923531Z", "event": "task_start", "timestamp": "2025-09-18T18:17:31.923531Z", "run_id": "RUN123", "level": "info"}
HTTP Request: GET https://api.bybit.com/v5/market/account-ratio?category=linear&symbol=BTCUSDT&period=5min "HTTP/1.1 200 OK"
{"symbol": "BTCUSDT", "metric": "long_short_ratio", "source": "bybit", "event": "deriv_success", "timestamp": "2025-09-18T18:17:32.636709Z", "run_id": "RUN123", "level": "info"}
{"task": "derivatives_lsr", "event": "task_ok", "timestamp": "2025-09-18T18:17:32.637702Z", "run_id": "RUN123", "level": "info"}
{"task": "derivatives_lsr", "duration": 0.714171, "event": "task_end", "timestamp": "2025-09-18T18:17:32.637702Z", "run_id": "RUN123", "level": "info"}
Job "task_wrapper (trigger: interval[0:05:03.429341], next run at: 2025-09-18 20:22:35 CEST)" executed successfully
{"alive": true, "rss_mb": 69.7, "cpu_percent": 0.0, "event": "heartbeat", "timestamp": "2025-09-18T18:18:23.445891Z", "run_id": "RUN123", "level": "info"}
Running job "task_wrapper (trigger: interval[0:05:03.685195], next run at: 2025-09-18 20:23:34 CEST)" (scheduled at 2025-09-18 20:18:31.007722+02:00)
{"task": "macro", "ts": "2025-09-18T18:18:31.021971Z", "event": "task_start", "timestamp": "2025-09-18T18:18:31.021971Z", "run_id": "RUN123", "level": "info"}
HTTP Request: GET https://api.coingecko.com/api/v3/coins/bitcoin "HTTP/1.1 200 OK"
{"symbol": "bitcoin", "source": "coingecko", "event": "macro_success", "timestamp": "2025-09-18T18:18:31.620360Z", "run_id": "RUN123", "level": "info"}
{"task": "macro", "event": "task_ok", "timestamp": "2025-09-18T18:18:31.623353Z", "run_id": "RUN123", "level": "info"}
{"task": "macro", "duration": 0.601382, "event": "task_end", "timestamp": "2025-09-18T18:18:31.623353Z", "run_id": "RUN123", "level": "info"}
Job "task_wrapper (trigger: interval[0:05:03.685195], next run at: 2025-09-18 20:23:34 CEST)" executed successfully
{"alive": true, "rss_mb": 69.9, "cpu_percent": 0.0, "event": "heartbeat", "timestamp": "2025-09-18T18:19:23.440688Z", "run_id": "RUN123", "level": "info"}
{"alive": true, "rss_mb": 69.9, "cpu_percent": 0.0, "event": "heartbeat", "timestamp": "2025-09-18T18:20:23.457872Z", "run_id": "RUN123", "level": "info"}
Running job "task_wrapper (trigger: interval[0:05:00.485919], next run at: 2025-09-18 20:26:13 CEST)" (scheduled at 2025-09-18 20:21:13.440721+02:00)
{"task": "derivatives_oi", "ts": "2025-09-18T18:21:13.450039Z", "event": "task_start", "timestamp": "2025-09-18T18:21:13.450039Z", "run_id": "RUN123", "level": "info"}
{"symbol": "BTCUSDT", "event": "deriv_cache_hit", "timestamp": "2025-09-18T18:21:13.451032Z", "run_id": "RUN123", "level": "info"}
{"task": "derivatives_oi", "event": "task_ok", "timestamp": "2025-09-18T18:21:13.452032Z", "run_id": "RUN123", "level": "info"}
{"task": "derivatives_oi", "duration": 0.001993, "event": "task_end", "timestamp": "2025-09-18T18:21:13.452032Z", "run_id": "RUN123", "level": "info"}
Job "task_wrapper (trigger: interval[0:05:00.485919], next run at: 2025-09-18 20:26:13 CEST)" executed successfully
{"alive": true, "rss_mb": 69.9, "cpu_percent": 0.0, "event": "heartbeat", "timestamp": "2025-09-18T18:21:23.464340Z", "run_id": "RUN123", "level": "info"}
{"alive": true, "rss_mb": 69.9, "cpu_percent": 0.0, "event": "heartbeat", "timestamp": "2025-09-18T18:22:23.477897Z", "run_id": "RUN123", "level": "info"}
Running job "task_wrapper (trigger: interval[0:05:03.429341], next run at: 2025-09-18 20:27:38 CEST)" (scheduled at 2025-09-18 20:22:35.344786+02:00)
{"task": "derivatives_lsr", "ts": "2025-09-18T18:22:35.375881Z", "event": "task_start", "timestamp": "2025-09-18T18:22:35.375881Z", "run_id": "RUN123", "level": "info"}
HTTP Request: GET https://api.bybit.com/v5/market/account-ratio?category=linear&symbol=BTCUSDT&period=5min "HTTP/1.1 200 OK"
{"symbol": "BTCUSDT", "metric": "long_short_ratio", "source": "bybit", "event": "deriv_success", "timestamp": "2025-09-18T18:22:36.113294Z", "run_id": "RUN123", "level": "info"}
{"task": "derivatives_lsr", "event": "task_ok", "timestamp": "2025-09-18T18:22:36.114292Z", "run_id": "RUN123", "level": "info"}
{"task": "derivatives_lsr", "duration": 0.738411, "event": "task_end", "timestamp": "2025-09-18T18:22:36.114292Z", "run_id": "RUN123", "level": "info"}
Job "task_wrapper (trigger: interval[0:05:03.429341], next run at: 2025-09-18 20:27:38 CEST)" executed successfully
Running job "task_wrapper (trigger: interval[0:15:38.637530], next run at: 2025-09-18 20:38:16 CEST)" (scheduled at 2025-09-18 20:22:37.544423+02:00)
{"task": "defillama", "ts": "2025-09-18T18:22:37.566476Z", "event": "task_start", "timestamp": "2025-09-18T18:22:37.566476Z", "run_id": "RUN123", "level": "info"}
{"chain": "ethereum", "event": "defillama_cache_hit", "timestamp": "2025-09-18T18:22:37.567477Z", "run_id": "RUN123", "level": "info"}
{"task": "defillama", "event": "task_ok", "timestamp": "2025-09-18T18:22:37.567477Z", "run_id": "RUN123", "level": "info"}
{"task": "defillama", "duration": 0.002001, "event": "task_end", "timestamp": "2025-09-18T18:22:37.568477Z", "run_id": "RUN123", "level": "info"}
Job "task_wrapper (trigger: interval[0:15:38.637530], next run at: 2025-09-18 20:38:16 CEST)" executed successfully
{"alive": true, "rss_mb": 69.9, "cpu_percent": 0.0, "event": "heartbeat", "timestamp": "2025-09-18T18:23:23.481488Z", "run_id": "RUN123", "level": "info"}
Running job "task_wrapper (trigger: interval[0:05:03.685195], next run at: 2025-09-18 20:28:38 CEST)" (scheduled at 2025-09-18 20:23:34.692917+02:00)
{"task": "macro", "ts": "2025-09-18T18:23:34.704661Z", "event": "task_start", "timestamp": "2025-09-18T18:23:34.704661Z", "run_id": "RUN123", "level": "info"}
HTTP Request: GET https://api.coingecko.com/api/v3/coins/bitcoin "HTTP/1.1 200 OK"
{"symbol": "bitcoin", "source": "coingecko", "event": "macro_success", "timestamp": "2025-09-18T18:23:35.290087Z", "run_id": "RUN123", "level": "info"}
{"task": "macro", "event": "task_ok", "timestamp": "2025-09-18T18:23:35.292099Z", "run_id": "RUN123", "level": "info"}
{"task": "macro", "duration": 0.587438, "event": "task_end", "timestamp": "2025-09-18T18:23:35.292099Z", "run_id": "RUN123", "level": "info"}
Job "task_wrapper (trigger: interval[0:05:03.685195], next run at: 2025-09-18 20:28:38 CEST)" executed successfully
{"alive": true, "rss_mb": 70.2, "cpu_percent": 0.0, "event": "heartbeat", "timestamp": "2025-09-18T18:24:23.484597Z", "run_id": "RUN123", "level": "info"}
{"alive": true, "rss_mb": 70.2, "cpu_percent": 0.0, "event": "heartbeat", "timestamp": "2025-09-18T18:25:23.486142Z", "run_id": "RUN123", "level": "info"}
Running job "task_wrapper (trigger: interval[0:05:00.485919], next run at: 2025-09-18 20:31:14 CEST)" (scheduled at 2025-09-18 20:26:13.926640+02:00)
{"task": "derivatives_oi", "ts": "2025-09-18T18:26:13.943466Z", "event": "task_start", "timestamp": "2025-09-18T18:26:13.943466Z", "run_id": "RUN123", "level": "info"}
{"symbol": "BTCUSDT", "event": "deriv_cache_hit", "timestamp": "2025-09-18T18:26:13.944469Z", "run_id": "RUN123", "level": "info"}
{"task": "derivatives_oi", "event": "task_ok", "timestamp": "2025-09-18T18:26:13.945467Z", "run_id": "RUN123", "level": "info"}
{"task": "derivatives_oi", "duration": 0.002998, "event": "task_end", "timestamp": "2025-09-18T18:26:13.946464Z", "run_id": "RUN123", "level": "info"}
Job "task_wrapper (trigger: interval[0:05:00.485919], next run at: 2025-09-18 20:31:14 CEST)" executed successfully
{"alive": true, "rss_mb": 70.2, "cpu_percent": 0.0, "event": "heartbeat", "timestamp": "2025-09-18T18:26:23.500468Z", "run_id": "RUN123", "level": "info"}
{"alive": true, "rss_mb": 70.2, "cpu_percent": 0.0, "event": "heartbeat", "timestamp": "2025-09-18T18:27:23.507033Z", "run_id": "RUN123", "level": "info"}
Running job "task_wrapper (trigger: interval[0:05:03.429341], next run at: 2025-09-18 20:32:42 CEST)" (scheduled at 2025-09-18 20:27:38.774127+02:00)
{"task": "derivatives_lsr", "ts": "2025-09-18T18:27:38.794051Z", "event": "task_start", "timestamp": "2025-09-18T18:27:38.794051Z", "run_id": "RUN123", "level": "info"}
HTTP Request: GET https://api.bybit.com/v5/market/account-ratio?category=linear&symbol=BTCUSDT&period=5min "HTTP/1.1 200 OK"
{"symbol": "BTCUSDT", "metric": "long_short_ratio", "source": "bybit", "event": "deriv_success", "timestamp": "2025-09-18T18:27:39.500598Z", "run_id": "RUN123", "level": "info"}
{"task": "derivatives_lsr", "event": "task_ok", "timestamp": "2025-09-18T18:27:39.501597Z", "run_id": "RUN123", "level": "info"}
{"task": "derivatives_lsr", "duration": 0.708547, "event": "task_end", "timestamp": "2025-09-18T18:27:39.502598Z", "run_id": "RUN123", "level": "info"}
Job "task_wrapper (trigger: interval[0:05:03.429341], next run at: 2025-09-18 20:32:42 CEST)" executed successfully
Running job "task_wrapper (trigger: interval[0:31:01.155603], next run at: 2025-09-18 20:59:04 CEST)" (scheduled at 2025-09-18 20:28:03.645592+02:00)
{"task": "onchain_hashrate", "ts": "2025-09-18T18:28:03.669104Z", "event": "task_start", "timestamp": "2025-09-18T18:28:03.669104Z", "run_id": "RUN123", "level": "info"}
HTTP Request: GET https://api.blockchain.info/q/hashrate "HTTP/1.1 200 OK"
{"symbol": "BTC", "source": "blockchain.info", "event": "onchain_success", "timestamp": "2025-09-18T18:28:04.290503Z", "run_id": "RUN123", "level": "info"}
{"task": "onchain_hashrate", "event": "task_ok", "timestamp": "2025-09-18T18:28:04.291484Z", "run_id": "RUN123", "level": "info"}
{"task": "onchain_hashrate", "duration": 0.62238, "event": "task_end", "timestamp": "2025-09-18T18:28:04.291484Z", "run_id": "RUN123", "level": "info"}
Job "task_wrapper (trigger: interval[0:31:01.155603], next run at: 2025-09-18 20:59:04 CEST)" executed successfully
{"alive": true, "rss_mb": 70.4, "cpu_percent": 0.0, "event": "heartbeat", "timestamp": "2025-09-18T18:28:23.507516Z", "run_id": "RUN123", "level": "info"}
Running job "task_wrapper (trigger: interval[0:05:03.685195], next run at: 2025-09-18 20:33:42 CEST)" (scheduled at 2025-09-18 20:28:38.378112+02:00)
{"task": "macro", "ts": "2025-09-18T18:28:38.402839Z", "event": "task_start", "timestamp": "2025-09-18T18:28:38.402839Z", "run_id": "RUN123", "level": "info"}
HTTP Request: GET https://api.coingecko.com/api/v3/coins/bitcoin "HTTP/1.1 200 OK"
{"symbol": "bitcoin", "source": "coingecko", "event": "macro_success", "timestamp": "2025-09-18T18:28:39.045187Z", "run_id": "RUN123", "level": "info"}
{"task": "macro", "event": "task_ok", "timestamp": "2025-09-18T18:28:39.046182Z", "run_id": "RUN123", "level": "info"}
{"task": "macro", "duration": 0.644368, "event": "task_end", "timestamp": "2025-09-18T18:28:39.047207Z", "run_id": "RUN123", "level": "info"}
Job "task_wrapper (trigger: interval[0:05:03.685195], next run at: 2025-09-18 20:33:42 CEST)" executed successfully
{"alive": true, "rss_mb": 70.8, "cpu_percent": 0.0, "event": "heartbeat", "timestamp": "2025-09-18T18:29:23.515596Z", "run_id": "RUN123", "level": "info"}
{"alive": true, "rss_mb": 70.8, "cpu_percent": 0.0, "event": "heartbeat", "timestamp": "2025-09-18T18:30:23.531204Z", "run_id": "RUN123", "level": "info"}
Running job "task_wrapper (trigger: interval[0:31:05.669810], next run at: 2025-09-18 21:02:00 CEST)" (scheduled at 2025-09-18 20:30:55.186457+02:00)
{"task": "onchain_sopr", "ts": "2025-09-18T18:30:55.205642Z", "event": "task_start", "timestamp": "2025-09-18T18:30:55.205642Z", "run_id": "RUN123", "level": "info"}
HTTP Request: GET https://bitcoin-data.com/v1/sopr/csv "HTTP/1.1 200 "
{"symbol": "BTC", "source": "bitcoin-data.com", "event": "onchain_success", "timestamp": "2025-09-18T18:30:56.101966Z", "run_id": "RUN123", "level": "info"}
{"task": "onchain_sopr", "event": "task_ok", "timestamp": "2025-09-18T18:30:56.103931Z", "run_id": "RUN123", "level": "info"}
{"task": "onchain_sopr", "duration": 0.899305, "event": "task_end", "timestamp": "2025-09-18T18:30:56.104947Z", "run_id": "RUN123", "level": "info"}
Job "task_wrapper (trigger: interval[0:31:05.669810], next run at: 2025-09-18 21:02:00 CEST)" executed successfully
Running job "task_wrapper (trigger: interval[0:05:00.485919], next run at: 2025-09-18 20:36:14 CEST)" (scheduled at 2025-09-18 20:31:14.412559+02:00)
{"task": "derivatives_oi", "ts": "2025-09-18T18:31:14.425043Z", "event": "task_start", "timestamp": "2025-09-18T18:31:14.425043Z", "run_id": "RUN123", "level": "info"}
{"symbol": "BTCUSDT", "event": "deriv_cache_hit", "timestamp": "2025-09-18T18:31:14.426039Z", "run_id": "RUN123", "level": "info"}
{"task": "derivatives_oi", "event": "task_ok", "timestamp": "2025-09-18T18:31:14.427040Z", "run_id": "RUN123", "level": "info"}
{"task": "derivatives_oi", "duration": 0.001997, "event": "task_end", "timestamp": "2025-09-18T18:31:14.427040Z", "run_id": "RUN123", "level": "info"}
Job "task_wrapper (trigger: interval[0:05:00.485919], next run at: 2025-09-18 20:36:14 CEST)" executed successfully
{"alive": true, "rss_mb": 72.2, "cpu_percent": 0.0, "event": "heartbeat", "timestamp": "2025-09-18T18:31:23.551513Z", "run_id": "RUN123", "level": "info"}
{"alive": true, "rss_mb": 72.2, "cpu_percent": 0.0, "event": "heartbeat", "timestamp": "2025-09-18T18:32:23.556069Z", "run_id": "RUN123", "level": "info"}
Running job "task_wrapper (trigger: interval[0:30:20.099607], next run at: 2025-09-18 21:02:43 CEST)" (scheduled at 2025-09-18 20:32:23.615347+02:00)
{"task": "onchain_tx", "ts": "2025-09-18T18:32:23.636100Z", "event": "task_start", "timestamp": "2025-09-18T18:32:23.636100Z", "run_id": "RUN123", "level": "info"}
HTTP Request: GET https://api.blockchain.info/q/getblockcount "HTTP/1.1 200 OK"
{"symbol": "BTC", "source": "blockchain.info", "event": "onchain_success", "timestamp": "2025-09-18T18:32:24.223906Z", "run_id": "RUN123", "level": "info"}
{"task": "onchain_tx", "event": "task_ok", "timestamp": "2025-09-18T18:32:24.224907Z", "run_id": "RUN123", "level": "info"}
{"task": "onchain_tx", "duration": 0.589806, "event": "task_end", "timestamp": "2025-09-18T18:32:24.225906Z", "run_id": "RUN123", "level": "info"}
Job "task_wrapper (trigger: interval[0:30:20.099607], next run at: 2025-09-18 21:02:43 CEST)" executed successfully
Running job "task_wrapper (trigger: interval[0:05:03.429341], next run at: 2025-09-18 20:37:45 CEST)" (scheduled at 2025-09-18 20:32:42.203468+02:00)
{"task": "derivatives_lsr", "ts": "2025-09-18T18:32:42.212866Z", "event": "task_start", "timestamp": "2025-09-18T18:32:42.212866Z", "run_id": "RUN123", "level": "info"}
HTTP Request: GET https://api.bybit.com/v5/market/account-ratio?category=linear&symbol=BTCUSDT&period=5min "HTTP/1.1 200 OK"
{"symbol": "BTCUSDT", "metric": "long_short_ratio", "source": "bybit", "event": "deriv_success", "timestamp": "2025-09-18T18:32:42.919690Z", "run_id": "RUN123", "level": "info"}
{"task": "derivatives_lsr", "event": "task_ok", "timestamp": "2025-09-18T18:32:42.920669Z", "run_id": "RUN123", "level": "info"}
{"task": "derivatives_lsr", "duration": 0.707803, "event": "task_end", "timestamp": "2025-09-18T18:32:42.920669Z", "run_id": "RUN123", "level": "info"}
Job "task_wrapper (trigger: interval[0:05:03.429341], next run at: 2025-09-18 20:37:45 CEST)" executed successfully
{"alive": true, "rss_mb": 72.3, "cpu_percent": 0.0, "event": "heartbeat", "timestamp": "2025-09-18T18:33:23.546934Z", "run_id": "RUN123", "level": "info"}
Running job "task_wrapper (trigger: interval[0:05:03.685195], next run at: 2025-09-18 20:38:45 CEST)" (scheduled at 2025-09-18 20:33:42.063307+02:00)
{"task": "macro", "ts": "2025-09-18T18:33:42.075615Z", "event": "task_start", "timestamp": "2025-09-18T18:33:42.075615Z", "run_id": "RUN123", "level": "info"}
HTTP Request: GET https://api.coingecko.com/api/v3/coins/bitcoin "HTTP/1.1 200 OK"
{"symbol": "bitcoin", "source": "coingecko", "event": "macro_success", "timestamp": "2025-09-18T18:33:42.652289Z", "run_id": "RUN123", "level": "info"}
{"task": "macro", "event": "task_ok", "timestamp": "2025-09-18T18:33:42.653287Z", "run_id": "RUN123", "level": "info"}
{"task": "macro", "duration": 0.577672, "event": "task_end", "timestamp": "2025-09-18T18:33:42.653287Z", "run_id": "RUN123", "level": "info"}
Job "task_wrapper (trigger: interval[0:05:03.685195], next run at: 2025-09-18 20:38:45 CEST)" executed successfully
{"alive": true, "rss_mb": 72.9, "cpu_percent": 0.0, "event": "heartbeat", "timestamp": "2025-09-18T18:34:23.547552Z", "run_id": "RUN123", "level": "info"}
{"alive": true, "rss_mb": 72.9, "cpu_percent": 0.0, "event": "heartbeat", "timestamp": "2025-09-18T18:35:23.551519Z", "run_id": "RUN123", "level": "info"}
Running job "task_wrapper (trigger: interval[0:05:00.485919], next run at: 2025-09-18 20:41:15 CEST)" (scheduled at 2025-09-18 20:36:14.898478+02:00)
{"task": "derivatives_oi", "ts": "2025-09-18T18:36:14.912450Z", "event": "task_start", "timestamp": "2025-09-18T18:36:14.912450Z", "run_id": "RUN123", "level": "info"}
{"symbol": "BTCUSDT", "event": "deriv_cache_hit", "timestamp": "2025-09-18T18:36:14.913456Z", "run_id": "RUN123", "level": "info"}
{"task": "derivatives_oi", "event": "task_ok", "timestamp": "2025-09-18T18:36:14.913456Z", "run_id": "RUN123", "level": "info"}
{"task": "derivatives_oi", "duration": 0.002006, "event": "task_end", "timestamp": "2025-09-18T18:36:14.914456Z", "run_id": "RUN123", "level": "info"}
Job "task_wrapper (trigger: interval[0:05:00.485919], next run at: 2025-09-18 20:41:15 CEST)" executed successfully
{"alive": true, "rss_mb": 72.9, "cpu_percent": 0.0, "event": "heartbeat", "timestamp": "2025-09-18T18:36:23.556450Z", "run_id": "RUN123", "level": "info"}
{"alive": true, "rss_mb": 72.9, "cpu_percent": 0.0, "event": "heartbeat", "timestamp": "2025-09-18T18:37:23.563636Z", "run_id": "RUN123", "level": "info"}
Running job "task_wrapper (trigger: interval[0:05:03.429341], next run at: 2025-09-18 20:42:49 CEST)" (scheduled at 2025-09-18 20:37:45.632809+02:00)
{"task": "derivatives_lsr", "ts": "2025-09-18T18:37:45.640082Z", "event": "task_start", "timestamp": "2025-09-18T18:37:45.640082Z", "run_id": "RUN123", "level": "info"}
HTTP Request: GET https://api.bybit.com/v5/market/account-ratio?category=linear&symbol=BTCUSDT&period=5min "HTTP/1.1 200 OK"
{"symbol": "BTCUSDT", "metric": "long_short_ratio", "source": "bybit", "event": "deriv_success", "timestamp": "2025-09-18T18:37:46.344751Z", "run_id": "RUN123", "level": "info"}
{"task": "derivatives_lsr", "event": "task_ok", "timestamp": "2025-09-18T18:37:46.345753Z", "run_id": "RUN123", "level": "info"}
{"task": "derivatives_lsr", "duration": 0.705671, "event": "task_end", "timestamp": "2025-09-18T18:37:46.345753Z", "run_id": "RUN123", "level": "info"}
Job "task_wrapper (trigger: interval[0:05:03.429341], next run at: 2025-09-18 20:42:49 CEST)" executed successfully
Running job "task_wrapper (trigger: interval[0:15:38.637530], next run at: 2025-09-18 20:53:54 CEST)" (scheduled at 2025-09-18 20:38:16.181953+02:00)
{"task": "defillama", "ts": "2025-09-18T18:38:16.200464Z", "event": "task_start", "timestamp": "2025-09-18T18:38:16.200464Z", "run_id": "RUN123", "level": "info"}
{"chain": "ethereum", "event": "defillama_cache_hit", "timestamp": "2025-09-18T18:38:16.200464Z", "run_id": "RUN123", "level": "info"}
{"task": "defillama", "event": "task_ok", "timestamp": "2025-09-18T18:38:16.201475Z", "run_id": "RUN123", "level": "info"}
{"task": "defillama", "duration": 0.002004, "event": "task_end", "timestamp": "2025-09-18T18:38:16.202468Z", "run_id": "RUN123", "level": "info"}
Job "task_wrapper (trigger: interval[0:15:38.637530], next run at: 2025-09-18 20:53:54 CEST)" executed successfully
{"alive": true, "rss_mb": 72.9, "cpu_percent": 0.0, "event": "heartbeat", "timestamp": "2025-09-18T18:38:23.587341Z", "run_id": "RUN123", "level": "info"}
Running job "task_wrapper (trigger: interval[0:05:03.685195], next run at: 2025-09-18 20:43:49 CEST)" (scheduled at 2025-09-18 20:38:45.748502+02:00)
{"task": "macro", "ts": "2025-09-18T18:38:45.766006Z", "event": "task_start", "timestamp": "2025-09-18T18:38:45.766006Z", "run_id": "RUN123", "level": "info"}
HTTP Request: GET https://api.coingecko.com/api/v3/coins/bitcoin "HTTP/1.1 200 OK"
{"symbol": "bitcoin", "source": "coingecko", "event": "macro_success", "timestamp": "2025-09-18T18:38:46.354557Z", "run_id": "RUN123", "level": "info"}
{"task": "macro", "event": "task_ok", "timestamp": "2025-09-18T18:38:46.355892Z", "run_id": "RUN123", "level": "info"}
{"task": "macro", "duration": 0.5909, "event": "task_end", "timestamp": "2025-09-18T18:38:46.356906Z", "run_id": "RUN123", "level": "info"}
Job "task_wrapper (trigger: interval[0:05:03.685195], next run at: 2025-09-18 20:43:49 CEST)" executed successfully
{"alive": true, "rss_mb": 73.0, "cpu_percent": 0.0, "event": "heartbeat", "timestamp": "2025-09-18T18:39:23.581906Z", "run_id": "RUN123", "level": "info"}
{"alive": true, "rss_mb": 73.0, "cpu_percent": 0.0, "event": "heartbeat", "timestamp": "2025-09-18T18:40:23.597537Z", "run_id": "RUN123", "level": "info"}
Running job "task_wrapper (trigger: interval[0:05:00.485919], next run at: 2025-09-18 20:46:15 CEST)" (scheduled at 2025-09-18 20:41:15.384397+02:00)
{"task": "derivatives_oi", "ts": "2025-09-18T18:41:15.397866Z", "event": "task_start", "timestamp": "2025-09-18T18:41:15.397866Z", "run_id": "RUN123", "level": "info"}
{"symbol": "BTCUSDT", "event": "deriv_cache_hit", "timestamp": "2025-09-18T18:41:15.398864Z", "run_id": "RUN123", "level": "info"}
{"task": "derivatives_oi", "event": "task_ok", "timestamp": "2025-09-18T18:41:15.399864Z", "run_id": "RUN123", "level": "info"}
{"task": "derivatives_oi", "duration": 0.003064, "event": "task_end", "timestamp": "2025-09-18T18:41:15.400930Z", "run_id": "RUN123", "level": "info"}
Job "task_wrapper (trigger: interval[0:05:00.485919], next run at: 2025-09-18 20:46:15 CEST)" executed successfully
{"alive": true, "rss_mb": 73.0, "cpu_percent": 0.0, "event": "heartbeat", "timestamp": "2025-09-18T18:41:23.598939Z", "run_id": "RUN123", "level": "info"}
{"alive": true, "rss_mb": 73.0, "cpu_percent": 0.0, "event": "heartbeat", "timestamp": "2025-09-18T18:42:23.608909Z", "run_id": "RUN123", "level": "info"}
Running job "task_wrapper (trigger: interval[0:05:03.429341], next run at: 2025-09-18 20:47:52 CEST)" (scheduled at 2025-09-18 20:42:49.062150+02:00)
{"task": "derivatives_lsr", "ts": "2025-09-18T18:42:49.068251Z", "event": "task_start", "timestamp": "2025-09-18T18:42:49.068251Z", "run_id": "RUN123", "level": "info"}
HTTP Request: GET https://api.bybit.com/v5/market/account-ratio?category=linear&symbol=BTCUSDT&period=5min "HTTP/1.1 200 OK"
{"symbol": "BTCUSDT", "metric": "long_short_ratio", "source": "bybit", "event": "deriv_success", "timestamp": "2025-09-18T18:42:49.838849Z", "run_id": "RUN123", "level": "info"}
{"task": "derivatives_lsr", "event": "task_ok", "timestamp": "2025-09-18T18:42:49.838849Z", "run_id": "RUN123", "level": "info"}
{"task": "derivatives_lsr", "duration": 0.772109, "event": "task_end", "timestamp": "2025-09-18T18:42:49.840360Z", "run_id": "RUN123", "level": "info"}
Job "task_wrapper (trigger: interval[0:05:03.429341], next run at: 2025-09-18 20:47:52 CEST)" executed successfully
{"alive": true, "rss_mb": 73.0, "cpu_percent": 0.0, "event": "heartbeat", "timestamp": "2025-09-18T18:43:23.624483Z", "run_id": "RUN123", "level": "info"}
Running job "task_wrapper (trigger: interval[0:05:03.685195], next run at: 2025-09-18 20:48:53 CEST)" (scheduled at 2025-09-18 20:43:49.433697+02:00)
{"task": "macro", "ts": "2025-09-18T18:43:49.448852Z", "event": "task_start", "timestamp": "2025-09-18T18:43:49.448852Z", "run_id": "RUN123", "level": "info"}
HTTP Request: GET https://api.coingecko.com/api/v3/coins/bitcoin "HTTP/1.1 200 OK"
{"symbol": "bitcoin", "source": "coingecko", "event": "macro_success", "timestamp": "2025-09-18T18:43:50.090245Z", "run_id": "RUN123", "level": "info"}
{"task": "macro", "event": "task_ok", "timestamp": "2025-09-18T18:43:50.093256Z", "run_id": "RUN123", "level": "info"}
{"task": "macro", "duration": 0.644404, "event": "task_end", "timestamp": "2025-09-18T18:43:50.093256Z", "run_id": "RUN123", "level": "info"}
Job "task_wrapper (trigger: interval[0:05:03.685195], next run at: 2025-09-18 20:48:53 CEST)" executed successfully
{"alive": true, "rss_mb": 73.0, "cpu_percent": 0.0, "event": "heartbeat", "timestamp": "2025-09-18T18:44:23.626436Z", "run_id": "RUN123", "level": "info"}
{"alive": true, "rss_mb": 73.0, "cpu_percent": 0.0, "event": "heartbeat", "timestamp": "2025-09-18T18:45:23.635057Z", "run_id": "RUN123", "level": "info"}
Running job "task_wrapper (trigger: interval[0:05:00.485919], next run at: 2025-09-18 20:51:16 CEST)" (scheduled at 2025-09-18 20:46:15.870316+02:00)
{"task": "derivatives_oi", "ts": "2025-09-18T18:46:15.880066Z", "event": "task_start", "timestamp": "2025-09-18T18:46:15.880066Z", "run_id": "RUN123", "level": "info"}
{"symbol": "BTCUSDT", "event": "deriv_cache_hit", "timestamp": "2025-09-18T18:46:15.881056Z", "run_id": "RUN123", "level": "info"}
{"task": "derivatives_oi", "event": "task_ok", "timestamp": "2025-09-18T18:46:15.881056Z", "run_id": "RUN123", "level": "info"}
{"task": "derivatives_oi", "duration": 0.001991, "event": "task_end", "timestamp": "2025-09-18T18:46:15.882057Z", "run_id": "RUN123", "level": "info"}
Job "task_wrapper (trigger: interval[0:05:00.485919], next run at: 2025-09-18 20:51:16 CEST)" executed successfully
{"alive": true, "rss_mb": 73.0, "cpu_percent": 0.0, "event": "heartbeat", "timestamp": "2025-09-18T18:46:23.651332Z", "run_id": "RUN123", "level": "info"}
{"alive": true, "rss_mb": 73.0, "cpu_percent": 0.0, "event": "heartbeat", "timestamp": "2025-09-18T18:47:23.675817Z", "run_id": "RUN123", "level": "info"}
Running job "task_wrapper (trigger: interval[0:05:03.429341], next run at: 2025-09-18 20:52:55 CEST)" (scheduled at 2025-09-18 20:47:52.491491+02:00)
{"task": "derivatives_lsr", "ts": "2025-09-18T18:47:52.505527Z", "event": "task_start", "timestamp": "2025-09-18T18:47:52.505527Z", "run_id": "RUN123", "level": "info"}
HTTP Request: GET https://api.bybit.com/v5/market/account-ratio?category=linear&symbol=BTCUSDT&period=5min "HTTP/1.1 200 OK"
{"symbol": "BTCUSDT", "metric": "long_short_ratio", "source": "bybit", "event": "deriv_success", "timestamp": "2025-09-18T18:47:53.232246Z", "run_id": "RUN123", "level": "info"}
{"task": "derivatives_lsr", "event": "task_ok", "timestamp": "2025-09-18T18:47:53.233239Z", "run_id": "RUN123", "level": "info"}
{"task": "derivatives_lsr", "duration": 0.727712, "event": "task_end", "timestamp": "2025-09-18T18:47:53.233239Z", "run_id": "RUN123", "level": "info"}
Job "task_wrapper (trigger: interval[0:05:03.429341], next run at: 2025-09-18 20:52:55 CEST)" executed successfully
{"alive": true, "rss_mb": 72.9, "cpu_percent": 0.0, "event": "heartbeat", "timestamp": "2025-09-18T18:48:23.683504Z", "run_id": "RUN123", "level": "info"}
Running job "task_wrapper (trigger: interval[0:05:03.685195], next run at: 2025-09-18 20:53:56 CEST)" (scheduled at 2025-09-18 20:48:53.118892+02:00)
{"task": "macro", "ts": "2025-09-18T18:48:53.132610Z", "event": "task_start", "timestamp": "2025-09-18T18:48:53.132610Z", "run_id": "RUN123", "level": "info"}
HTTP Request: GET https://api.coingecko.com/api/v3/coins/bitcoin "HTTP/1.1 200 OK"
{"symbol": "bitcoin", "source": "coingecko", "event": "macro_success", "timestamp": "2025-09-18T18:48:53.684128Z", "run_id": "RUN123", "level": "info"}
{"task": "macro", "event": "task_ok", "timestamp": "2025-09-18T18:48:53.685107Z", "run_id": "RUN123", "level": "info"}
{"task": "macro", "duration": 0.553514, "event": "task_end", "timestamp": "2025-09-18T18:48:53.686124Z", "run_id": "RUN123", "level": "info"}
Job "task_wrapper (trigger: interval[0:05:03.685195], next run at: 2025-09-18 20:53:56 CEST)" executed successfully
{"alive": true, "rss_mb": 71.6, "cpu_percent": 0.0, "event": "heartbeat", "timestamp": "2025-09-18T18:49:23.697255Z", "run_id": "RUN123", "level": "info"}
{"alive": true, "rss_mb": 71.6, "cpu_percent": 0.0, "event": "heartbeat", "timestamp": "2025-09-18T18:50:23.717712Z", "run_id": "RUN123", "level": "info"}
Running job "task_wrapper (trigger: interval[0:05:00.485919], next run at: 2025-09-18 20:56:16 CEST)" (scheduled at 2025-09-18 20:51:16.356235+02:00)
{"task": "derivatives_oi", "ts": "2025-09-18T18:51:16.367079Z", "event": "task_start", "timestamp": "2025-09-18T18:51:16.367079Z", "run_id": "RUN123", "level": "info"}
{"symbol": "BTCUSDT", "event": "deriv_cache_hit", "timestamp": "2025-09-18T18:51:16.367079Z", "run_id": "RUN123", "level": "info"}
{"task": "derivatives_oi", "event": "task_ok", "timestamp": "2025-09-18T18:51:16.368077Z", "run_id": "RUN123", "level": "info"}
{"task": "derivatives_oi", "duration": 0.000998, "event": "task_end", "timestamp": "2025-09-18T18:51:16.368077Z", "run_id": "RUN123", "level": "info"}
Job "task_wrapper (trigger: interval[0:05:00.485919], next run at: 2025-09-18 20:56:16 CEST)" executed successfully
{"alive": true, "rss_mb": 71.6, "cpu_percent": 0.0, "event": "heartbeat", "timestamp": "2025-09-18T18:51:23.722771Z", "run_id": "RUN123", "level": "info"}
{"alive": true, "rss_mb": 71.6, "cpu_percent": 0.0, "event": "heartbeat", "timestamp": "2025-09-18T18:52:23.731939Z", "run_id": "RUN123", "level": "info"}
Running job "task_wrapper (trigger: interval[0:05:03.429341], next run at: 2025-09-18 20:57:59 CEST)" (scheduled at 2025-09-18 20:52:55.920832+02:00)
{"task": "derivatives_lsr", "ts": "2025-09-18T18:52:55.930830Z", "event": "task_start", "timestamp": "2025-09-18T18:52:55.930830Z", "run_id": "RUN123", "level": "info"}
HTTP Request: GET https://api.bybit.com/v5/market/account-ratio?category=linear&symbol=BTCUSDT&period=5min "HTTP/1.1 200 OK"
{"symbol": "BTCUSDT", "metric": "long_short_ratio", "source": "bybit", "event": "deriv_success", "timestamp": "2025-09-18T18:52:56.653230Z", "run_id": "RUN123", "level": "info"}
{"task": "derivatives_lsr", "event": "task_ok", "timestamp": "2025-09-18T18:52:56.654230Z", "run_id": "RUN123", "level": "info"}
{"task": "derivatives_lsr", "duration": 0.724402, "event": "task_end", "timestamp": "2025-09-18T18:52:56.655232Z", "run_id": "RUN123", "level": "info"}
Job "task_wrapper (trigger: interval[0:05:03.429341], next run at: 2025-09-18 20:57:59 CEST)" executed successfully
{"alive": true, "rss_mb": 71.6, "cpu_percent": 0.0, "event": "heartbeat", "timestamp": "2025-09-18T18:53:23.751221Z", "run_id": "RUN123", "level": "info"}
Running job "task_wrapper (trigger: interval[1:00:12.398608], next run at: 2025-09-18 21:53:40 CEST)" (scheduled at 2025-09-18 20:53:27.710837+02:00)
{"task": "sentiment_fg", "ts": "2025-09-18T18:53:27.722700Z", "event": "task_start", "timestamp": "2025-09-18T18:53:27.722700Z", "run_id": "RUN123", "level": "info"}
HTTP Request: GET https://api.alternative.me/fng/ "HTTP/1.1 200 OK"
{"metric": "fear_greed", "source": "alternative.me", "event": "sentiment_success", "timestamp": "2025-09-18T18:53:28.483049Z", "run_id": "RUN123", "level": "info"}
{"task": "sentiment_fg", "event": "task_ok", "timestamp": "2025-09-18T18:53:28.484034Z", "run_id": "RUN123", "level": "info"}
{"task": "sentiment_fg", "duration": 0.761334, "event": "task_end", "timestamp": "2025-09-18T18:53:28.484034Z", "run_id": "RUN123", "level": "info"}
Job "task_wrapper (trigger: interval[1:00:12.398608], next run at: 2025-09-18 21:53:40 CEST)" executed successfully
Running job "task_wrapper (trigger: interval[0:15:38.637530], next run at: 2025-09-18 21:09:33 CEST)" (scheduled at 2025-09-18 20:53:54.819483+02:00)
{"task": "defillama", "ts": "2025-09-18T18:53:54.824787Z", "event": "task_start", "timestamp": "2025-09-18T18:53:54.824787Z", "run_id": "RUN123", "level": "info"}
{"chain": "ethereum", "event": "defillama_cache_hit", "timestamp": "2025-09-18T18:53:54.825775Z", "run_id": "RUN123", "level": "info"}
{"task": "defillama", "event": "task_ok", "timestamp": "2025-09-18T18:53:54.825775Z", "run_id": "RUN123", "level": "info"}
{"task": "defillama", "duration": 0.000988, "event": "task_end", "timestamp": "2025-09-18T18:53:54.825775Z", "run_id": "RUN123", "level": "info"}
Job "task_wrapper (trigger: interval[0:15:38.637530], next run at: 2025-09-18 21:09:33 CEST)" executed successfully
Running job "task_wrapper (trigger: interval[0:05:03.685195], next run at: 2025-09-18 20:59:00 CEST)" (scheduled at 2025-09-18 20:53:56.804087+02:00)
{"task": "macro", "ts": "2025-09-18T18:53:56.811409Z", "event": "task_start", "timestamp": "2025-09-18T18:53:56.811409Z", "run_id": "RUN123", "level": "info"}
HTTP Request: GET https://api.coingecko.com/api/v3/coins/bitcoin "HTTP/1.1 200 OK"
{"symbol": "bitcoin", "source": "coingecko", "event": "macro_success", "timestamp": "2025-09-18T18:53:57.369147Z", "run_id": "RUN123", "level": "info"}
{"task": "macro", "event": "task_ok", "timestamp": "2025-09-18T18:53:57.370134Z", "run_id": "RUN123", "level": "info"}
{"task": "macro", "duration": 0.558725, "event": "task_end", "timestamp": "2025-09-18T18:53:57.370134Z", "run_id": "RUN123", "level": "info"}
Job "task_wrapper (trigger: interval[0:05:03.685195], next run at: 2025-09-18 20:59:00 CEST)" executed successfully
{"alive": true, "rss_mb": 71.9, "cpu_percent": 0.0, "event": "heartbeat", "timestamp": "2025-09-18T18:54:23.758457Z", "run_id": "RUN123", "level": "info"}
{"alive": true, "rss_mb": 71.9, "cpu_percent": 0.0, "event": "heartbeat", "timestamp": "2025-09-18T18:55:23.770531Z", "run_id": "RUN123", "level": "info"}
Running job "task_wrapper (trigger: interval[0:05:00.485919], next run at: 2025-09-18 21:01:17 CEST)" (scheduled at 2025-09-18 20:56:16.842154+02:00)
{"task": "derivatives_oi", "ts": "2025-09-18T18:56:16.853919Z", "event": "task_start", "timestamp": "2025-09-18T18:56:16.853919Z", "run_id": "RUN123", "level": "info"}
{"symbol": "BTCUSDT", "event": "deriv_cache_hit", "timestamp": "2025-09-18T18:56:16.854922Z", "run_id": "RUN123", "level": "info"}
{"task": "derivatives_oi", "event": "task_ok", "timestamp": "2025-09-18T18:56:16.854922Z", "run_id": "RUN123", "level": "info"}
{"task": "derivatives_oi", "duration": 0.00201, "event": "task_end", "timestamp": "2025-09-18T18:56:16.855929Z", "run_id": "RUN123", "level": "info"}
Job "task_wrapper (trigger: interval[0:05:00.485919], next run at: 2025-09-18 21:01:17 CEST)" executed successfully
{"alive": true, "rss_mb": 71.9, "cpu_percent": 0.0, "event": "heartbeat", "timestamp": "2025-09-18T18:56:23.772702Z", "run_id": "RUN123", "level": "info"}
{"alive": true, "rss_mb": 71.9, "cpu_percent": 0.0, "event": "heartbeat", "timestamp": "2025-09-18T18:57:23.763843Z", "run_id": "RUN123", "level": "info"}
{"event": "Application stopped by user", "timestamp": "2025-09-18T18:57:41.792404Z", "level": "info"}
