{"run_log": "C:\\Users\\To the moon\\Downloads\\new_crypto_prodsafe\\logs\\run_20250918_005301.log", "rotating_log": "C:\\Users\\To the moon\\Downloads\\new_crypto_prodsafe\\logs\\app.log", "run_id": "cf63c8e2", "event": "Logging initialized", "timestamp": "2025-09-17T22:53:01.426321Z", "level": "info"}
{"mode": "scheduler", "enable_sched": true, "sched_cfg": "scheduler/jobs.yaml", "event": "Starting Crypto Monitor", "timestamp": "2025-09-17T22:53:01.430327Z", "run_id": "cf63c8e2", "level": "info"}
Adding job tentatively -- it will be properly scheduled when the scheduler starts
{"id": "macro", "every": 300.0, "func": "pipeline.collectors.market:fetch_macro", "args": ["bitcoin"], "kwargs": ["cmc_api_key"], "event": "job_registered", "timestamp": "2025-09-17T22:53:01.450327Z", "run_id": "cf63c8e2", "level": "info"}
Adding job tentatively -- it will be properly scheduled when the scheduler starts
{"id": "defillama", "every": 900.0, "func": "pipeline.collectors.defillama:fetch_defillama_tvl", "args": ["ethereum"], "kwargs": [], "event": "job_registered", "timestamp": "2025-09-17T22:53:01.451325Z", "run_id": "cf63c8e2", "level": "info"}
Adding job tentatively -- it will be properly scheduled when the scheduler starts
{"id": "onchain_tx", "every": 1800.0, "func": "pipeline.collectors.onchain:fetch_txcount", "args": ["BTC"], "kwargs": ["etherscan_api_key"], "event": "job_registered", "timestamp": "2025-09-17T22:53:01.452325Z", "run_id": "cf63c8e2", "level": "info"}
Adding job tentatively -- it will be properly scheduled when the scheduler starts
{"id": "onchain_hashrate", "every": 1800.0, "func": "pipeline.collectors.onchain:fetch_hashrate", "args": ["BTC"], "kwargs": [], "event": "job_registered", "timestamp": "2025-09-17T22:53:01.453330Z", "run_id": "cf63c8e2", "level": "info"}
Adding job tentatively -- it will be properly scheduled when the scheduler starts
{"id": "onchain_sopr", "every": 1800.0, "func": "pipeline.collectors.onchain:fetch_sopr", "args": ["BTC"], "kwargs": [], "event": "job_registered", "timestamp": "2025-09-17T22:53:01.454326Z", "run_id": "cf63c8e2", "level": "info"}
Adding job tentatively -- it will be properly scheduled when the scheduler starts
{"id": "derivatives_oi", "every": 300.0, "func": "pipeline.collectors.derivatives:fetch_bybit_oi", "args": ["BTCUSDT"], "kwargs": [], "event": "job_registered", "timestamp": "2025-09-17T22:53:01.454326Z", "run_id": "cf63c8e2", "level": "info"}
Adding job tentatively -- it will be properly scheduled when the scheduler starts
{"id": "derivatives_lsr", "every": 300.0, "func": "pipeline.collectors.derivatives:fetch_bybit_long_short_ratio", "args": ["BTCUSDT"], "kwargs": [], "event": "job_registered", "timestamp": "2025-09-17T22:53:01.456329Z", "run_id": "cf63c8e2", "level": "info"}
Adding job tentatively -- it will be properly scheduled when the scheduler starts
{"id": "sentiment_fg", "every": 3600.0, "func": "pipeline.collectors.sentiment:fetch_fear_greed", "args": [], "kwargs": [], "event": "job_registered", "timestamp": "2025-09-17T22:53:01.457325Z", "run_id": "cf63c8e2", "level": "info"}
Added job "task_wrapper" to job store "default"
Added job "task_wrapper" to job store "default"
Added job "task_wrapper" to job store "default"
Added job "task_wrapper" to job store "default"
Added job "task_wrapper" to job store "default"
Added job "task_wrapper" to job store "default"
Added job "task_wrapper" to job store "default"
Added job "task_wrapper" to job store "default"
Scheduler started
{"jobs": ["defillama", "derivatives_lsr", "derivatives_oi", "macro", "onchain_hashrate", "onchain_sopr", "onchain_tx", "sentiment_fg"], "event": "Scheduler started", "timestamp": "2025-09-17T22:53:01.463323Z", "run_id": "cf63c8e2", "level": "info"}
{"port": 9300, "event": "metrics_server_started", "timestamp": "2025-09-17T22:53:02.774296Z", "run_id": "cf63c8e2", "level": "info"}
{"alive": true, "rss_mb": 48.7, "cpu_percent": 0.0, "event": "heartbeat", "timestamp": "2025-09-17T22:53:02.798923Z", "run_id": "cf63c8e2", "level": "info"}
{"alive": true, "rss_mb": 48.6, "cpu_percent": 0.0, "event": "heartbeat", "timestamp": "2025-09-17T22:54:02.822563Z", "run_id": "cf63c8e2", "level": "info"}
{"alive": true, "rss_mb": 48.6, "cpu_percent": 0.0, "event": "heartbeat", "timestamp": "2025-09-17T22:55:02.838937Z", "run_id": "cf63c8e2", "level": "info"}
{"alive": true, "rss_mb": 48.6, "cpu_percent": 0.0, "event": "heartbeat", "timestamp": "2025-09-17T22:56:02.846557Z", "run_id": "cf63c8e2", "level": "info"}
{"alive": true, "rss_mb": 48.6, "cpu_percent": 0.0, "event": "heartbeat", "timestamp": "2025-09-17T22:57:02.843275Z", "run_id": "cf63c8e2", "level": "info"}
{"alive": true, "rss_mb": 48.7, "cpu_percent": 0.0, "event": "heartbeat", "timestamp": "2025-09-17T22:58:02.854246Z", "run_id": "cf63c8e2", "level": "info"}
{"alive": true, "rss_mb": 48.7, "cpu_percent": 0.0, "event": "heartbeat", "timestamp": "2025-09-17T22:59:02.840635Z", "run_id": "cf63c8e2", "level": "info"}
{"alive": true, "rss_mb": 48.6, "cpu_percent": 0.0, "event": "heartbeat", "timestamp": "2025-09-17T23:00:02.856514Z", "run_id": "cf63c8e2", "level": "info"}
{"alive": true, "rss_mb": 48.7, "cpu_percent": 0.0, "event": "heartbeat", "timestamp": "2025-09-17T23:01:02.869631Z", "run_id": "cf63c8e2", "level": "info"}
{"alive": true, "rss_mb": 48.6, "cpu_percent": 0.0, "event": "heartbeat", "timestamp": "2025-09-17T23:02:02.879740Z", "run_id": "cf63c8e2", "level": "info"}
{"alive": true, "rss_mb": 48.7, "cpu_percent": 0.0, "event": "heartbeat", "timestamp": "2025-09-17T23:03:02.883560Z", "run_id": "cf63c8e2", "level": "info"}
{"alive": true, "rss_mb": 48.7, "cpu_percent": 0.0, "event": "heartbeat", "timestamp": "2025-09-17T23:04:02.888010Z", "run_id": "cf63c8e2", "level": "info"}
{"alive": true, "rss_mb": 48.7, "cpu_percent": 0.0, "event": "heartbeat", "timestamp": "2025-09-17T23:05:02.891377Z", "run_id": "cf63c8e2", "level": "info"}
{"alive": true, "rss_mb": 48.1, "cpu_percent": 0.0, "event": "heartbeat", "timestamp": "2025-09-17T23:06:02.903910Z", "run_id": "cf63c8e2", "level": "info"}
{"alive": true, "rss_mb": 48.1, "cpu_percent": 0.0, "event": "heartbeat", "timestamp": "2025-09-17T23:07:02.913851Z", "run_id": "cf63c8e2", "level": "info"}
{"alive": true, "rss_mb": 48.1, "cpu_percent": 0.0, "event": "heartbeat", "timestamp": "2025-09-17T23:08:02.921830Z", "run_id": "cf63c8e2", "level": "info"}
{"alive": true, "rss_mb": 48.1, "cpu_percent": 0.0, "event": "heartbeat", "timestamp": "2025-09-17T23:09:02.927766Z", "run_id": "cf63c8e2", "level": "info"}
{"alive": true, "rss_mb": 48.1, "cpu_percent": 0.0, "event": "heartbeat", "timestamp": "2025-09-17T23:10:02.934103Z", "run_id": "cf63c8e2", "level": "info"}
{"alive": true, "rss_mb": 48.1, "cpu_percent": 0.0, "event": "heartbeat", "timestamp": "2025-09-17T23:11:02.945418Z", "run_id": "cf63c8e2", "level": "info"}
{"alive": true, "rss_mb": 48.1, "cpu_percent": 0.0, "event": "heartbeat", "timestamp": "2025-09-17T23:12:02.952977Z", "run_id": "cf63c8e2", "level": "info"}
{"alive": true, "rss_mb": 48.1, "cpu_percent": 0.0, "event": "heartbeat", "timestamp": "2025-09-17T23:13:02.971602Z", "run_id": "cf63c8e2", "level": "info"}
{"alive": true, "rss_mb": 48.1, "cpu_percent": 0.0, "event": "heartbeat", "timestamp": "2025-09-17T23:14:02.987807Z", "run_id": "cf63c8e2", "level": "info"}
{"alive": true, "rss_mb": 48.1, "cpu_percent": 0.0, "event": "heartbeat", "timestamp": "2025-09-17T23:15:03.002890Z", "run_id": "cf63c8e2", "level": "info"}
{"alive": true, "rss_mb": 48.1, "cpu_percent": 0.0, "event": "heartbeat", "timestamp": "2025-09-17T23:16:03.010915Z", "run_id": "cf63c8e2", "level": "info"}
{"alive": true, "rss_mb": 48.1, "cpu_percent": 0.0, "event": "heartbeat", "timestamp": "2025-09-17T23:17:03.016485Z", "run_id": "cf63c8e2", "level": "info"}
{"alive": true, "rss_mb": 48.1, "cpu_percent": 0.0, "event": "heartbeat", "timestamp": "2025-09-17T23:18:03.031516Z", "run_id": "cf63c8e2", "level": "info"}
{"alive": true, "rss_mb": 48.1, "cpu_percent": 0.0, "event": "heartbeat", "timestamp": "2025-09-17T23:19:03.043315Z", "run_id": "cf63c8e2", "level": "info"}
{"alive": true, "rss_mb": 48.1, "cpu_percent": 0.0, "event": "heartbeat", "timestamp": "2025-09-17T23:20:03.050478Z", "run_id": "cf63c8e2", "level": "info"}
{"alive": true, "rss_mb": 48.1, "cpu_percent": 0.0, "event": "heartbeat", "timestamp": "2025-09-17T23:21:03.061275Z", "run_id": "cf63c8e2", "level": "info"}
{"alive": true, "rss_mb": 48.1, "cpu_percent": 0.0, "event": "heartbeat", "timestamp": "2025-09-17T23:22:03.068580Z", "run_id": "cf63c8e2", "level": "info"}
{"alive": true, "rss_mb": 48.1, "cpu_percent": 0.0, "event": "heartbeat", "timestamp": "2025-09-17T23:23:03.085020Z", "run_id": "cf63c8e2", "level": "info"}
{"alive": true, "rss_mb": 48.1, "cpu_percent": 0.0, "event": "heartbeat", "timestamp": "2025-09-17T23:24:03.089431Z", "run_id": "cf63c8e2", "level": "info"}
{"alive": true, "rss_mb": 48.1, "cpu_percent": 0.0, "event": "heartbeat", "timestamp": "2025-09-17T23:25:03.098538Z", "run_id": "cf63c8e2", "level": "info"}
{"alive": true, "rss_mb": 48.1, "cpu_percent": 0.0, "event": "heartbeat", "timestamp": "2025-09-17T23:26:03.111250Z", "run_id": "cf63c8e2", "level": "info"}
{"alive": true, "rss_mb": 48.1, "cpu_percent": 0.0, "event": "heartbeat", "timestamp": "2025-09-17T23:27:03.123730Z", "run_id": "cf63c8e2", "level": "info"}
{"alive": true, "rss_mb": 48.1, "cpu_percent": 0.0, "event": "heartbeat", "timestamp": "2025-09-17T23:28:03.139720Z", "run_id": "cf63c8e2", "level": "info"}
{"alive": true, "rss_mb": 48.1, "cpu_percent": 0.0, "event": "heartbeat", "timestamp": "2025-09-17T23:29:03.156772Z", "run_id": "cf63c8e2", "level": "info"}
{"alive": true, "rss_mb": 48.1, "cpu_percent": 0.0, "event": "heartbeat", "timestamp": "2025-09-17T23:30:03.169755Z", "run_id": "cf63c8e2", "level": "info"}
{"alive": true, "rss_mb": 48.1, "cpu_percent": 0.0, "event": "heartbeat", "timestamp": "2025-09-17T23:31:03.176384Z", "run_id": "cf63c8e2", "level": "info"}
{"alive": true, "rss_mb": 48.1, "cpu_percent": 0.0, "event": "heartbeat", "timestamp": "2025-09-17T23:32:03.191649Z", "run_id": "cf63c8e2", "level": "info"}
{"alive": true, "rss_mb": 48.1, "cpu_percent": 0.0, "event": "heartbeat", "timestamp": "2025-09-17T23:33:03.193356Z", "run_id": "cf63c8e2", "level": "info"}
{"alive": true, "rss_mb": 48.1, "cpu_percent": 0.0, "event": "heartbeat", "timestamp": "2025-09-17T23:34:03.198370Z", "run_id": "cf63c8e2", "level": "info"}
{"alive": true, "rss_mb": 48.1, "cpu_percent": 0.0, "event": "heartbeat", "timestamp": "2025-09-17T23:35:03.205214Z", "run_id": "cf63c8e2", "level": "info"}
{"alive": true, "rss_mb": 48.1, "cpu_percent": 0.0, "event": "heartbeat", "timestamp": "2025-09-17T23:36:03.218165Z", "run_id": "cf63c8e2", "level": "info"}
{"alive": true, "rss_mb": 48.1, "cpu_percent": 0.0, "event": "heartbeat", "timestamp": "2025-09-17T23:37:03.230397Z", "run_id": "cf63c8e2", "level": "info"}
{"alive": true, "rss_mb": 48.1, "cpu_percent": 0.0, "event": "heartbeat", "timestamp": "2025-09-17T23:38:03.237745Z", "run_id": "cf63c8e2", "level": "info"}
{"alive": true, "rss_mb": 48.1, "cpu_percent": 0.0, "event": "heartbeat", "timestamp": "2025-09-17T23:39:03.248113Z", "run_id": "cf63c8e2", "level": "info"}
{"alive": true, "rss_mb": 48.1, "cpu_percent": 0.0, "event": "heartbeat", "timestamp": "2025-09-17T23:40:03.252438Z", "run_id": "cf63c8e2", "level": "info"}
{"alive": true, "rss_mb": 48.1, "cpu_percent": 0.0, "event": "heartbeat", "timestamp": "2025-09-17T23:41:03.270500Z", "run_id": "cf63c8e2", "level": "info"}
{"alive": true, "rss_mb": 48.1, "cpu_percent": 0.0, "event": "heartbeat", "timestamp": "2025-09-17T23:42:03.282687Z", "run_id": "cf63c8e2", "level": "info"}
{"alive": true, "rss_mb": 48.1, "cpu_percent": 0.0, "event": "heartbeat", "timestamp": "2025-09-17T23:43:03.286162Z", "run_id": "cf63c8e2", "level": "info"}
{"alive": true, "rss_mb": 48.1, "cpu_percent": 0.0, "event": "heartbeat", "timestamp": "2025-09-17T23:44:03.290085Z", "run_id": "cf63c8e2", "level": "info"}
{"alive": true, "rss_mb": 48.1, "cpu_percent": 0.0, "event": "heartbeat", "timestamp": "2025-09-17T23:45:03.291616Z", "run_id": "cf63c8e2", "level": "info"}
{"alive": true, "rss_mb": 48.1, "cpu_percent": 0.0, "event": "heartbeat", "timestamp": "2025-09-17T23:46:03.309139Z", "run_id": "cf63c8e2", "level": "info"}
{"alive": true, "rss_mb": 48.1, "cpu_percent": 0.0, "event": "heartbeat", "timestamp": "2025-09-17T23:47:03.314762Z", "run_id": "cf63c8e2", "level": "info"}
{"alive": true, "rss_mb": 48.1, "cpu_percent": 0.0, "event": "heartbeat", "timestamp": "2025-09-17T23:48:03.340672Z", "run_id": "cf63c8e2", "level": "info"}
{"alive": true, "rss_mb": 48.1, "cpu_percent": 0.0, "event": "heartbeat", "timestamp": "2025-09-17T23:49:03.351606Z", "run_id": "cf63c8e2", "level": "info"}
{"alive": true, "rss_mb": 48.1, "cpu_percent": 0.0, "event": "heartbeat", "timestamp": "2025-09-17T23:50:03.370822Z", "run_id": "cf63c8e2", "level": "info"}
{"alive": true, "rss_mb": 48.1, "cpu_percent": 0.0, "event": "heartbeat", "timestamp": "2025-09-17T23:51:03.389215Z", "run_id": "cf63c8e2", "level": "info"}
{"alive": true, "rss_mb": 48.1, "cpu_percent": 0.0, "event": "heartbeat", "timestamp": "2025-09-17T23:52:03.402413Z", "run_id": "cf63c8e2", "level": "info"}
{"alive": true, "rss_mb": 48.1, "cpu_percent": 0.0, "event": "heartbeat", "timestamp": "2025-09-17T23:53:03.424180Z", "run_id": "cf63c8e2", "level": "info"}
{"alive": true, "rss_mb": 48.1, "cpu_percent": 0.0, "event": "heartbeat", "timestamp": "2025-09-17T23:54:03.444941Z", "run_id": "cf63c8e2", "level": "info"}
{"alive": true, "rss_mb": 48.1, "cpu_percent": 0.0, "event": "heartbeat", "timestamp": "2025-09-17T23:55:03.449689Z", "run_id": "cf63c8e2", "level": "info"}
{"alive": true, "rss_mb": 48.1, "cpu_percent": 0.0, "event": "heartbeat", "timestamp": "2025-09-17T23:56:03.467718Z", "run_id": "cf63c8e2", "level": "info"}
{"alive": true, "rss_mb": 48.1, "cpu_percent": 0.0, "event": "heartbeat", "timestamp": "2025-09-17T23:57:03.475865Z", "run_id": "cf63c8e2", "level": "info"}
{"alive": true, "rss_mb": 48.1, "cpu_percent": 0.0, "event": "heartbeat", "timestamp": "2025-09-17T23:58:03.487678Z", "run_id": "cf63c8e2", "level": "info"}
{"alive": true, "rss_mb": 48.1, "cpu_percent": 0.0, "event": "heartbeat", "timestamp": "2025-09-17T23:59:03.504172Z", "run_id": "cf63c8e2", "level": "info"}
{"alive": true, "rss_mb": 48.1, "cpu_percent": 0.0, "event": "heartbeat", "timestamp": "2025-09-18T00:00:03.531869Z", "run_id": "cf63c8e2", "level": "info"}
{"alive": true, "rss_mb": 48.1, "cpu_percent": 0.0, "event": "heartbeat", "timestamp": "2025-09-18T00:01:03.549162Z", "run_id": "cf63c8e2", "level": "info"}
{"alive": true, "rss_mb": 48.1, "cpu_percent": 0.0, "event": "heartbeat", "timestamp": "2025-09-18T00:02:03.581436Z", "run_id": "cf63c8e2", "level": "info"}
{"alive": true, "rss_mb": 48.1, "cpu_percent": 0.0, "event": "heartbeat", "timestamp": "2025-09-18T00:03:03.587245Z", "run_id": "cf63c8e2", "level": "info"}
{"alive": true, "rss_mb": 48.1, "cpu_percent": 0.0, "event": "heartbeat", "timestamp": "2025-09-18T00:04:03.599854Z", "run_id": "cf63c8e2", "level": "info"}
{"alive": true, "rss_mb": 48.1, "cpu_percent": 0.0, "event": "heartbeat", "timestamp": "2025-09-18T00:05:03.619658Z", "run_id": "cf63c8e2", "level": "info"}
{"alive": true, "rss_mb": 48.1, "cpu_percent": 0.0, "event": "heartbeat", "timestamp": "2025-09-18T00:06:03.624992Z", "run_id": "cf63c8e2", "level": "info"}
{"alive": true, "rss_mb": 48.1, "cpu_percent": 0.0, "event": "heartbeat", "timestamp": "2025-09-18T00:07:03.644416Z", "run_id": "cf63c8e2", "level": "info"}
{"alive": true, "rss_mb": 48.1, "cpu_percent": 0.0, "event": "heartbeat", "timestamp": "2025-09-18T00:08:03.652005Z", "run_id": "cf63c8e2", "level": "info"}
{"alive": true, "rss_mb": 48.1, "cpu_percent": 0.0, "event": "heartbeat", "timestamp": "2025-09-18T00:09:03.662608Z", "run_id": "cf63c8e2", "level": "info"}
{"alive": true, "rss_mb": 48.1, "cpu_percent": 0.0, "event": "heartbeat", "timestamp": "2025-09-18T00:10:03.656767Z", "run_id": "cf63c8e2", "level": "info"}
{"alive": true, "rss_mb": 48.1, "cpu_percent": 0.0, "event": "heartbeat", "timestamp": "2025-09-18T00:11:03.669546Z", "run_id": "cf63c8e2", "level": "info"}
{"alive": true, "rss_mb": 48.1, "cpu_percent": 0.0, "event": "heartbeat", "timestamp": "2025-09-18T00:12:03.697140Z", "run_id": "cf63c8e2", "level": "info"}
{"alive": true, "rss_mb": 48.1, "cpu_percent": 0.0, "event": "heartbeat", "timestamp": "2025-09-18T00:13:03.707819Z", "run_id": "cf63c8e2", "level": "info"}
{"alive": true, "rss_mb": 48.1, "cpu_percent": 0.0, "event": "heartbeat", "timestamp": "2025-09-18T00:14:03.705243Z", "run_id": "cf63c8e2", "level": "info"}
{"alive": true, "rss_mb": 48.1, "cpu_percent": 0.0, "event": "heartbeat", "timestamp": "2025-09-18T00:15:03.725915Z", "run_id": "cf63c8e2", "level": "info"}
{"alive": true, "rss_mb": 48.1, "cpu_percent": 0.0, "event": "heartbeat", "timestamp": "2025-09-18T00:16:03.738829Z", "run_id": "cf63c8e2", "level": "info"}
{"alive": true, "rss_mb": 48.1, "cpu_percent": 0.0, "event": "heartbeat", "timestamp": "2025-09-18T00:17:03.743256Z", "run_id": "cf63c8e2", "level": "info"}
{"alive": true, "rss_mb": 48.1, "cpu_percent": 0.0, "event": "heartbeat", "timestamp": "2025-09-18T00:18:03.742588Z", "run_id": "cf63c8e2", "level": "info"}
{"alive": true, "rss_mb": 48.1, "cpu_percent": 0.0, "event": "heartbeat", "timestamp": "2025-09-18T00:19:03.757787Z", "run_id": "cf63c8e2", "level": "info"}
{"alive": true, "rss_mb": 48.1, "cpu_percent": 0.0, "event": "heartbeat", "timestamp": "2025-09-18T00:20:03.766715Z", "run_id": "cf63c8e2", "level": "info"}
{"alive": true, "rss_mb": 48.1, "cpu_percent": 0.0, "event": "heartbeat", "timestamp": "2025-09-18T00:21:03.773381Z", "run_id": "cf63c8e2", "level": "info"}
{"alive": true, "rss_mb": 48.1, "cpu_percent": 0.0, "event": "heartbeat", "timestamp": "2025-09-18T00:22:03.787287Z", "run_id": "cf63c8e2", "level": "info"}
{"alive": true, "rss_mb": 48.1, "cpu_percent": 0.0, "event": "heartbeat", "timestamp": "2025-09-18T00:23:03.788082Z", "run_id": "cf63c8e2", "level": "info"}
{"alive": true, "rss_mb": 48.1, "cpu_percent": 0.0, "event": "heartbeat", "timestamp": "2025-09-18T00:24:03.803748Z", "run_id": "cf63c8e2", "level": "info"}
{"alive": true, "rss_mb": 48.1, "cpu_percent": 0.0, "event": "heartbeat", "timestamp": "2025-09-18T00:25:03.814514Z", "run_id": "cf63c8e2", "level": "info"}
{"alive": true, "rss_mb": 48.1, "cpu_percent": 0.0, "event": "heartbeat", "timestamp": "2025-09-18T00:26:03.827407Z", "run_id": "cf63c8e2", "level": "info"}
{"alive": true, "rss_mb": 48.1, "cpu_percent": 0.0, "event": "heartbeat", "timestamp": "2025-09-18T00:27:03.841479Z", "run_id": "cf63c8e2", "level": "info"}
{"alive": true, "rss_mb": 48.1, "cpu_percent": 0.0, "event": "heartbeat", "timestamp": "2025-09-18T00:28:03.857810Z", "run_id": "cf63c8e2", "level": "info"}
{"alive": true, "rss_mb": 48.1, "cpu_percent": 0.0, "event": "heartbeat", "timestamp": "2025-09-18T00:29:03.873323Z", "run_id": "cf63c8e2", "level": "info"}
{"alive": true, "rss_mb": 48.1, "cpu_percent": 0.0, "event": "heartbeat", "timestamp": "2025-09-18T00:30:03.880752Z", "run_id": "cf63c8e2", "level": "info"}
{"alive": true, "rss_mb": 48.1, "cpu_percent": 0.0, "event": "heartbeat", "timestamp": "2025-09-18T00:31:03.902350Z", "run_id": "cf63c8e2", "level": "info"}
{"alive": true, "rss_mb": 48.1, "cpu_percent": 0.0, "event": "heartbeat", "timestamp": "2025-09-18T00:32:03.912825Z", "run_id": "cf63c8e2", "level": "info"}
{"alive": true, "rss_mb": 48.1, "cpu_percent": 0.0, "event": "heartbeat", "timestamp": "2025-09-18T00:33:03.913913Z", "run_id": "cf63c8e2", "level": "info"}
{"alive": true, "rss_mb": 48.1, "cpu_percent": 0.0, "event": "heartbeat", "timestamp": "2025-09-18T00:34:03.927700Z", "run_id": "cf63c8e2", "level": "info"}
{"alive": true, "rss_mb": 48.1, "cpu_percent": 0.0, "event": "heartbeat", "timestamp": "2025-09-18T00:35:03.928554Z", "run_id": "cf63c8e2", "level": "info"}
{"alive": true, "rss_mb": 48.1, "cpu_percent": 0.0, "event": "heartbeat", "timestamp": "2025-09-18T00:36:03.950120Z", "run_id": "cf63c8e2", "level": "info"}
{"alive": true, "rss_mb": 48.1, "cpu_percent": 0.0, "event": "heartbeat", "timestamp": "2025-09-18T00:37:03.964804Z", "run_id": "cf63c8e2", "level": "info"}
{"alive": true, "rss_mb": 48.1, "cpu_percent": 0.0, "event": "heartbeat", "timestamp": "2025-09-18T00:38:03.975679Z", "run_id": "cf63c8e2", "level": "info"}
{"alive": true, "rss_mb": 48.1, "cpu_percent": 0.0, "event": "heartbeat", "timestamp": "2025-09-18T00:39:03.988258Z", "run_id": "cf63c8e2", "level": "info"}
{"alive": true, "rss_mb": 48.1, "cpu_percent": 0.0, "event": "heartbeat", "timestamp": "2025-09-18T00:40:03.994096Z", "run_id": "cf63c8e2", "level": "info"}
{"alive": true, "rss_mb": 48.1, "cpu_percent": 0.0, "event": "heartbeat", "timestamp": "2025-09-18T00:41:04.009353Z", "run_id": "cf63c8e2", "level": "info"}
{"alive": true, "rss_mb": 48.1, "cpu_percent": 0.0, "event": "heartbeat", "timestamp": "2025-09-18T00:42:04.027757Z", "run_id": "cf63c8e2", "level": "info"}
{"alive": true, "rss_mb": 48.1, "cpu_percent": 0.0, "event": "heartbeat", "timestamp": "2025-09-18T00:43:04.048585Z", "run_id": "cf63c8e2", "level": "info"}
{"alive": true, "rss_mb": 48.1, "cpu_percent": 0.0, "event": "heartbeat", "timestamp": "2025-09-18T00:44:04.068975Z", "run_id": "cf63c8e2", "level": "info"}
{"alive": true, "rss_mb": 48.1, "cpu_percent": 0.0, "event": "heartbeat", "timestamp": "2025-09-18T00:45:04.068797Z", "run_id": "cf63c8e2", "level": "info"}
{"alive": true, "rss_mb": 48.1, "cpu_percent": 0.0, "event": "heartbeat", "timestamp": "2025-09-18T00:46:04.063577Z", "run_id": "cf63c8e2", "level": "info"}
{"alive": true, "rss_mb": 48.1, "cpu_percent": 0.0, "event": "heartbeat", "timestamp": "2025-09-18T00:47:04.066605Z", "run_id": "cf63c8e2", "level": "info"}
{"alive": true, "rss_mb": 48.1, "cpu_percent": 0.0, "event": "heartbeat", "timestamp": "2025-09-18T00:48:04.079488Z", "run_id": "cf63c8e2", "level": "info"}
{"alive": true, "rss_mb": 48.1, "cpu_percent": 0.0, "event": "heartbeat", "timestamp": "2025-09-18T00:49:04.096683Z", "run_id": "cf63c8e2", "level": "info"}
{"alive": true, "rss_mb": 48.1, "cpu_percent": 0.0, "event": "heartbeat", "timestamp": "2025-09-18T00:50:04.123787Z", "run_id": "cf63c8e2", "level": "info"}
{"alive": true, "rss_mb": 48.1, "cpu_percent": 0.0, "event": "heartbeat", "timestamp": "2025-09-18T00:51:04.125739Z", "run_id": "cf63c8e2", "level": "info"}
{"alive": true, "rss_mb": 48.1, "cpu_percent": 0.0, "event": "heartbeat", "timestamp": "2025-09-18T00:52:04.130702Z", "run_id": "cf63c8e2", "level": "info"}
{"alive": true, "rss_mb": 48.1, "cpu_percent": 0.0, "event": "heartbeat", "timestamp": "2025-09-18T00:53:04.144439Z", "run_id": "cf63c8e2", "level": "info"}
{"alive": true, "rss_mb": 48.1, "cpu_percent": 0.0, "event": "heartbeat", "timestamp": "2025-09-18T00:54:04.162530Z", "run_id": "cf63c8e2", "level": "info"}
{"alive": true, "rss_mb": 48.1, "cpu_percent": 0.0, "event": "heartbeat", "timestamp": "2025-09-18T00:55:04.182316Z", "run_id": "cf63c8e2", "level": "info"}
{"alive": true, "rss_mb": 48.1, "cpu_percent": 0.0, "event": "heartbeat", "timestamp": "2025-09-18T00:56:04.194805Z", "run_id": "cf63c8e2", "level": "info"}
{"alive": true, "rss_mb": 48.1, "cpu_percent": 0.0, "event": "heartbeat", "timestamp": "2025-09-18T00:57:04.201670Z", "run_id": "cf63c8e2", "level": "info"}
{"alive": true, "rss_mb": 48.1, "cpu_percent": 0.0, "event": "heartbeat", "timestamp": "2025-09-18T00:58:04.214273Z", "run_id": "cf63c8e2", "level": "info"}
{"alive": true, "rss_mb": 48.1, "cpu_percent": 0.0, "event": "heartbeat", "timestamp": "2025-09-18T00:59:04.234163Z", "run_id": "cf63c8e2", "level": "info"}
{"alive": true, "rss_mb": 48.1, "cpu_percent": 0.0, "event": "heartbeat", "timestamp": "2025-09-18T01:00:04.241553Z", "run_id": "cf63c8e2", "level": "info"}
{"alive": true, "rss_mb": 48.1, "cpu_percent": 0.0, "event": "heartbeat", "timestamp": "2025-09-18T01:01:04.251955Z", "run_id": "cf63c8e2", "level": "info"}
{"alive": true, "rss_mb": 48.1, "cpu_percent": 0.0, "event": "heartbeat", "timestamp": "2025-09-18T01:02:04.255532Z", "run_id": "cf63c8e2", "level": "info"}
{"alive": true, "rss_mb": 48.1, "cpu_percent": 0.0, "event": "heartbeat", "timestamp": "2025-09-18T01:03:04.263355Z", "run_id": "cf63c8e2", "level": "info"}
{"alive": true, "rss_mb": 48.1, "cpu_percent": 0.0, "event": "heartbeat", "timestamp": "2025-09-18T01:04:04.282086Z", "run_id": "cf63c8e2", "level": "info"}
{"alive": true, "rss_mb": 48.1, "cpu_percent": 0.0, "event": "heartbeat", "timestamp": "2025-09-18T01:05:04.303005Z", "run_id": "cf63c8e2", "level": "info"}
{"alive": true, "rss_mb": 48.1, "cpu_percent": 0.0, "event": "heartbeat", "timestamp": "2025-09-18T01:06:04.313168Z", "run_id": "cf63c8e2", "level": "info"}
{"alive": true, "rss_mb": 48.1, "cpu_percent": 0.0, "event": "heartbeat", "timestamp": "2025-09-18T01:07:04.323920Z", "run_id": "cf63c8e2", "level": "info"}
{"alive": true, "rss_mb": 48.1, "cpu_percent": 0.0, "event": "heartbeat", "timestamp": "2025-09-18T01:08:04.326382Z", "run_id": "cf63c8e2", "level": "info"}
{"alive": true, "rss_mb": 48.1, "cpu_percent": 0.0, "event": "heartbeat", "timestamp": "2025-09-18T01:09:04.331703Z", "run_id": "cf63c8e2", "level": "info"}
{"alive": true, "rss_mb": 48.1, "cpu_percent": 0.0, "event": "heartbeat", "timestamp": "2025-09-18T01:10:04.344925Z", "run_id": "cf63c8e2", "level": "info"}
{"alive": true, "rss_mb": 48.1, "cpu_percent": 0.0, "event": "heartbeat", "timestamp": "2025-09-18T01:11:04.366404Z", "run_id": "cf63c8e2", "level": "info"}
{"alive": true, "rss_mb": 48.1, "cpu_percent": 0.0, "event": "heartbeat", "timestamp": "2025-09-18T01:12:04.376376Z", "run_id": "cf63c8e2", "level": "info"}
{"alive": true, "rss_mb": 48.1, "cpu_percent": 0.0, "event": "heartbeat", "timestamp": "2025-09-18T01:13:04.400876Z", "run_id": "cf63c8e2", "level": "info"}
{"alive": true, "rss_mb": 48.1, "cpu_percent": 0.0, "event": "heartbeat", "timestamp": "2025-09-18T01:14:04.400333Z", "run_id": "cf63c8e2", "level": "info"}
{"alive": true, "rss_mb": 48.1, "cpu_percent": 0.0, "event": "heartbeat", "timestamp": "2025-09-18T01:15:04.397907Z", "run_id": "cf63c8e2", "level": "info"}
{"alive": true, "rss_mb": 48.1, "cpu_percent": 0.0, "event": "heartbeat", "timestamp": "2025-09-18T01:16:04.412607Z", "run_id": "cf63c8e2", "level": "info"}
{"alive": true, "rss_mb": 48.1, "cpu_percent": 0.0, "event": "heartbeat", "timestamp": "2025-09-18T01:17:04.431533Z", "run_id": "cf63c8e2", "level": "info"}
{"alive": true, "rss_mb": 48.1, "cpu_percent": 0.0, "event": "heartbeat", "timestamp": "2025-09-18T01:18:04.458238Z", "run_id": "cf63c8e2", "level": "info"}
{"alive": true, "rss_mb": 48.1, "cpu_percent": 0.0, "event": "heartbeat", "timestamp": "2025-09-18T01:19:04.460728Z", "run_id": "cf63c8e2", "level": "info"}
{"alive": true, "rss_mb": 48.1, "cpu_percent": 0.0, "event": "heartbeat", "timestamp": "2025-09-18T01:20:04.463763Z", "run_id": "cf63c8e2", "level": "info"}
{"alive": true, "rss_mb": 48.1, "cpu_percent": 0.0, "event": "heartbeat", "timestamp": "2025-09-18T01:21:04.468895Z", "run_id": "cf63c8e2", "level": "info"}
{"alive": true, "rss_mb": 48.1, "cpu_percent": 0.0, "event": "heartbeat", "timestamp": "2025-09-18T01:22:04.477215Z", "run_id": "cf63c8e2", "level": "info"}
{"alive": true, "rss_mb": 48.1, "cpu_percent": 0.0, "event": "heartbeat", "timestamp": "2025-09-18T01:23:04.491989Z", "run_id": "cf63c8e2", "level": "info"}
{"alive": true, "rss_mb": 48.1, "cpu_percent": 0.0, "event": "heartbeat", "timestamp": "2025-09-18T01:24:04.500397Z", "run_id": "cf63c8e2", "level": "info"}
{"alive": true, "rss_mb": 48.1, "cpu_percent": 0.0, "event": "heartbeat", "timestamp": "2025-09-18T01:25:04.521027Z", "run_id": "cf63c8e2", "level": "info"}
{"alive": true, "rss_mb": 48.1, "cpu_percent": 0.0, "event": "heartbeat", "timestamp": "2025-09-18T01:26:04.514497Z", "run_id": "cf63c8e2", "level": "info"}
{"alive": true, "rss_mb": 48.1, "cpu_percent": 0.0, "event": "heartbeat", "timestamp": "2025-09-18T01:27:04.525078Z", "run_id": "cf63c8e2", "level": "info"}
{"alive": true, "rss_mb": 48.1, "cpu_percent": 0.0, "event": "heartbeat", "timestamp": "2025-09-18T01:28:04.535101Z", "run_id": "cf63c8e2", "level": "info"}
{"alive": true, "rss_mb": 48.1, "cpu_percent": 0.0, "event": "heartbeat", "timestamp": "2025-09-18T01:29:04.550338Z", "run_id": "cf63c8e2", "level": "info"}
{"alive": true, "rss_mb": 48.1, "cpu_percent": 0.0, "event": "heartbeat", "timestamp": "2025-09-18T01:30:04.573099Z", "run_id": "cf63c8e2", "level": "info"}
{"alive": true, "rss_mb": 48.1, "cpu_percent": 0.0, "event": "heartbeat", "timestamp": "2025-09-18T01:31:04.578083Z", "run_id": "cf63c8e2", "level": "info"}
{"alive": true, "rss_mb": 48.1, "cpu_percent": 0.0, "event": "heartbeat", "timestamp": "2025-09-18T01:32:04.594207Z", "run_id": "cf63c8e2", "level": "info"}
{"alive": true, "rss_mb": 48.1, "cpu_percent": 0.0, "event": "heartbeat", "timestamp": "2025-09-18T01:33:04.604802Z", "run_id": "cf63c8e2", "level": "info"}
{"alive": true, "rss_mb": 48.1, "cpu_percent": 0.0, "event": "heartbeat", "timestamp": "2025-09-18T01:34:04.607233Z", "run_id": "cf63c8e2", "level": "info"}
{"alive": true, "rss_mb": 48.1, "cpu_percent": 0.0, "event": "heartbeat", "timestamp": "2025-09-18T01:35:04.621805Z", "run_id": "cf63c8e2", "level": "info"}
{"alive": true, "rss_mb": 48.1, "cpu_percent": 0.0, "event": "heartbeat", "timestamp": "2025-09-18T01:36:04.628818Z", "run_id": "cf63c8e2", "level": "info"}
{"alive": true, "rss_mb": 48.1, "cpu_percent": 0.0, "event": "heartbeat", "timestamp": "2025-09-18T01:37:04.647251Z", "run_id": "cf63c8e2", "level": "info"}
{"alive": true, "rss_mb": 48.1, "cpu_percent": 0.0, "event": "heartbeat", "timestamp": "2025-09-18T01:38:04.659426Z", "run_id": "cf63c8e2", "level": "info"}
{"alive": true, "rss_mb": 48.1, "cpu_percent": 0.0, "event": "heartbeat", "timestamp": "2025-09-18T01:39:04.661917Z", "run_id": "cf63c8e2", "level": "info"}
{"alive": true, "rss_mb": 48.1, "cpu_percent": 0.0, "event": "heartbeat", "timestamp": "2025-09-18T01:40:04.679219Z", "run_id": "cf63c8e2", "level": "info"}
{"alive": true, "rss_mb": 48.1, "cpu_percent": 0.0, "event": "heartbeat", "timestamp": "2025-09-18T01:41:04.694345Z", "run_id": "cf63c8e2", "level": "info"}
{"alive": true, "rss_mb": 48.1, "cpu_percent": 0.0, "event": "heartbeat", "timestamp": "2025-09-18T01:42:04.699615Z", "run_id": "cf63c8e2", "level": "info"}
{"alive": true, "rss_mb": 48.1, "cpu_percent": 0.0, "event": "heartbeat", "timestamp": "2025-09-18T01:43:04.713604Z", "run_id": "cf63c8e2", "level": "info"}
{"alive": true, "rss_mb": 48.1, "cpu_percent": 0.0, "event": "heartbeat", "timestamp": "2025-09-18T01:44:04.728204Z", "run_id": "cf63c8e2", "level": "info"}
{"alive": true, "rss_mb": 48.1, "cpu_percent": 0.0, "event": "heartbeat", "timestamp": "2025-09-18T01:45:04.742947Z", "run_id": "cf63c8e2", "level": "info"}
{"alive": true, "rss_mb": 48.1, "cpu_percent": 0.0, "event": "heartbeat", "timestamp": "2025-09-18T01:46:04.767977Z", "run_id": "cf63c8e2", "level": "info"}
{"alive": true, "rss_mb": 48.1, "cpu_percent": 0.0, "event": "heartbeat", "timestamp": "2025-09-18T01:47:04.778098Z", "run_id": "cf63c8e2", "level": "info"}
{"alive": true, "rss_mb": 48.1, "cpu_percent": 0.0, "event": "heartbeat", "timestamp": "2025-09-18T01:48:04.784090Z", "run_id": "cf63c8e2", "level": "info"}
{"alive": true, "rss_mb": 48.1, "cpu_percent": 0.0, "event": "heartbeat", "timestamp": "2025-09-18T01:49:04.786986Z", "run_id": "cf63c8e2", "level": "info"}
{"alive": true, "rss_mb": 48.1, "cpu_percent": 0.0, "event": "heartbeat", "timestamp": "2025-09-18T01:50:04.795933Z", "run_id": "cf63c8e2", "level": "info"}
{"alive": true, "rss_mb": 48.1, "cpu_percent": 0.0, "event": "heartbeat", "timestamp": "2025-09-18T01:51:04.810690Z", "run_id": "cf63c8e2", "level": "info"}
{"alive": true, "rss_mb": 48.1, "cpu_percent": 0.0, "event": "heartbeat", "timestamp": "2025-09-18T01:52:04.838472Z", "run_id": "cf63c8e2", "level": "info"}
{"alive": true, "rss_mb": 48.1, "cpu_percent": 0.0, "event": "heartbeat", "timestamp": "2025-09-18T01:53:04.836738Z", "run_id": "cf63c8e2", "level": "info"}
{"alive": true, "rss_mb": 48.1, "cpu_percent": 0.0, "event": "heartbeat", "timestamp": "2025-09-18T01:54:04.839895Z", "run_id": "cf63c8e2", "level": "info"}
{"alive": true, "rss_mb": 48.1, "cpu_percent": 0.0, "event": "heartbeat", "timestamp": "2025-09-18T01:55:04.856852Z", "run_id": "cf63c8e2", "level": "info"}
{"alive": true, "rss_mb": 48.1, "cpu_percent": 0.0, "event": "heartbeat", "timestamp": "2025-09-18T01:56:04.867049Z", "run_id": "cf63c8e2", "level": "info"}
{"alive": true, "rss_mb": 48.1, "cpu_percent": 0.0, "event": "heartbeat", "timestamp": "2025-09-18T01:57:04.876510Z", "run_id": "cf63c8e2", "level": "info"}
{"alive": true, "rss_mb": 48.1, "cpu_percent": 0.0, "event": "heartbeat", "timestamp": "2025-09-18T01:58:04.906190Z", "run_id": "cf63c8e2", "level": "info"}
{"alive": true, "rss_mb": 48.1, "cpu_percent": 0.0, "event": "heartbeat", "timestamp": "2025-09-18T01:59:04.909997Z", "run_id": "cf63c8e2", "level": "info"}
{"alive": true, "rss_mb": 48.1, "cpu_percent": 0.0, "event": "heartbeat", "timestamp": "2025-09-18T02:00:04.915037Z", "run_id": "cf63c8e2", "level": "info"}
{"alive": true, "rss_mb": 48.1, "cpu_percent": 0.0, "event": "heartbeat", "timestamp": "2025-09-18T02:01:04.932743Z", "run_id": "cf63c8e2", "level": "info"}
{"alive": true, "rss_mb": 48.1, "cpu_percent": 0.0, "event": "heartbeat", "timestamp": "2025-09-18T02:02:04.955318Z", "run_id": "cf63c8e2", "level": "info"}
{"alive": true, "rss_mb": 48.1, "cpu_percent": 0.0, "event": "heartbeat", "timestamp": "2025-09-18T02:03:04.955618Z", "run_id": "cf63c8e2", "level": "info"}
{"alive": true, "rss_mb": 48.1, "cpu_percent": 0.0, "event": "heartbeat", "timestamp": "2025-09-18T02:04:04.955168Z", "run_id": "cf63c8e2", "level": "info"}
{"alive": true, "rss_mb": 48.1, "cpu_percent": 0.0, "event": "heartbeat", "timestamp": "2025-09-18T02:05:04.953893Z", "run_id": "cf63c8e2", "level": "info"}
{"alive": true, "rss_mb": 48.1, "cpu_percent": 0.0, "event": "heartbeat", "timestamp": "2025-09-18T02:06:04.948931Z", "run_id": "cf63c8e2", "level": "info"}
{"alive": true, "rss_mb": 48.1, "cpu_percent": 0.0, "event": "heartbeat", "timestamp": "2025-09-18T02:07:04.967380Z", "run_id": "cf63c8e2", "level": "info"}
{"alive": true, "rss_mb": 48.1, "cpu_percent": 0.0, "event": "heartbeat", "timestamp": "2025-09-18T02:08:04.981265Z", "run_id": "cf63c8e2", "level": "info"}
{"alive": true, "rss_mb": 48.1, "cpu_percent": 0.0, "event": "heartbeat", "timestamp": "2025-09-18T02:09:05.000438Z", "run_id": "cf63c8e2", "level": "info"}
{"alive": true, "rss_mb": 48.1, "cpu_percent": 0.0, "event": "heartbeat", "timestamp": "2025-09-18T02:10:05.013855Z", "run_id": "cf63c8e2", "level": "info"}
{"alive": true, "rss_mb": 48.1, "cpu_percent": 0.0, "event": "heartbeat", "timestamp": "2025-09-18T02:11:05.029782Z", "run_id": "cf63c8e2", "level": "info"}
{"alive": true, "rss_mb": 48.1, "cpu_percent": 0.0, "event": "heartbeat", "timestamp": "2025-09-18T02:12:05.057057Z", "run_id": "cf63c8e2", "level": "info"}
{"alive": true, "rss_mb": 48.1, "cpu_percent": 0.0, "event": "heartbeat", "timestamp": "2025-09-18T02:13:05.073365Z", "run_id": "cf63c8e2", "level": "info"}
{"alive": true, "rss_mb": 48.1, "cpu_percent": 0.0, "event": "heartbeat", "timestamp": "2025-09-18T02:14:05.071252Z", "run_id": "cf63c8e2", "level": "info"}
{"alive": true, "rss_mb": 48.1, "cpu_percent": 0.0, "event": "heartbeat", "timestamp": "2025-09-18T02:15:05.082762Z", "run_id": "cf63c8e2", "level": "info"}
{"alive": true, "rss_mb": 48.1, "cpu_percent": 0.0, "event": "heartbeat", "timestamp": "2025-09-18T02:16:05.104845Z", "run_id": "cf63c8e2", "level": "info"}
{"alive": true, "rss_mb": 48.1, "cpu_percent": 0.0, "event": "heartbeat", "timestamp": "2025-09-18T02:17:05.107568Z", "run_id": "cf63c8e2", "level": "info"}
{"alive": true, "rss_mb": 48.1, "cpu_percent": 0.0, "event": "heartbeat", "timestamp": "2025-09-18T02:18:05.119624Z", "run_id": "cf63c8e2", "level": "info"}
{"alive": true, "rss_mb": 48.1, "cpu_percent": 0.0, "event": "heartbeat", "timestamp": "2025-09-18T02:19:05.128639Z", "run_id": "cf63c8e2", "level": "info"}
{"alive": true, "rss_mb": 48.1, "cpu_percent": 0.0, "event": "heartbeat", "timestamp": "2025-09-18T02:20:05.137330Z", "run_id": "cf63c8e2", "level": "info"}
{"alive": true, "rss_mb": 48.1, "cpu_percent": 0.0, "event": "heartbeat", "timestamp": "2025-09-18T02:21:05.134111Z", "run_id": "cf63c8e2", "level": "info"}
{"alive": true, "rss_mb": 48.1, "cpu_percent": 0.0, "event": "heartbeat", "timestamp": "2025-09-18T02:22:05.154313Z", "run_id": "cf63c8e2", "level": "info"}
{"alive": true, "rss_mb": 48.1, "cpu_percent": 0.0, "event": "heartbeat", "timestamp": "2025-09-18T02:23:05.163410Z", "run_id": "cf63c8e2", "level": "info"}
{"alive": true, "rss_mb": 48.1, "cpu_percent": 0.0, "event": "heartbeat", "timestamp": "2025-09-18T02:24:05.189186Z", "run_id": "cf63c8e2", "level": "info"}
{"alive": true, "rss_mb": 48.1, "cpu_percent": 0.0, "event": "heartbeat", "timestamp": "2025-09-18T02:25:05.182380Z", "run_id": "cf63c8e2", "level": "info"}
{"alive": true, "rss_mb": 48.1, "cpu_percent": 0.0, "event": "heartbeat", "timestamp": "2025-09-18T02:26:05.185289Z", "run_id": "cf63c8e2", "level": "info"}
{"alive": true, "rss_mb": 48.1, "cpu_percent": 0.0, "event": "heartbeat", "timestamp": "2025-09-18T02:27:05.191250Z", "run_id": "cf63c8e2", "level": "info"}
{"alive": true, "rss_mb": 48.1, "cpu_percent": 0.0, "event": "heartbeat", "timestamp": "2025-09-18T02:28:05.195212Z", "run_id": "cf63c8e2", "level": "info"}
{"alive": true, "rss_mb": 48.1, "cpu_percent": 0.0, "event": "heartbeat", "timestamp": "2025-09-18T02:29:05.208318Z", "run_id": "cf63c8e2", "level": "info"}
{"alive": true, "rss_mb": 48.1, "cpu_percent": 0.0, "event": "heartbeat", "timestamp": "2025-09-18T02:30:05.201590Z", "run_id": "cf63c8e2", "level": "info"}
{"alive": true, "rss_mb": 48.1, "cpu_percent": 0.0, "event": "heartbeat", "timestamp": "2025-09-18T02:31:05.204449Z", "run_id": "cf63c8e2", "level": "info"}
{"alive": true, "rss_mb": 48.1, "cpu_percent": 0.0, "event": "heartbeat", "timestamp": "2025-09-18T02:32:05.210179Z", "run_id": "cf63c8e2", "level": "info"}
{"alive": true, "rss_mb": 48.1, "cpu_percent": 0.0, "event": "heartbeat", "timestamp": "2025-09-18T02:33:05.207830Z", "run_id": "cf63c8e2", "level": "info"}
{"alive": true, "rss_mb": 48.1, "cpu_percent": 0.0, "event": "heartbeat", "timestamp": "2025-09-18T02:34:05.211604Z", "run_id": "cf63c8e2", "level": "info"}
{"alive": true, "rss_mb": 48.1, "cpu_percent": 0.0, "event": "heartbeat", "timestamp": "2025-09-18T02:35:05.237225Z", "run_id": "cf63c8e2", "level": "info"}
{"alive": true, "rss_mb": 48.1, "cpu_percent": 0.0, "event": "heartbeat", "timestamp": "2025-09-18T02:36:05.240885Z", "run_id": "cf63c8e2", "level": "info"}
{"alive": true, "rss_mb": 48.1, "cpu_percent": 0.0, "event": "heartbeat", "timestamp": "2025-09-18T02:37:05.254982Z", "run_id": "cf63c8e2", "level": "info"}
{"alive": true, "rss_mb": 48.1, "cpu_percent": 0.0, "event": "heartbeat", "timestamp": "2025-09-18T02:38:05.272308Z", "run_id": "cf63c8e2", "level": "info"}
{"alive": true, "rss_mb": 48.1, "cpu_percent": 0.0, "event": "heartbeat", "timestamp": "2025-09-18T02:39:05.283861Z", "run_id": "cf63c8e2", "level": "info"}
{"alive": true, "rss_mb": 48.1, "cpu_percent": 0.0, "event": "heartbeat", "timestamp": "2025-09-18T02:40:05.304469Z", "run_id": "cf63c8e2", "level": "info"}
{"alive": true, "rss_mb": 48.1, "cpu_percent": 0.0, "event": "heartbeat", "timestamp": "2025-09-18T02:41:05.300418Z", "run_id": "cf63c8e2", "level": "info"}
{"alive": true, "rss_mb": 48.1, "cpu_percent": 0.0, "event": "heartbeat", "timestamp": "2025-09-18T02:42:05.316271Z", "run_id": "cf63c8e2", "level": "info"}
{"alive": true, "rss_mb": 48.1, "cpu_percent": 0.0, "event": "heartbeat", "timestamp": "2025-09-18T02:43:05.315401Z", "run_id": "cf63c8e2", "level": "info"}
{"alive": true, "rss_mb": 48.1, "cpu_percent": 0.0, "event": "heartbeat", "timestamp": "2025-09-18T02:44:05.337647Z", "run_id": "cf63c8e2", "level": "info"}
{"alive": true, "rss_mb": 48.1, "cpu_percent": 0.0, "event": "heartbeat", "timestamp": "2025-09-18T02:45:05.345473Z", "run_id": "cf63c8e2", "level": "info"}
{"alive": true, "rss_mb": 48.1, "cpu_percent": 0.0, "event": "heartbeat", "timestamp": "2025-09-18T02:46:05.362095Z", "run_id": "cf63c8e2", "level": "info"}
{"alive": true, "rss_mb": 48.1, "cpu_percent": 0.0, "event": "heartbeat", "timestamp": "2025-09-18T02:47:05.382197Z", "run_id": "cf63c8e2", "level": "info"}
{"alive": true, "rss_mb": 48.1, "cpu_percent": 0.0, "event": "heartbeat", "timestamp": "2025-09-18T02:48:05.396861Z", "run_id": "cf63c8e2", "level": "info"}
{"alive": true, "rss_mb": 48.1, "cpu_percent": 0.0, "event": "heartbeat", "timestamp": "2025-09-18T02:49:05.404401Z", "run_id": "cf63c8e2", "level": "info"}
{"alive": true, "rss_mb": 48.1, "cpu_percent": 0.0, "event": "heartbeat", "timestamp": "2025-09-18T02:50:05.424229Z", "run_id": "cf63c8e2", "level": "info"}
{"alive": true, "rss_mb": 48.1, "cpu_percent": 0.0, "event": "heartbeat", "timestamp": "2025-09-18T02:51:05.414685Z", "run_id": "cf63c8e2", "level": "info"}
{"alive": true, "rss_mb": 48.1, "cpu_percent": 0.0, "event": "heartbeat", "timestamp": "2025-09-18T02:52:05.424372Z", "run_id": "cf63c8e2", "level": "info"}
{"alive": true, "rss_mb": 48.1, "cpu_percent": 0.0, "event": "heartbeat", "timestamp": "2025-09-18T02:53:05.431959Z", "run_id": "cf63c8e2", "level": "info"}
{"alive": true, "rss_mb": 48.1, "cpu_percent": 0.0, "event": "heartbeat", "timestamp": "2025-09-18T02:54:05.443009Z", "run_id": "cf63c8e2", "level": "info"}
{"alive": true, "rss_mb": 48.1, "cpu_percent": 0.0, "event": "heartbeat", "timestamp": "2025-09-18T02:55:05.456448Z", "run_id": "cf63c8e2", "level": "info"}
{"alive": true, "rss_mb": 48.1, "cpu_percent": 0.0, "event": "heartbeat", "timestamp": "2025-09-18T02:56:05.456188Z", "run_id": "cf63c8e2", "level": "info"}
{"alive": true, "rss_mb": 48.1, "cpu_percent": 0.0, "event": "heartbeat", "timestamp": "2025-09-18T02:57:05.470789Z", "run_id": "cf63c8e2", "level": "info"}
{"alive": true, "rss_mb": 48.1, "cpu_percent": 0.0, "event": "heartbeat", "timestamp": "2025-09-18T02:58:05.469769Z", "run_id": "cf63c8e2", "level": "info"}
{"alive": true, "rss_mb": 48.1, "cpu_percent": 0.0, "event": "heartbeat", "timestamp": "2025-09-18T02:59:05.481040Z", "run_id": "cf63c8e2", "level": "info"}
{"alive": true, "rss_mb": 48.1, "cpu_percent": 0.0, "event": "heartbeat", "timestamp": "2025-09-18T03:00:05.501923Z", "run_id": "cf63c8e2", "level": "info"}
{"alive": true, "rss_mb": 48.1, "cpu_percent": 0.0, "event": "heartbeat", "timestamp": "2025-09-18T03:01:05.511703Z", "run_id": "cf63c8e2", "level": "info"}
{"alive": true, "rss_mb": 48.1, "cpu_percent": 0.0, "event": "heartbeat", "timestamp": "2025-09-18T03:02:05.520796Z", "run_id": "cf63c8e2", "level": "info"}
{"alive": true, "rss_mb": 48.1, "cpu_percent": 0.0, "event": "heartbeat", "timestamp": "2025-09-18T03:03:05.523607Z", "run_id": "cf63c8e2", "level": "info"}
{"alive": true, "rss_mb": 48.1, "cpu_percent": 0.0, "event": "heartbeat", "timestamp": "2025-09-18T03:04:05.519681Z", "run_id": "cf63c8e2", "level": "info"}
{"alive": true, "rss_mb": 48.1, "cpu_percent": 0.0, "event": "heartbeat", "timestamp": "2025-09-18T03:05:05.543502Z", "run_id": "cf63c8e2", "level": "info"}
{"alive": true, "rss_mb": 48.1, "cpu_percent": 0.0, "event": "heartbeat", "timestamp": "2025-09-18T03:06:05.535757Z", "run_id": "cf63c8e2", "level": "info"}
{"alive": true, "rss_mb": 48.1, "cpu_percent": 0.0, "event": "heartbeat", "timestamp": "2025-09-18T03:07:05.537601Z", "run_id": "cf63c8e2", "level": "info"}
{"alive": true, "rss_mb": 48.1, "cpu_percent": 0.0, "event": "heartbeat", "timestamp": "2025-09-18T03:08:05.546122Z", "run_id": "cf63c8e2", "level": "info"}
{"alive": true, "rss_mb": 48.1, "cpu_percent": 0.0, "event": "heartbeat", "timestamp": "2025-09-18T03:09:05.558882Z", "run_id": "cf63c8e2", "level": "info"}
{"alive": true, "rss_mb": 48.1, "cpu_percent": 0.0, "event": "heartbeat", "timestamp": "2025-09-18T03:10:05.563925Z", "run_id": "cf63c8e2", "level": "info"}
{"alive": true, "rss_mb": 48.1, "cpu_percent": 0.0, "event": "heartbeat", "timestamp": "2025-09-18T03:11:05.568008Z", "run_id": "cf63c8e2", "level": "info"}
{"alive": true, "rss_mb": 48.1, "cpu_percent": 0.0, "event": "heartbeat", "timestamp": "2025-09-18T03:12:05.571733Z", "run_id": "cf63c8e2", "level": "info"}
{"alive": true, "rss_mb": 48.1, "cpu_percent": 0.0, "event": "heartbeat", "timestamp": "2025-09-18T03:13:05.579433Z", "run_id": "cf63c8e2", "level": "info"}
{"alive": true, "rss_mb": 48.1, "cpu_percent": 0.0, "event": "heartbeat", "timestamp": "2025-09-18T03:14:05.575644Z", "run_id": "cf63c8e2", "level": "info"}
{"alive": true, "rss_mb": 48.1, "cpu_percent": 0.0, "event": "heartbeat", "timestamp": "2025-09-18T03:15:05.577515Z", "run_id": "cf63c8e2", "level": "info"}
{"alive": true, "rss_mb": 48.1, "cpu_percent": 0.0, "event": "heartbeat", "timestamp": "2025-09-18T03:16:05.587831Z", "run_id": "cf63c8e2", "level": "info"}
{"alive": true, "rss_mb": 48.1, "cpu_percent": 0.0, "event": "heartbeat", "timestamp": "2025-09-18T03:17:05.607408Z", "run_id": "cf63c8e2", "level": "info"}
{"alive": true, "rss_mb": 48.1, "cpu_percent": 0.0, "event": "heartbeat", "timestamp": "2025-09-18T03:18:05.619201Z", "run_id": "cf63c8e2", "level": "info"}
{"alive": true, "rss_mb": 48.1, "cpu_percent": 0.0, "event": "heartbeat", "timestamp": "2025-09-18T03:19:05.642499Z", "run_id": "cf63c8e2", "level": "info"}
{"alive": true, "rss_mb": 48.1, "cpu_percent": 0.0, "event": "heartbeat", "timestamp": "2025-09-18T03:20:05.649937Z", "run_id": "cf63c8e2", "level": "info"}
{"alive": true, "rss_mb": 48.1, "cpu_percent": 0.0, "event": "heartbeat", "timestamp": "2025-09-18T03:21:05.678471Z", "run_id": "cf63c8e2", "level": "info"}
{"alive": true, "rss_mb": 48.1, "cpu_percent": 0.0, "event": "heartbeat", "timestamp": "2025-09-18T03:22:05.693588Z", "run_id": "cf63c8e2", "level": "info"}
{"alive": true, "rss_mb": 48.1, "cpu_percent": 0.0, "event": "heartbeat", "timestamp": "2025-09-18T03:23:05.703606Z", "run_id": "cf63c8e2", "level": "info"}
{"alive": true, "rss_mb": 48.1, "cpu_percent": 0.0, "event": "heartbeat", "timestamp": "2025-09-18T03:24:05.719055Z", "run_id": "cf63c8e2", "level": "info"}
{"alive": true, "rss_mb": 48.1, "cpu_percent": 0.0, "event": "heartbeat", "timestamp": "2025-09-18T03:25:05.725327Z", "run_id": "cf63c8e2", "level": "info"}
{"alive": true, "rss_mb": 48.1, "cpu_percent": 0.0, "event": "heartbeat", "timestamp": "2025-09-18T03:26:05.730800Z", "run_id": "cf63c8e2", "level": "info"}
{"alive": true, "rss_mb": 48.1, "cpu_percent": 0.0, "event": "heartbeat", "timestamp": "2025-09-18T03:27:05.741150Z", "run_id": "cf63c8e2", "level": "info"}
{"alive": true, "rss_mb": 48.1, "cpu_percent": 0.0, "event": "heartbeat", "timestamp": "2025-09-18T03:28:05.735069Z", "run_id": "cf63c8e2", "level": "info"}
{"alive": true, "rss_mb": 48.1, "cpu_percent": 0.0, "event": "heartbeat", "timestamp": "2025-09-18T03:29:05.740980Z", "run_id": "cf63c8e2", "level": "info"}
{"alive": true, "rss_mb": 48.1, "cpu_percent": 0.0, "event": "heartbeat", "timestamp": "2025-09-18T03:30:05.741896Z", "run_id": "cf63c8e2", "level": "info"}
{"alive": true, "rss_mb": 48.1, "cpu_percent": 0.0, "event": "heartbeat", "timestamp": "2025-09-18T03:31:05.743023Z", "run_id": "cf63c8e2", "level": "info"}
{"alive": true, "rss_mb": 48.1, "cpu_percent": 0.0, "event": "heartbeat", "timestamp": "2025-09-18T03:32:05.750458Z", "run_id": "cf63c8e2", "level": "info"}
{"alive": true, "rss_mb": 48.1, "cpu_percent": 0.0, "event": "heartbeat", "timestamp": "2025-09-18T03:33:05.778080Z", "run_id": "cf63c8e2", "level": "info"}
{"alive": true, "rss_mb": 48.1, "cpu_percent": 0.0, "event": "heartbeat", "timestamp": "2025-09-18T03:34:05.782975Z", "run_id": "cf63c8e2", "level": "info"}
{"alive": true, "rss_mb": 48.1, "cpu_percent": 0.0, "event": "heartbeat", "timestamp": "2025-09-18T03:35:05.802669Z", "run_id": "cf63c8e2", "level": "info"}
{"alive": true, "rss_mb": 48.1, "cpu_percent": 0.0, "event": "heartbeat", "timestamp": "2025-09-18T03:36:05.826479Z", "run_id": "cf63c8e2", "level": "info"}
{"alive": true, "rss_mb": 48.1, "cpu_percent": 0.0, "event": "heartbeat", "timestamp": "2025-09-18T03:37:05.832512Z", "run_id": "cf63c8e2", "level": "info"}
{"alive": true, "rss_mb": 48.1, "cpu_percent": 0.0, "event": "heartbeat", "timestamp": "2025-09-18T03:38:05.837944Z", "run_id": "cf63c8e2", "level": "info"}
{"alive": true, "rss_mb": 48.1, "cpu_percent": 0.0, "event": "heartbeat", "timestamp": "2025-09-18T03:39:05.834998Z", "run_id": "cf63c8e2", "level": "info"}
{"alive": true, "rss_mb": 48.1, "cpu_percent": 0.0, "event": "heartbeat", "timestamp": "2025-09-18T03:40:05.836459Z", "run_id": "cf63c8e2", "level": "info"}
{"alive": true, "rss_mb": 48.1, "cpu_percent": 0.0, "event": "heartbeat", "timestamp": "2025-09-18T03:41:05.853571Z", "run_id": "cf63c8e2", "level": "info"}
{"alive": true, "rss_mb": 48.1, "cpu_percent": 0.0, "event": "heartbeat", "timestamp": "2025-09-18T03:42:05.861516Z", "run_id": "cf63c8e2", "level": "info"}
{"alive": true, "rss_mb": 48.1, "cpu_percent": 0.0, "event": "heartbeat", "timestamp": "2025-09-18T03:43:05.858753Z", "run_id": "cf63c8e2", "level": "info"}
{"alive": true, "rss_mb": 48.1, "cpu_percent": 0.0, "event": "heartbeat", "timestamp": "2025-09-18T03:44:05.856822Z", "run_id": "cf63c8e2", "level": "info"}
{"alive": true, "rss_mb": 48.1, "cpu_percent": 0.0, "event": "heartbeat", "timestamp": "2025-09-18T03:45:05.859419Z", "run_id": "cf63c8e2", "level": "info"}
{"alive": true, "rss_mb": 48.1, "cpu_percent": 0.0, "event": "heartbeat", "timestamp": "2025-09-18T03:46:05.858443Z", "run_id": "cf63c8e2", "level": "info"}
{"alive": true, "rss_mb": 48.1, "cpu_percent": 0.0, "event": "heartbeat", "timestamp": "2025-09-18T03:47:05.869038Z", "run_id": "cf63c8e2", "level": "info"}
{"alive": true, "rss_mb": 48.1, "cpu_percent": 0.0, "event": "heartbeat", "timestamp": "2025-09-18T03:48:05.884560Z", "run_id": "cf63c8e2", "level": "info"}
{"alive": true, "rss_mb": 48.1, "cpu_percent": 0.0, "event": "heartbeat", "timestamp": "2025-09-18T03:49:05.894833Z", "run_id": "cf63c8e2", "level": "info"}
{"alive": true, "rss_mb": 48.1, "cpu_percent": 0.0, "event": "heartbeat", "timestamp": "2025-09-18T03:50:05.911068Z", "run_id": "cf63c8e2", "level": "info"}
{"alive": true, "rss_mb": 48.1, "cpu_percent": 0.0, "event": "heartbeat", "timestamp": "2025-09-18T03:51:05.911225Z", "run_id": "cf63c8e2", "level": "info"}
{"alive": true, "rss_mb": 48.1, "cpu_percent": 0.0, "event": "heartbeat", "timestamp": "2025-09-18T03:52:05.911276Z", "run_id": "cf63c8e2", "level": "info"}
{"alive": true, "rss_mb": 48.1, "cpu_percent": 0.0, "event": "heartbeat", "timestamp": "2025-09-18T03:53:05.914500Z", "run_id": "cf63c8e2", "level": "info"}
{"alive": true, "rss_mb": 48.1, "cpu_percent": 0.0, "event": "heartbeat", "timestamp": "2025-09-18T03:54:05.913316Z", "run_id": "cf63c8e2", "level": "info"}
{"alive": true, "rss_mb": 48.1, "cpu_percent": 0.0, "event": "heartbeat", "timestamp": "2025-09-18T03:55:05.919772Z", "run_id": "cf63c8e2", "level": "info"}
{"alive": true, "rss_mb": 48.1, "cpu_percent": 0.0, "event": "heartbeat", "timestamp": "2025-09-18T03:56:05.940209Z", "run_id": "cf63c8e2", "level": "info"}
{"alive": true, "rss_mb": 48.1, "cpu_percent": 0.0, "event": "heartbeat", "timestamp": "2025-09-18T03:57:05.946133Z", "run_id": "cf63c8e2", "level": "info"}
{"alive": true, "rss_mb": 48.1, "cpu_percent": 0.0, "event": "heartbeat", "timestamp": "2025-09-18T03:58:05.950680Z", "run_id": "cf63c8e2", "level": "info"}
{"alive": true, "rss_mb": 48.1, "cpu_percent": 0.0, "event": "heartbeat", "timestamp": "2025-09-18T03:59:05.942833Z", "run_id": "cf63c8e2", "level": "info"}
{"alive": true, "rss_mb": 48.1, "cpu_percent": 0.0, "event": "heartbeat", "timestamp": "2025-09-18T04:00:05.945977Z", "run_id": "cf63c8e2", "level": "info"}
{"alive": true, "rss_mb": 48.1, "cpu_percent": 0.0, "event": "heartbeat", "timestamp": "2025-09-18T04:01:05.954469Z", "run_id": "cf63c8e2", "level": "info"}
{"alive": true, "rss_mb": 48.1, "cpu_percent": 0.0, "event": "heartbeat", "timestamp": "2025-09-18T04:02:05.985255Z", "run_id": "cf63c8e2", "level": "info"}
{"alive": true, "rss_mb": 48.1, "cpu_percent": 0.0, "event": "heartbeat", "timestamp": "2025-09-18T04:03:06.001877Z", "run_id": "cf63c8e2", "level": "info"}
{"alive": true, "rss_mb": 48.1, "cpu_percent": 0.0, "event": "heartbeat", "timestamp": "2025-09-18T04:04:06.021915Z", "run_id": "cf63c8e2", "level": "info"}
{"alive": true, "rss_mb": 48.1, "cpu_percent": 0.0, "event": "heartbeat", "timestamp": "2025-09-18T04:05:06.033370Z", "run_id": "cf63c8e2", "level": "info"}
{"alive": true, "rss_mb": 48.1, "cpu_percent": 0.0, "event": "heartbeat", "timestamp": "2025-09-18T04:06:06.049749Z", "run_id": "cf63c8e2", "level": "info"}
{"alive": true, "rss_mb": 48.1, "cpu_percent": 0.0, "event": "heartbeat", "timestamp": "2025-09-18T04:07:06.059780Z", "run_id": "cf63c8e2", "level": "info"}
{"alive": true, "rss_mb": 48.1, "cpu_percent": 0.0, "event": "heartbeat", "timestamp": "2025-09-18T04:08:06.057179Z", "run_id": "cf63c8e2", "level": "info"}
{"alive": true, "rss_mb": 48.1, "cpu_percent": 0.0, "event": "heartbeat", "timestamp": "2025-09-18T04:09:06.061218Z", "run_id": "cf63c8e2", "level": "info"}
{"alive": true, "rss_mb": 48.1, "cpu_percent": 0.0, "event": "heartbeat", "timestamp": "2025-09-18T04:10:06.056752Z", "run_id": "cf63c8e2", "level": "info"}
{"alive": true, "rss_mb": 48.1, "cpu_percent": 0.0, "event": "heartbeat", "timestamp": "2025-09-18T04:11:06.066983Z", "run_id": "cf63c8e2", "level": "info"}
{"alive": true, "rss_mb": 48.1, "cpu_percent": 0.0, "event": "heartbeat", "timestamp": "2025-09-18T04:12:06.068289Z", "run_id": "cf63c8e2", "level": "info"}
{"alive": true, "rss_mb": 48.1, "cpu_percent": 0.0, "event": "heartbeat", "timestamp": "2025-09-18T04:13:06.063704Z", "run_id": "cf63c8e2", "level": "info"}
{"alive": true, "rss_mb": 48.1, "cpu_percent": 0.0, "event": "heartbeat", "timestamp": "2025-09-18T04:14:06.084977Z", "run_id": "cf63c8e2", "level": "info"}
{"alive": true, "rss_mb": 48.1, "cpu_percent": 0.0, "event": "heartbeat", "timestamp": "2025-09-18T04:15:06.093904Z", "run_id": "cf63c8e2", "level": "info"}
{"alive": true, "rss_mb": 48.1, "cpu_percent": 0.0, "event": "heartbeat", "timestamp": "2025-09-18T04:16:06.103663Z", "run_id": "cf63c8e2", "level": "info"}
{"alive": true, "rss_mb": 48.1, "cpu_percent": 0.0, "event": "heartbeat", "timestamp": "2025-09-18T04:17:06.123960Z", "run_id": "cf63c8e2", "level": "info"}
{"alive": true, "rss_mb": 48.1, "cpu_percent": 0.0, "event": "heartbeat", "timestamp": "2025-09-18T04:18:06.130590Z", "run_id": "cf63c8e2", "level": "info"}
{"alive": true, "rss_mb": 48.1, "cpu_percent": 0.0, "event": "heartbeat", "timestamp": "2025-09-18T04:19:06.129297Z", "run_id": "cf63c8e2", "level": "info"}
{"alive": true, "rss_mb": 48.1, "cpu_percent": 0.0, "event": "heartbeat", "timestamp": "2025-09-18T04:20:06.130708Z", "run_id": "cf63c8e2", "level": "info"}
{"alive": true, "rss_mb": 48.1, "cpu_percent": 0.0, "event": "heartbeat", "timestamp": "2025-09-18T04:21:06.140319Z", "run_id": "cf63c8e2", "level": "info"}
{"alive": true, "rss_mb": 48.1, "cpu_percent": 0.0, "event": "heartbeat", "timestamp": "2025-09-18T04:22:06.164155Z", "run_id": "cf63c8e2", "level": "info"}
{"alive": true, "rss_mb": 48.1, "cpu_percent": 0.0, "event": "heartbeat", "timestamp": "2025-09-18T04:23:06.166805Z", "run_id": "cf63c8e2", "level": "info"}
{"alive": true, "rss_mb": 48.1, "cpu_percent": 0.0, "event": "heartbeat", "timestamp": "2025-09-18T04:24:06.166732Z", "run_id": "cf63c8e2", "level": "info"}
{"alive": true, "rss_mb": 48.1, "cpu_percent": 0.0, "event": "heartbeat", "timestamp": "2025-09-18T04:25:06.183836Z", "run_id": "cf63c8e2", "level": "info"}
{"alive": true, "rss_mb": 48.1, "cpu_percent": 0.0, "event": "heartbeat", "timestamp": "2025-09-18T04:26:06.189027Z", "run_id": "cf63c8e2", "level": "info"}
{"alive": true, "rss_mb": 48.1, "cpu_percent": 0.0, "event": "heartbeat", "timestamp": "2025-09-18T04:27:06.195601Z", "run_id": "cf63c8e2", "level": "info"}
{"alive": true, "rss_mb": 48.1, "cpu_percent": 0.0, "event": "heartbeat", "timestamp": "2025-09-18T04:28:06.209720Z", "run_id": "cf63c8e2", "level": "info"}
{"alive": true, "rss_mb": 48.1, "cpu_percent": 0.0, "event": "heartbeat", "timestamp": "2025-09-18T04:29:06.220925Z", "run_id": "cf63c8e2", "level": "info"}
{"alive": true, "rss_mb": 48.1, "cpu_percent": 0.0, "event": "heartbeat", "timestamp": "2025-09-18T04:30:06.238804Z", "run_id": "cf63c8e2", "level": "info"}
{"alive": true, "rss_mb": 48.1, "cpu_percent": 0.0, "event": "heartbeat", "timestamp": "2025-09-18T04:31:06.267540Z", "run_id": "cf63c8e2", "level": "info"}
{"alive": true, "rss_mb": 48.1, "cpu_percent": 0.0, "event": "heartbeat", "timestamp": "2025-09-18T04:32:06.268838Z", "run_id": "cf63c8e2", "level": "info"}
{"alive": true, "rss_mb": 48.1, "cpu_percent": 0.0, "event": "heartbeat", "timestamp": "2025-09-18T04:33:06.258797Z", "run_id": "cf63c8e2", "level": "info"}
{"alive": true, "rss_mb": 48.1, "cpu_percent": 0.0, "event": "heartbeat", "timestamp": "2025-09-18T04:34:06.268011Z", "run_id": "cf63c8e2", "level": "info"}
{"alive": true, "rss_mb": 48.1, "cpu_percent": 0.0, "event": "heartbeat", "timestamp": "2025-09-18T04:35:06.276351Z", "run_id": "cf63c8e2", "level": "info"}
{"alive": true, "rss_mb": 48.1, "cpu_percent": 0.0, "event": "heartbeat", "timestamp": "2025-09-18T04:36:06.291187Z", "run_id": "cf63c8e2", "level": "info"}
{"alive": true, "rss_mb": 48.1, "cpu_percent": 0.0, "event": "heartbeat", "timestamp": "2025-09-18T04:37:06.319035Z", "run_id": "cf63c8e2", "level": "info"}
{"alive": true, "rss_mb": 48.1, "cpu_percent": 0.0, "event": "heartbeat", "timestamp": "2025-09-18T04:38:06.326353Z", "run_id": "cf63c8e2", "level": "info"}
{"alive": true, "rss_mb": 48.1, "cpu_percent": 0.0, "event": "heartbeat", "timestamp": "2025-09-18T04:39:06.337769Z", "run_id": "cf63c8e2", "level": "info"}
{"alive": true, "rss_mb": 48.1, "cpu_percent": 0.0, "event": "heartbeat", "timestamp": "2025-09-18T04:40:06.353541Z", "run_id": "cf63c8e2", "level": "info"}
{"alive": true, "rss_mb": 48.1, "cpu_percent": 0.0, "event": "heartbeat", "timestamp": "2025-09-18T04:41:06.360191Z", "run_id": "cf63c8e2", "level": "info"}
{"alive": true, "rss_mb": 48.1, "cpu_percent": 0.0, "event": "heartbeat", "timestamp": "2025-09-18T04:42:06.373059Z", "run_id": "cf63c8e2", "level": "info"}
{"alive": true, "rss_mb": 48.1, "cpu_percent": 0.0, "event": "heartbeat", "timestamp": "2025-09-18T04:43:06.398706Z", "run_id": "cf63c8e2", "level": "info"}
{"alive": true, "rss_mb": 48.1, "cpu_percent": 0.0, "event": "heartbeat", "timestamp": "2025-09-18T04:44:06.405565Z", "run_id": "cf63c8e2", "level": "info"}
{"alive": true, "rss_mb": 48.1, "cpu_percent": 0.0, "event": "heartbeat", "timestamp": "2025-09-18T04:45:06.419355Z", "run_id": "cf63c8e2", "level": "info"}
{"alive": true, "rss_mb": 48.1, "cpu_percent": 0.0, "event": "heartbeat", "timestamp": "2025-09-18T04:46:06.435211Z", "run_id": "cf63c8e2", "level": "info"}
{"alive": true, "rss_mb": 48.1, "cpu_percent": 0.0, "event": "heartbeat", "timestamp": "2025-09-18T04:47:06.452781Z", "run_id": "cf63c8e2", "level": "info"}
{"alive": true, "rss_mb": 48.1, "cpu_percent": 0.0, "event": "heartbeat", "timestamp": "2025-09-18T04:48:06.469591Z", "run_id": "cf63c8e2", "level": "info"}
{"alive": true, "rss_mb": 48.1, "cpu_percent": 0.0, "event": "heartbeat", "timestamp": "2025-09-18T04:49:06.486052Z", "run_id": "cf63c8e2", "level": "info"}
{"alive": true, "rss_mb": 48.1, "cpu_percent": 0.0, "event": "heartbeat", "timestamp": "2025-09-18T04:50:06.496244Z", "run_id": "cf63c8e2", "level": "info"}
{"alive": true, "rss_mb": 48.1, "cpu_percent": 0.0, "event": "heartbeat", "timestamp": "2025-09-18T04:51:06.490051Z", "run_id": "cf63c8e2", "level": "info"}
{"alive": true, "rss_mb": 48.1, "cpu_percent": 0.0, "event": "heartbeat", "timestamp": "2025-09-18T04:52:06.509159Z", "run_id": "cf63c8e2", "level": "info"}
{"alive": true, "rss_mb": 48.1, "cpu_percent": 0.0, "event": "heartbeat", "timestamp": "2025-09-18T04:53:06.520052Z", "run_id": "cf63c8e2", "level": "info"}
{"alive": true, "rss_mb": 48.1, "cpu_percent": 0.0, "event": "heartbeat", "timestamp": "2025-09-18T04:54:06.533064Z", "run_id": "cf63c8e2", "level": "info"}
{"alive": true, "rss_mb": 48.1, "cpu_percent": 0.0, "event": "heartbeat", "timestamp": "2025-09-18T04:55:06.551431Z", "run_id": "cf63c8e2", "level": "info"}
{"alive": true, "rss_mb": 48.1, "cpu_percent": 0.0, "event": "heartbeat", "timestamp": "2025-09-18T04:56:06.566589Z", "run_id": "cf63c8e2", "level": "info"}
{"alive": true, "rss_mb": 48.1, "cpu_percent": 0.0, "event": "heartbeat", "timestamp": "2025-09-18T04:57:06.571037Z", "run_id": "cf63c8e2", "level": "info"}
{"alive": true, "rss_mb": 48.1, "cpu_percent": 0.0, "event": "heartbeat", "timestamp": "2025-09-18T04:58:06.583591Z", "run_id": "cf63c8e2", "level": "info"}
{"alive": true, "rss_mb": 48.1, "cpu_percent": 0.0, "event": "heartbeat", "timestamp": "2025-09-18T04:59:06.588039Z", "run_id": "cf63c8e2", "level": "info"}
{"alive": true, "rss_mb": 48.1, "cpu_percent": 0.0, "event": "heartbeat", "timestamp": "2025-09-18T05:00:06.589389Z", "run_id": "cf63c8e2", "level": "info"}
{"alive": true, "rss_mb": 48.1, "cpu_percent": 0.0, "event": "heartbeat", "timestamp": "2025-09-18T05:01:06.594863Z", "run_id": "cf63c8e2", "level": "info"}
{"alive": true, "rss_mb": 48.1, "cpu_percent": 0.0, "event": "heartbeat", "timestamp": "2025-09-18T05:02:06.606773Z", "run_id": "cf63c8e2", "level": "info"}
{"alive": true, "rss_mb": 48.1, "cpu_percent": 0.0, "event": "heartbeat", "timestamp": "2025-09-18T05:03:06.613355Z", "run_id": "cf63c8e2", "level": "info"}
{"alive": true, "rss_mb": 48.1, "cpu_percent": 0.0, "event": "heartbeat", "timestamp": "2025-09-18T05:04:06.604021Z", "run_id": "cf63c8e2", "level": "info"}
{"alive": true, "rss_mb": 48.1, "cpu_percent": 0.0, "event": "heartbeat", "timestamp": "2025-09-18T05:05:06.616571Z", "run_id": "cf63c8e2", "level": "info"}
{"alive": true, "rss_mb": 48.1, "cpu_percent": 0.0, "event": "heartbeat", "timestamp": "2025-09-18T05:06:06.629731Z", "run_id": "cf63c8e2", "level": "info"}
{"alive": true, "rss_mb": 48.1, "cpu_percent": 0.0, "event": "heartbeat", "timestamp": "2025-09-18T05:07:06.625000Z", "run_id": "cf63c8e2", "level": "info"}
{"alive": true, "rss_mb": 48.1, "cpu_percent": 0.0, "event": "heartbeat", "timestamp": "2025-09-18T05:08:06.634693Z", "run_id": "cf63c8e2", "level": "info"}
{"alive": true, "rss_mb": 48.1, "cpu_percent": 0.0, "event": "heartbeat", "timestamp": "2025-09-18T05:09:06.653606Z", "run_id": "cf63c8e2", "level": "info"}
{"alive": true, "rss_mb": 48.1, "cpu_percent": 0.0, "event": "heartbeat", "timestamp": "2025-09-18T05:10:06.659213Z", "run_id": "cf63c8e2", "level": "info"}
{"alive": true, "rss_mb": 48.1, "cpu_percent": 0.0, "event": "heartbeat", "timestamp": "2025-09-18T05:11:06.655699Z", "run_id": "cf63c8e2", "level": "info"}
{"alive": true, "rss_mb": 48.1, "cpu_percent": 0.0, "event": "heartbeat", "timestamp": "2025-09-18T05:12:06.661039Z", "run_id": "cf63c8e2", "level": "info"}
{"alive": true, "rss_mb": 48.1, "cpu_percent": 0.0, "event": "heartbeat", "timestamp": "2025-09-18T05:13:06.685593Z", "run_id": "cf63c8e2", "level": "info"}
{"alive": true, "rss_mb": 48.1, "cpu_percent": 0.0, "event": "heartbeat", "timestamp": "2025-09-18T05:14:06.691077Z", "run_id": "cf63c8e2", "level": "info"}
{"alive": true, "rss_mb": 48.1, "cpu_percent": 0.0, "event": "heartbeat", "timestamp": "2025-09-18T05:15:06.692293Z", "run_id": "cf63c8e2", "level": "info"}
{"alive": true, "rss_mb": 48.1, "cpu_percent": 0.0, "event": "heartbeat", "timestamp": "2025-09-18T05:16:06.726770Z", "run_id": "cf63c8e2", "level": "info"}
{"alive": true, "rss_mb": 48.1, "cpu_percent": 0.0, "event": "heartbeat", "timestamp": "2025-09-18T05:17:06.737381Z", "run_id": "cf63c8e2", "level": "info"}
{"alive": true, "rss_mb": 48.1, "cpu_percent": 0.0, "event": "heartbeat", "timestamp": "2025-09-18T05:18:06.742602Z", "run_id": "cf63c8e2", "level": "info"}
{"alive": true, "rss_mb": 48.1, "cpu_percent": 0.0, "event": "heartbeat", "timestamp": "2025-09-18T05:19:06.759120Z", "run_id": "cf63c8e2", "level": "info"}
{"alive": true, "rss_mb": 48.1, "cpu_percent": 0.0, "event": "heartbeat", "timestamp": "2025-09-18T05:20:06.755334Z", "run_id": "cf63c8e2", "level": "info"}
{"alive": true, "rss_mb": 48.1, "cpu_percent": 0.0, "event": "heartbeat", "timestamp": "2025-09-18T05:21:06.758763Z", "run_id": "cf63c8e2", "level": "info"}
{"alive": true, "rss_mb": 48.1, "cpu_percent": 0.0, "event": "heartbeat", "timestamp": "2025-09-18T05:22:06.824864Z", "run_id": "cf63c8e2", "level": "info"}
{"alive": true, "rss_mb": 48.1, "cpu_percent": 0.0, "event": "heartbeat", "timestamp": "2025-09-18T05:23:06.847373Z", "run_id": "cf63c8e2", "level": "info"}
{"alive": true, "rss_mb": 48.1, "cpu_percent": 0.0, "event": "heartbeat", "timestamp": "2025-09-18T05:24:06.865543Z", "run_id": "cf63c8e2", "level": "info"}
{"alive": true, "rss_mb": 48.1, "cpu_percent": 0.0, "event": "heartbeat", "timestamp": "2025-09-18T05:25:06.869721Z", "run_id": "cf63c8e2", "level": "info"}
{"alive": true, "rss_mb": 48.1, "cpu_percent": 0.0, "event": "heartbeat", "timestamp": "2025-09-18T05:26:06.901928Z", "run_id": "cf63c8e2", "level": "info"}
{"alive": true, "rss_mb": 48.1, "cpu_percent": 0.0, "event": "heartbeat", "timestamp": "2025-09-18T05:27:06.912898Z", "run_id": "cf63c8e2", "level": "info"}
{"alive": true, "rss_mb": 48.1, "cpu_percent": 0.0, "event": "heartbeat", "timestamp": "2025-09-18T05:28:06.933586Z", "run_id": "cf63c8e2", "level": "info"}
{"alive": true, "rss_mb": 48.1, "cpu_percent": 0.0, "event": "heartbeat", "timestamp": "2025-09-18T05:29:06.943948Z", "run_id": "cf63c8e2", "level": "info"}
{"alive": true, "rss_mb": 48.1, "cpu_percent": 0.0, "event": "heartbeat", "timestamp": "2025-09-18T05:30:06.935392Z", "run_id": "cf63c8e2", "level": "info"}
{"alive": true, "rss_mb": 48.1, "cpu_percent": 0.0, "event": "heartbeat", "timestamp": "2025-09-18T05:31:06.967495Z", "run_id": "cf63c8e2", "level": "info"}
{"alive": true, "rss_mb": 48.1, "cpu_percent": 0.0, "event": "heartbeat", "timestamp": "2025-09-18T05:32:07.016374Z", "run_id": "cf63c8e2", "level": "info"}
{"alive": true, "rss_mb": 48.1, "cpu_percent": 0.0, "event": "heartbeat", "timestamp": "2025-09-18T05:33:07.036252Z", "run_id": "cf63c8e2", "level": "info"}
{"alive": true, "rss_mb": 48.0, "cpu_percent": 0.0, "event": "heartbeat", "timestamp": "2025-09-18T15:13:34.152021Z", "run_id": "cf63c8e2", "level": "info"}
{"alive": true, "rss_mb": 48.0, "cpu_percent": 0.0, "event": "heartbeat", "timestamp": "2025-09-18T15:14:34.165631Z", "run_id": "cf63c8e2", "level": "info"}
{"alive": true, "rss_mb": 48.0, "cpu_percent": 0.0, "event": "heartbeat", "timestamp": "2025-09-18T15:15:34.163799Z", "run_id": "cf63c8e2", "level": "info"}
{"alive": true, "rss_mb": 48.0, "cpu_percent": 0.0, "event": "heartbeat", "timestamp": "2025-09-18T15:16:34.169323Z", "run_id": "cf63c8e2", "level": "info"}
{"alive": true, "rss_mb": 48.0, "cpu_percent": 0.0, "event": "heartbeat", "timestamp": "2025-09-18T15:17:34.179311Z", "run_id": "cf63c8e2", "level": "info"}
{"alive": true, "rss_mb": 48.1, "cpu_percent": 0.0, "event": "heartbeat", "timestamp": "2025-09-18T15:18:34.186047Z", "run_id": "cf63c8e2", "level": "info"}
{"alive": true, "rss_mb": 48.1, "cpu_percent": 0.0, "event": "heartbeat", "timestamp": "2025-09-18T15:19:34.193155Z", "run_id": "cf63c8e2", "level": "info"}
{"alive": true, "rss_mb": 48.1, "cpu_percent": 0.0, "event": "heartbeat", "timestamp": "2025-09-18T15:20:34.205390Z", "run_id": "cf63c8e2", "level": "info"}
{"alive": true, "rss_mb": 48.0, "cpu_percent": 0.0, "event": "heartbeat", "timestamp": "2025-09-18T15:21:34.208419Z", "run_id": "cf63c8e2", "level": "info"}
{"alive": true, "rss_mb": 48.0, "cpu_percent": 0.0, "event": "heartbeat", "timestamp": "2025-09-18T15:22:34.214442Z", "run_id": "cf63c8e2", "level": "info"}
{"alive": true, "rss_mb": 48.0, "cpu_percent": 0.0, "event": "heartbeat", "timestamp": "2025-09-18T15:23:34.216023Z", "run_id": "cf63c8e2", "level": "info"}
{"alive": true, "rss_mb": 48.0, "cpu_percent": 0.0, "event": "heartbeat", "timestamp": "2025-09-18T15:24:34.220173Z", "run_id": "cf63c8e2", "level": "info"}
{"alive": true, "rss_mb": 48.1, "cpu_percent": 0.0, "event": "heartbeat", "timestamp": "2025-09-18T15:25:34.230202Z", "run_id": "cf63c8e2", "level": "info"}
{"alive": true, "rss_mb": 48.1, "cpu_percent": 0.0, "event": "heartbeat", "timestamp": "2025-09-18T15:26:34.240580Z", "run_id": "cf63c8e2", "level": "info"}
{"alive": true, "rss_mb": 48.1, "cpu_percent": 0.0, "event": "heartbeat", "timestamp": "2025-09-18T15:27:34.246749Z", "run_id": "cf63c8e2", "level": "info"}
{"alive": true, "rss_mb": 48.1, "cpu_percent": 0.0, "event": "heartbeat", "timestamp": "2025-09-18T15:28:34.260477Z", "run_id": "cf63c8e2", "level": "info"}
{"alive": true, "rss_mb": 48.1, "cpu_percent": 0.0, "event": "heartbeat", "timestamp": "2025-09-18T15:29:34.269030Z", "run_id": "cf63c8e2", "level": "info"}
{"alive": true, "rss_mb": 48.1, "cpu_percent": 0.0, "event": "heartbeat", "timestamp": "2025-09-18T15:30:34.272071Z", "run_id": "cf63c8e2", "level": "info"}
{"alive": true, "rss_mb": 48.1, "cpu_percent": 0.0, "event": "heartbeat", "timestamp": "2025-09-18T15:31:34.287072Z", "run_id": "cf63c8e2", "level": "info"}
{"alive": true, "rss_mb": 48.1, "cpu_percent": 0.0, "event": "heartbeat", "timestamp": "2025-09-18T15:32:34.296273Z", "run_id": "cf63c8e2", "level": "info"}
{"alive": true, "rss_mb": 48.1, "cpu_percent": 0.0, "event": "heartbeat", "timestamp": "2025-09-18T15:33:34.310754Z", "run_id": "cf63c8e2", "level": "info"}
{"alive": true, "rss_mb": 48.1, "cpu_percent": 0.0, "event": "heartbeat", "timestamp": "2025-09-18T15:34:34.319782Z", "run_id": "cf63c8e2", "level": "info"}
{"alive": true, "rss_mb": 48.1, "cpu_percent": 0.0, "event": "heartbeat", "timestamp": "2025-09-18T15:35:34.325434Z", "run_id": "cf63c8e2", "level": "info"}
{"alive": true, "rss_mb": 48.1, "cpu_percent": 0.0, "event": "heartbeat", "timestamp": "2025-09-18T15:36:34.327310Z", "run_id": "cf63c8e2", "level": "info"}
{"alive": true, "rss_mb": 48.1, "cpu_percent": 0.0, "event": "heartbeat", "timestamp": "2025-09-18T15:37:34.337653Z", "run_id": "cf63c8e2", "level": "info"}
{"alive": true, "rss_mb": 48.1, "cpu_percent": 0.0, "event": "heartbeat", "timestamp": "2025-09-18T15:38:34.332230Z", "run_id": "cf63c8e2", "level": "info"}
{"alive": true, "rss_mb": 48.1, "cpu_percent": 0.0, "event": "heartbeat", "timestamp": "2025-09-18T15:39:34.344864Z", "run_id": "cf63c8e2", "level": "info"}
{"alive": true, "rss_mb": 48.1, "cpu_percent": 0.0, "event": "heartbeat", "timestamp": "2025-09-18T15:40:34.357951Z", "run_id": "cf63c8e2", "level": "info"}
{"alive": true, "rss_mb": 48.1, "cpu_percent": 0.0, "event": "heartbeat", "timestamp": "2025-09-18T15:41:34.362815Z", "run_id": "cf63c8e2", "level": "info"}
{"alive": true, "rss_mb": 48.1, "cpu_percent": 0.0, "event": "heartbeat", "timestamp": "2025-09-18T15:42:34.371075Z", "run_id": "cf63c8e2", "level": "info"}
{"alive": true, "rss_mb": 48.1, "cpu_percent": 0.0, "event": "heartbeat", "timestamp": "2025-09-18T15:43:34.375860Z", "run_id": "cf63c8e2", "level": "info"}
{"alive": true, "rss_mb": 48.1, "cpu_percent": 0.0, "event": "heartbeat", "timestamp": "2025-09-18T15:44:34.378210Z", "run_id": "cf63c8e2", "level": "info"}
{"alive": true, "rss_mb": 48.1, "cpu_percent": 0.0, "event": "heartbeat", "timestamp": "2025-09-18T15:45:34.381778Z", "run_id": "cf63c8e2", "level": "info"}
{"alive": true, "rss_mb": 48.1, "cpu_percent": 0.0, "event": "heartbeat", "timestamp": "2025-09-18T15:46:34.385342Z", "run_id": "cf63c8e2", "level": "info"}
{"alive": true, "rss_mb": 48.1, "cpu_percent": 0.0, "event": "heartbeat", "timestamp": "2025-09-18T15:47:34.401413Z", "run_id": "cf63c8e2", "level": "info"}
{"alive": true, "rss_mb": 48.1, "cpu_percent": 0.0, "event": "heartbeat", "timestamp": "2025-09-18T15:48:34.427938Z", "run_id": "cf63c8e2", "level": "info"}
{"alive": true, "rss_mb": 48.1, "cpu_percent": 0.0, "event": "heartbeat", "timestamp": "2025-09-18T15:49:34.441007Z", "run_id": "cf63c8e2", "level": "info"}
{"alive": true, "rss_mb": 48.1, "cpu_percent": 0.0, "event": "heartbeat", "timestamp": "2025-09-18T15:50:34.447041Z", "run_id": "cf63c8e2", "level": "info"}
{"alive": true, "rss_mb": 48.1, "cpu_percent": 0.0, "event": "heartbeat", "timestamp": "2025-09-18T15:51:34.473689Z", "run_id": "cf63c8e2", "level": "info"}
{"alive": true, "rss_mb": 48.1, "cpu_percent": 0.0, "event": "heartbeat", "timestamp": "2025-09-18T15:52:34.485558Z", "run_id": "cf63c8e2", "level": "info"}
{"alive": true, "rss_mb": 48.1, "cpu_percent": 0.0, "event": "heartbeat", "timestamp": "2025-09-18T15:53:34.491538Z", "run_id": "cf63c8e2", "level": "info"}
{"alive": true, "rss_mb": 48.1, "cpu_percent": 0.0, "event": "heartbeat", "timestamp": "2025-09-18T15:54:34.497687Z", "run_id": "cf63c8e2", "level": "info"}
{"alive": true, "rss_mb": 48.1, "cpu_percent": 0.0, "event": "heartbeat", "timestamp": "2025-09-18T15:55:34.502247Z", "run_id": "cf63c8e2", "level": "info"}
{"alive": true, "rss_mb": 48.1, "cpu_percent": 0.0, "event": "heartbeat", "timestamp": "2025-09-18T15:56:34.520157Z", "run_id": "cf63c8e2", "level": "info"}
{"alive": true, "rss_mb": 48.1, "cpu_percent": 0.0, "event": "heartbeat", "timestamp": "2025-09-18T15:57:34.540923Z", "run_id": "cf63c8e2", "level": "info"}
{"alive": true, "rss_mb": 48.1, "cpu_percent": 0.0, "event": "heartbeat", "timestamp": "2025-09-18T15:58:34.553327Z", "run_id": "cf63c8e2", "level": "info"}
{"alive": true, "rss_mb": 48.1, "cpu_percent": 0.0, "event": "heartbeat", "timestamp": "2025-09-18T15:59:34.541770Z", "run_id": "cf63c8e2", "level": "info"}
{"alive": true, "rss_mb": 48.1, "cpu_percent": 0.0, "event": "heartbeat", "timestamp": "2025-09-18T16:00:34.558879Z", "run_id": "cf63c8e2", "level": "info"}
{"alive": true, "rss_mb": 48.1, "cpu_percent": 0.0, "event": "heartbeat", "timestamp": "2025-09-18T16:01:34.570397Z", "run_id": "cf63c8e2", "level": "info"}
{"alive": true, "rss_mb": 48.1, "cpu_percent": 0.0, "event": "heartbeat", "timestamp": "2025-09-18T16:02:34.561576Z", "run_id": "cf63c8e2", "level": "info"}
{"alive": true, "rss_mb": 48.1, "cpu_percent": 0.0, "event": "heartbeat", "timestamp": "2025-09-18T16:03:34.573997Z", "run_id": "cf63c8e2", "level": "info"}
{"alive": true, "rss_mb": 48.1, "cpu_percent": 0.0, "event": "heartbeat", "timestamp": "2025-09-18T16:04:34.580074Z", "run_id": "cf63c8e2", "level": "info"}
{"alive": true, "rss_mb": 48.1, "cpu_percent": 0.0, "event": "heartbeat", "timestamp": "2025-09-18T16:05:34.593589Z", "run_id": "cf63c8e2", "level": "info"}
{"alive": true, "rss_mb": 48.1, "cpu_percent": 0.0, "event": "heartbeat", "timestamp": "2025-09-18T16:06:34.610204Z", "run_id": "cf63c8e2", "level": "info"}
{"alive": true, "rss_mb": 48.1, "cpu_percent": 0.0, "event": "heartbeat", "timestamp": "2025-09-18T16:07:34.608130Z", "run_id": "cf63c8e2", "level": "info"}
{"alive": true, "rss_mb": 48.1, "cpu_percent": 0.0, "event": "heartbeat", "timestamp": "2025-09-18T16:08:34.605983Z", "run_id": "cf63c8e2", "level": "info"}
{"alive": true, "rss_mb": 48.1, "cpu_percent": 0.0, "event": "heartbeat", "timestamp": "2025-09-18T16:09:34.609884Z", "run_id": "cf63c8e2", "level": "info"}
{"alive": true, "rss_mb": 48.1, "cpu_percent": 0.0, "event": "heartbeat", "timestamp": "2025-09-18T16:10:34.625440Z", "run_id": "cf63c8e2", "level": "info"}
{"alive": true, "rss_mb": 48.1, "cpu_percent": 0.0, "event": "heartbeat", "timestamp": "2025-09-18T16:11:34.642599Z", "run_id": "cf63c8e2", "level": "info"}
{"alive": true, "rss_mb": 48.1, "cpu_percent": 0.0, "event": "heartbeat", "timestamp": "2025-09-18T16:12:34.651039Z", "run_id": "cf63c8e2", "level": "info"}
{"alive": true, "rss_mb": 48.1, "cpu_percent": 0.0, "event": "heartbeat", "timestamp": "2025-09-18T16:13:34.671009Z", "run_id": "cf63c8e2", "level": "info"}
{"alive": true, "rss_mb": 48.1, "cpu_percent": 0.0, "event": "heartbeat", "timestamp": "2025-09-18T16:14:34.696020Z", "run_id": "cf63c8e2", "level": "info"}
{"alive": true, "rss_mb": 48.1, "cpu_percent": 0.0, "event": "heartbeat", "timestamp": "2025-09-18T16:15:34.691694Z", "run_id": "cf63c8e2", "level": "info"}
{"alive": true, "rss_mb": 48.1, "cpu_percent": 0.0, "event": "heartbeat", "timestamp": "2025-09-18T16:16:34.688196Z", "run_id": "cf63c8e2", "level": "info"}
{"alive": true, "rss_mb": 48.1, "cpu_percent": 0.0, "event": "heartbeat", "timestamp": "2025-09-18T16:17:34.705145Z", "run_id": "cf63c8e2", "level": "info"}
{"alive": true, "rss_mb": 48.1, "cpu_percent": 0.0, "event": "heartbeat", "timestamp": "2025-09-18T16:18:34.716005Z", "run_id": "cf63c8e2", "level": "info"}
{"alive": true, "rss_mb": 48.1, "cpu_percent": 0.0, "event": "heartbeat", "timestamp": "2025-09-18T16:19:34.743600Z", "run_id": "cf63c8e2", "level": "info"}
{"alive": true, "rss_mb": 48.1, "cpu_percent": 0.0, "event": "heartbeat", "timestamp": "2025-09-18T16:20:34.732435Z", "run_id": "cf63c8e2", "level": "info"}
{"alive": true, "rss_mb": 48.1, "cpu_percent": 0.0, "event": "heartbeat", "timestamp": "2025-09-18T16:21:34.734359Z", "run_id": "cf63c8e2", "level": "info"}
{"alive": true, "rss_mb": 48.1, "cpu_percent": 0.0, "event": "heartbeat", "timestamp": "2025-09-18T16:22:34.754654Z", "run_id": "cf63c8e2", "level": "info"}
{"alive": true, "rss_mb": 48.1, "cpu_percent": 0.0, "event": "heartbeat", "timestamp": "2025-09-18T16:23:34.755921Z", "run_id": "cf63c8e2", "level": "info"}
{"alive": true, "rss_mb": 48.1, "cpu_percent": 0.0, "event": "heartbeat", "timestamp": "2025-09-18T16:24:34.761897Z", "run_id": "cf63c8e2", "level": "info"}
{"alive": true, "rss_mb": 48.1, "cpu_percent": 0.0, "event": "heartbeat", "timestamp": "2025-09-18T16:25:34.781392Z", "run_id": "cf63c8e2", "level": "info"}
{"alive": true, "rss_mb": 48.1, "cpu_percent": 0.0, "event": "heartbeat", "timestamp": "2025-09-18T16:26:34.801663Z", "run_id": "cf63c8e2", "level": "info"}
{"alive": true, "rss_mb": 48.1, "cpu_percent": 0.0, "event": "heartbeat", "timestamp": "2025-09-18T16:27:34.812096Z", "run_id": "cf63c8e2", "level": "info"}
{"alive": true, "rss_mb": 48.1, "cpu_percent": 0.0, "event": "heartbeat", "timestamp": "2025-09-18T16:28:34.808184Z", "run_id": "cf63c8e2", "level": "info"}
{"alive": true, "rss_mb": 48.1, "cpu_percent": 0.0, "event": "heartbeat", "timestamp": "2025-09-18T16:29:34.829207Z", "run_id": "cf63c8e2", "level": "info"}
{"alive": true, "rss_mb": 48.1, "cpu_percent": 0.0, "event": "heartbeat", "timestamp": "2025-09-18T16:30:34.836557Z", "run_id": "cf63c8e2", "level": "info"}
{"alive": true, "rss_mb": 48.1, "cpu_percent": 0.0, "event": "heartbeat", "timestamp": "2025-09-18T16:31:34.837668Z", "run_id": "cf63c8e2", "level": "info"}
{"alive": true, "rss_mb": 48.1, "cpu_percent": 0.0, "event": "heartbeat", "timestamp": "2025-09-18T16:32:34.860088Z", "run_id": "cf63c8e2", "level": "info"}
{"alive": true, "rss_mb": 48.1, "cpu_percent": 0.0, "event": "heartbeat", "timestamp": "2025-09-18T16:33:34.871438Z", "run_id": "cf63c8e2", "level": "info"}
{"alive": true, "rss_mb": 48.1, "cpu_percent": 0.0, "event": "heartbeat", "timestamp": "2025-09-18T16:34:34.870483Z", "run_id": "cf63c8e2", "level": "info"}
{"alive": true, "rss_mb": 48.1, "cpu_percent": 0.0, "event": "heartbeat", "timestamp": "2025-09-18T16:35:34.884057Z", "run_id": "cf63c8e2", "level": "info"}
{"alive": true, "rss_mb": 48.1, "cpu_percent": 0.0, "event": "heartbeat", "timestamp": "2025-09-18T16:36:34.889154Z", "run_id": "cf63c8e2", "level": "info"}
{"alive": true, "rss_mb": 48.1, "cpu_percent": 0.0, "event": "heartbeat", "timestamp": "2025-09-18T16:37:34.903971Z", "run_id": "cf63c8e2", "level": "info"}
{"alive": true, "rss_mb": 48.1, "cpu_percent": 0.0, "event": "heartbeat", "timestamp": "2025-09-18T16:38:34.928899Z", "run_id": "cf63c8e2", "level": "info"}
{"alive": true, "rss_mb": 48.1, "cpu_percent": 0.0, "event": "heartbeat", "timestamp": "2025-09-18T16:39:34.918115Z", "run_id": "cf63c8e2", "level": "info"}
{"alive": true, "rss_mb": 48.1, "cpu_percent": 0.0, "event": "heartbeat", "timestamp": "2025-09-18T16:40:34.929040Z", "run_id": "cf63c8e2", "level": "info"}
{"alive": true, "rss_mb": 48.1, "cpu_percent": 0.0, "event": "heartbeat", "timestamp": "2025-09-18T16:41:34.932912Z", "run_id": "cf63c8e2", "level": "info"}
{"alive": true, "rss_mb": 48.1, "cpu_percent": 0.0, "event": "heartbeat", "timestamp": "2025-09-18T16:42:34.939639Z", "run_id": "cf63c8e2", "level": "info"}
{"alive": true, "rss_mb": 48.1, "cpu_percent": 0.0, "event": "heartbeat", "timestamp": "2025-09-18T16:43:34.950517Z", "run_id": "cf63c8e2", "level": "info"}
{"alive": true, "rss_mb": 48.1, "cpu_percent": 0.0, "event": "heartbeat", "timestamp": "2025-09-18T16:44:34.965228Z", "run_id": "cf63c8e2", "level": "info"}
{"alive": true, "rss_mb": 48.1, "cpu_percent": 0.0, "event": "heartbeat", "timestamp": "2025-09-18T16:45:34.988869Z", "run_id": "cf63c8e2", "level": "info"}
{"alive": true, "rss_mb": 48.1, "cpu_percent": 0.0, "event": "heartbeat", "timestamp": "2025-09-18T16:46:34.990913Z", "run_id": "cf63c8e2", "level": "info"}
{"alive": true, "rss_mb": 48.1, "cpu_percent": 0.0, "event": "heartbeat", "timestamp": "2025-09-18T16:47:34.983932Z", "run_id": "cf63c8e2", "level": "info"}
{"alive": true, "rss_mb": 48.1, "cpu_percent": 0.0, "event": "heartbeat", "timestamp": "2025-09-18T16:48:34.984061Z", "run_id": "cf63c8e2", "level": "info"}
{"alive": true, "rss_mb": 48.1, "cpu_percent": 0.0, "event": "heartbeat", "timestamp": "2025-09-18T16:49:35.001482Z", "run_id": "cf63c8e2", "level": "info"}
{"alive": true, "rss_mb": 48.1, "cpu_percent": 0.0, "event": "heartbeat", "timestamp": "2025-09-18T16:50:35.023500Z", "run_id": "cf63c8e2", "level": "info"}
{"alive": true, "rss_mb": 48.1, "cpu_percent": 0.0, "event": "heartbeat", "timestamp": "2025-09-18T16:51:35.033794Z", "run_id": "cf63c8e2", "level": "info"}
{"alive": true, "rss_mb": 48.1, "cpu_percent": 0.0, "event": "heartbeat", "timestamp": "2025-09-18T16:52:35.055681Z", "run_id": "cf63c8e2", "level": "info"}
{"alive": true, "rss_mb": 48.1, "cpu_percent": 0.0, "event": "heartbeat", "timestamp": "2025-09-18T16:53:35.053664Z", "run_id": "cf63c8e2", "level": "info"}
{"alive": true, "rss_mb": 48.1, "cpu_percent": 0.0, "event": "heartbeat", "timestamp": "2025-09-18T16:54:35.050265Z", "run_id": "cf63c8e2", "level": "info"}
{"alive": true, "rss_mb": 48.1, "cpu_percent": 0.0, "event": "heartbeat", "timestamp": "2025-09-18T16:55:35.061871Z", "run_id": "cf63c8e2", "level": "info"}
{"alive": true, "rss_mb": 48.1, "cpu_percent": 0.0, "event": "heartbeat", "timestamp": "2025-09-18T16:56:35.068277Z", "run_id": "cf63c8e2", "level": "info"}
{"alive": true, "rss_mb": 48.1, "cpu_percent": 0.0, "event": "heartbeat", "timestamp": "2025-09-18T16:57:35.079672Z", "run_id": "cf63c8e2", "level": "info"}
{"alive": true, "rss_mb": 48.1, "cpu_percent": 0.0, "event": "heartbeat", "timestamp": "2025-09-18T16:58:35.100059Z", "run_id": "cf63c8e2", "level": "info"}
{"alive": true, "rss_mb": 48.1, "cpu_percent": 0.0, "event": "heartbeat", "timestamp": "2025-09-18T16:59:35.095038Z", "run_id": "cf63c8e2", "level": "info"}
{"alive": true, "rss_mb": 48.1, "cpu_percent": 0.0, "event": "heartbeat", "timestamp": "2025-09-18T17:00:35.111706Z", "run_id": "cf63c8e2", "level": "info"}
{"alive": true, "rss_mb": 48.1, "cpu_percent": 0.0, "event": "heartbeat", "timestamp": "2025-09-18T17:01:35.125605Z", "run_id": "cf63c8e2", "level": "info"}
{"alive": true, "rss_mb": 48.1, "cpu_percent": 0.0, "event": "heartbeat", "timestamp": "2025-09-18T17:02:35.122387Z", "run_id": "cf63c8e2", "level": "info"}
{"alive": true, "rss_mb": 48.1, "cpu_percent": 0.0, "event": "heartbeat", "timestamp": "2025-09-18T17:03:35.122003Z", "run_id": "cf63c8e2", "level": "info"}
{"alive": true, "rss_mb": 48.1, "cpu_percent": 0.0, "event": "heartbeat", "timestamp": "2025-09-18T17:04:35.146918Z", "run_id": "cf63c8e2", "level": "info"}
{"alive": true, "rss_mb": 48.1, "cpu_percent": 0.0, "event": "heartbeat", "timestamp": "2025-09-18T17:05:35.163448Z", "run_id": "cf63c8e2", "level": "info"}
{"alive": true, "rss_mb": 48.1, "cpu_percent": 0.0, "event": "heartbeat", "timestamp": "2025-09-18T17:06:35.180017Z", "run_id": "cf63c8e2", "level": "info"}
{"alive": true, "rss_mb": 48.1, "cpu_percent": 0.0, "event": "heartbeat", "timestamp": "2025-09-18T17:07:35.196584Z", "run_id": "cf63c8e2", "level": "info"}
{"alive": true, "rss_mb": 48.1, "cpu_percent": 0.0, "event": "heartbeat", "timestamp": "2025-09-18T17:08:35.209542Z", "run_id": "cf63c8e2", "level": "info"}
{"alive": true, "rss_mb": 48.1, "cpu_percent": 0.0, "event": "heartbeat", "timestamp": "2025-09-18T17:09:35.200645Z", "run_id": "cf63c8e2", "level": "info"}
{"alive": true, "rss_mb": 48.1, "cpu_percent": 0.0, "event": "heartbeat", "timestamp": "2025-09-18T17:10:35.214828Z", "run_id": "cf63c8e2", "level": "info"}
{"alive": true, "rss_mb": 48.1, "cpu_percent": 0.0, "event": "heartbeat", "timestamp": "2025-09-18T17:11:35.236833Z", "run_id": "cf63c8e2", "level": "info"}
{"alive": true, "rss_mb": 48.1, "cpu_percent": 0.0, "event": "heartbeat", "timestamp": "2025-09-18T17:12:35.245759Z", "run_id": "cf63c8e2", "level": "info"}
{"alive": true, "rss_mb": 48.1, "cpu_percent": 0.0, "event": "heartbeat", "timestamp": "2025-09-18T17:13:35.272612Z", "run_id": "cf63c8e2", "level": "info"}
{"alive": true, "rss_mb": 48.1, "cpu_percent": 0.0, "event": "heartbeat", "timestamp": "2025-09-18T17:14:35.287260Z", "run_id": "cf63c8e2", "level": "info"}
{"alive": true, "rss_mb": 48.1, "cpu_percent": 0.0, "event": "heartbeat", "timestamp": "2025-09-18T17:15:35.305119Z", "run_id": "cf63c8e2", "level": "info"}
{"alive": true, "rss_mb": 48.1, "cpu_percent": 0.0, "event": "heartbeat", "timestamp": "2025-09-18T17:16:35.316689Z", "run_id": "cf63c8e2", "level": "info"}
{"alive": true, "rss_mb": 48.1, "cpu_percent": 0.0, "event": "heartbeat", "timestamp": "2025-09-18T17:17:35.313663Z", "run_id": "cf63c8e2", "level": "info"}
{"alive": true, "rss_mb": 48.1, "cpu_percent": 0.0, "event": "heartbeat", "timestamp": "2025-09-18T17:18:35.335545Z", "run_id": "cf63c8e2", "level": "info"}
{"alive": true, "rss_mb": 48.1, "cpu_percent": 0.0, "event": "heartbeat", "timestamp": "2025-09-18T17:19:35.353209Z", "run_id": "cf63c8e2", "level": "info"}
{"alive": true, "rss_mb": 48.1, "cpu_percent": 0.0, "event": "heartbeat", "timestamp": "2025-09-18T17:20:35.358143Z", "run_id": "cf63c8e2", "level": "info"}
{"alive": true, "rss_mb": 48.1, "cpu_percent": 0.0, "event": "heartbeat", "timestamp": "2025-09-18T17:21:35.356433Z", "run_id": "cf63c8e2", "level": "info"}
{"alive": true, "rss_mb": 48.1, "cpu_percent": 0.0, "event": "heartbeat", "timestamp": "2025-09-18T17:22:35.358820Z", "run_id": "cf63c8e2", "level": "info"}
{"alive": true, "rss_mb": 48.1, "cpu_percent": 0.0, "event": "heartbeat", "timestamp": "2025-09-18T17:23:35.355518Z", "run_id": "cf63c8e2", "level": "info"}
{"alive": true, "rss_mb": 48.1, "cpu_percent": 0.0, "event": "heartbeat", "timestamp": "2025-09-18T17:24:35.358056Z", "run_id": "cf63c8e2", "level": "info"}
{"alive": true, "rss_mb": 48.1, "cpu_percent": 0.0, "event": "heartbeat", "timestamp": "2025-09-18T17:25:35.371049Z", "run_id": "cf63c8e2", "level": "info"}
{"alive": true, "rss_mb": 48.1, "cpu_percent": 0.0, "event": "heartbeat", "timestamp": "2025-09-18T17:26:35.384202Z", "run_id": "cf63c8e2", "level": "info"}
{"alive": true, "rss_mb": 48.1, "cpu_percent": 0.0, "event": "heartbeat", "timestamp": "2025-09-18T17:27:35.377942Z", "run_id": "cf63c8e2", "level": "info"}
{"alive": true, "rss_mb": 48.1, "cpu_percent": 0.0, "event": "heartbeat", "timestamp": "2025-09-18T17:28:35.396001Z", "run_id": "cf63c8e2", "level": "info"}
{"alive": true, "rss_mb": 48.1, "cpu_percent": 0.0, "event": "heartbeat", "timestamp": "2025-09-18T17:29:35.417027Z", "run_id": "cf63c8e2", "level": "info"}
{"alive": true, "rss_mb": 48.1, "cpu_percent": 0.0, "event": "heartbeat", "timestamp": "2025-09-18T17:30:35.443016Z", "run_id": "cf63c8e2", "level": "info"}
{"alive": true, "rss_mb": 48.1, "cpu_percent": 0.0, "event": "heartbeat", "timestamp": "2025-09-18T17:31:35.447935Z", "run_id": "cf63c8e2", "level": "info"}
{"alive": true, "rss_mb": 48.1, "cpu_percent": 0.0, "event": "heartbeat", "timestamp": "2025-09-18T17:32:35.458921Z", "run_id": "cf63c8e2", "level": "info"}
{"alive": true, "rss_mb": 48.1, "cpu_percent": 0.0, "event": "heartbeat", "timestamp": "2025-09-18T17:33:35.476151Z", "run_id": "cf63c8e2", "level": "info"}
{"alive": true, "rss_mb": 48.1, "cpu_percent": 0.0, "event": "heartbeat", "timestamp": "2025-09-18T17:34:35.484604Z", "run_id": "cf63c8e2", "level": "info"}
{"alive": true, "rss_mb": 48.1, "cpu_percent": 0.0, "event": "heartbeat", "timestamp": "2025-09-18T17:35:35.480921Z", "run_id": "cf63c8e2", "level": "info"}
{"alive": true, "rss_mb": 48.1, "cpu_percent": 0.0, "event": "heartbeat", "timestamp": "2025-09-18T17:36:35.497803Z", "run_id": "cf63c8e2", "level": "info"}
{"alive": true, "rss_mb": 48.1, "cpu_percent": 0.0, "event": "heartbeat", "timestamp": "2025-09-18T17:37:35.517624Z", "run_id": "cf63c8e2", "level": "info"}
{"alive": true, "rss_mb": 48.1, "cpu_percent": 0.0, "event": "heartbeat", "timestamp": "2025-09-18T17:38:35.524387Z", "run_id": "cf63c8e2", "level": "info"}
{"alive": true, "rss_mb": 48.1, "cpu_percent": 0.0, "event": "heartbeat", "timestamp": "2025-09-18T17:39:35.540837Z", "run_id": "cf63c8e2", "level": "info"}
{"alive": true, "rss_mb": 48.1, "cpu_percent": 0.0, "event": "heartbeat", "timestamp": "2025-09-18T17:40:35.542155Z", "run_id": "cf63c8e2", "level": "info"}
{"alive": true, "rss_mb": 48.1, "cpu_percent": 0.0, "event": "heartbeat", "timestamp": "2025-09-18T17:41:35.561361Z", "run_id": "cf63c8e2", "level": "info"}
{"alive": true, "rss_mb": 48.1, "cpu_percent": 0.0, "event": "heartbeat", "timestamp": "2025-09-18T17:42:35.576232Z", "run_id": "cf63c8e2", "level": "info"}
{"alive": true, "rss_mb": 48.1, "cpu_percent": 0.0, "event": "heartbeat", "timestamp": "2025-09-18T17:43:35.598664Z", "run_id": "cf63c8e2", "level": "info"}
{"alive": true, "rss_mb": 48.1, "cpu_percent": 0.0, "event": "heartbeat", "timestamp": "2025-09-18T17:44:35.607612Z", "run_id": "cf63c8e2", "level": "info"}
{"alive": true, "rss_mb": 48.1, "cpu_percent": 0.0, "event": "heartbeat", "timestamp": "2025-09-18T17:45:35.618495Z", "run_id": "cf63c8e2", "level": "info"}
{"alive": true, "rss_mb": 48.1, "cpu_percent": 0.0, "event": "heartbeat", "timestamp": "2025-09-18T17:46:35.618739Z", "run_id": "cf63c8e2", "level": "info"}
{"alive": true, "rss_mb": 48.1, "cpu_percent": 0.0, "event": "heartbeat", "timestamp": "2025-09-18T17:47:35.631593Z", "run_id": "cf63c8e2", "level": "info"}
{"alive": true, "rss_mb": 48.1, "cpu_percent": 0.0, "event": "heartbeat", "timestamp": "2025-09-18T17:48:35.641022Z", "run_id": "cf63c8e2", "level": "info"}
{"alive": true, "rss_mb": 48.1, "cpu_percent": 0.0, "event": "heartbeat", "timestamp": "2025-09-18T17:49:35.651567Z", "run_id": "cf63c8e2", "level": "info"}
{"alive": true, "rss_mb": 48.1, "cpu_percent": 0.0, "event": "heartbeat", "timestamp": "2025-09-18T17:50:35.676121Z", "run_id": "cf63c8e2", "level": "info"}
{"alive": true, "rss_mb": 48.1, "cpu_percent": 0.0, "event": "heartbeat", "timestamp": "2025-09-18T17:51:35.674464Z", "run_id": "cf63c8e2", "level": "info"}
{"alive": true, "rss_mb": 48.1, "cpu_percent": 0.0, "event": "heartbeat", "timestamp": "2025-09-18T17:52:35.690783Z", "run_id": "cf63c8e2", "level": "info"}
{"alive": true, "rss_mb": 48.1, "cpu_percent": 0.0, "event": "heartbeat", "timestamp": "2025-09-18T17:53:35.693566Z", "run_id": "cf63c8e2", "level": "info"}
{"alive": true, "rss_mb": 48.1, "cpu_percent": 0.0, "event": "heartbeat", "timestamp": "2025-09-18T17:54:35.711824Z", "run_id": "cf63c8e2", "level": "info"}
{"alive": true, "rss_mb": 48.1, "cpu_percent": 0.0, "event": "heartbeat", "timestamp": "2025-09-18T17:55:35.715217Z", "run_id": "cf63c8e2", "level": "info"}
{"alive": true, "rss_mb": 48.1, "cpu_percent": 0.0, "event": "heartbeat", "timestamp": "2025-09-18T17:56:35.734815Z", "run_id": "cf63c8e2", "level": "info"}
{"alive": true, "rss_mb": 48.1, "cpu_percent": 0.0, "event": "heartbeat", "timestamp": "2025-09-18T17:57:35.740565Z", "run_id": "cf63c8e2", "level": "info"}
{"alive": true, "rss_mb": 48.1, "cpu_percent": 0.0, "event": "heartbeat", "timestamp": "2025-09-18T17:58:35.752550Z", "run_id": "cf63c8e2", "level": "info"}
{"alive": true, "rss_mb": 48.1, "cpu_percent": 0.0, "event": "heartbeat", "timestamp": "2025-09-18T17:59:35.770813Z", "run_id": "cf63c8e2", "level": "info"}
{"alive": true, "rss_mb": 48.1, "cpu_percent": 0.0, "event": "heartbeat", "timestamp": "2025-09-18T18:00:35.767012Z", "run_id": "cf63c8e2", "level": "info"}
{"alive": true, "rss_mb": 48.1, "cpu_percent": 0.0, "event": "heartbeat", "timestamp": "2025-09-18T18:01:35.771381Z", "run_id": "cf63c8e2", "level": "info"}
{"alive": true, "rss_mb": 48.1, "cpu_percent": 0.0, "event": "heartbeat", "timestamp": "2025-09-18T18:02:35.781325Z", "run_id": "cf63c8e2", "level": "info"}
{"alive": true, "rss_mb": 48.1, "cpu_percent": 0.0, "event": "heartbeat", "timestamp": "2025-09-18T18:03:35.796609Z", "run_id": "cf63c8e2", "level": "info"}
{"alive": true, "rss_mb": 48.1, "cpu_percent": 0.0, "event": "heartbeat", "timestamp": "2025-09-18T18:04:35.815458Z", "run_id": "cf63c8e2", "level": "info"}
{"alive": true, "rss_mb": 48.1, "cpu_percent": 0.0, "event": "heartbeat", "timestamp": "2025-09-18T18:05:35.837626Z", "run_id": "cf63c8e2", "level": "info"}
{"alive": true, "rss_mb": 48.1, "cpu_percent": 0.0, "event": "heartbeat", "timestamp": "2025-09-18T18:06:35.867205Z", "run_id": "cf63c8e2", "level": "info"}
{"alive": true, "rss_mb": 48.1, "cpu_percent": 0.0, "event": "heartbeat", "timestamp": "2025-09-18T18:07:35.879015Z", "run_id": "cf63c8e2", "level": "info"}
{"alive": true, "rss_mb": 48.1, "cpu_percent": 0.0, "event": "heartbeat", "timestamp": "2025-09-18T18:08:35.875418Z", "run_id": "cf63c8e2", "level": "info"}
{"alive": true, "rss_mb": 48.1, "cpu_percent": 0.0, "event": "heartbeat", "timestamp": "2025-09-18T18:09:35.886142Z", "run_id": "cf63c8e2", "level": "info"}
{"alive": true, "rss_mb": 48.1, "cpu_percent": 0.0, "event": "heartbeat", "timestamp": "2025-09-18T18:10:35.899188Z", "run_id": "cf63c8e2", "level": "info"}
{"alive": true, "rss_mb": 48.1, "cpu_percent": 0.0, "event": "heartbeat", "timestamp": "2025-09-18T18:11:35.887036Z", "run_id": "cf63c8e2", "level": "info"}
{"alive": true, "rss_mb": 48.1, "cpu_percent": 0.0, "event": "heartbeat", "timestamp": "2025-09-18T18:12:35.893275Z", "run_id": "cf63c8e2", "level": "info"}
{"alive": true, "rss_mb": 48.1, "cpu_percent": 0.0, "event": "heartbeat", "timestamp": "2025-09-18T18:13:35.893505Z", "run_id": "cf63c8e2", "level": "info"}
{"alive": true, "rss_mb": 48.1, "cpu_percent": 0.0, "event": "heartbeat", "timestamp": "2025-09-18T18:14:35.909006Z", "run_id": "cf63c8e2", "level": "info"}
{"alive": true, "rss_mb": 48.1, "cpu_percent": 0.0, "event": "heartbeat", "timestamp": "2025-09-18T18:15:35.932261Z", "run_id": "cf63c8e2", "level": "info"}
{"alive": true, "rss_mb": 48.1, "cpu_percent": 0.0, "event": "heartbeat", "timestamp": "2025-09-18T18:16:35.952412Z", "run_id": "cf63c8e2", "level": "info"}
{"alive": true, "rss_mb": 48.1, "cpu_percent": 0.0, "event": "heartbeat", "timestamp": "2025-09-18T18:17:35.978223Z", "run_id": "cf63c8e2", "level": "info"}
{"alive": true, "rss_mb": 48.1, "cpu_percent": 0.0, "event": "heartbeat", "timestamp": "2025-09-18T18:18:36.000446Z", "run_id": "cf63c8e2", "level": "info"}
{"alive": true, "rss_mb": 48.1, "cpu_percent": 0.0, "event": "heartbeat", "timestamp": "2025-09-18T18:19:36.021133Z", "run_id": "cf63c8e2", "level": "info"}
{"alive": true, "rss_mb": 48.1, "cpu_percent": 0.0, "event": "heartbeat", "timestamp": "2025-09-18T18:20:36.039226Z", "run_id": "cf63c8e2", "level": "info"}
{"alive": true, "rss_mb": 48.1, "cpu_percent": 0.0, "event": "heartbeat", "timestamp": "2025-09-18T18:21:36.033325Z", "run_id": "cf63c8e2", "level": "info"}
{"alive": true, "rss_mb": 48.1, "cpu_percent": 0.0, "event": "heartbeat", "timestamp": "2025-09-18T18:22:36.048116Z", "run_id": "cf63c8e2", "level": "info"}
{"alive": true, "rss_mb": 48.1, "cpu_percent": 0.0, "event": "heartbeat", "timestamp": "2025-09-18T18:23:36.052087Z", "run_id": "cf63c8e2", "level": "info"}
{"alive": true, "rss_mb": 48.1, "cpu_percent": 0.0, "event": "heartbeat", "timestamp": "2025-09-18T18:24:36.044852Z", "run_id": "cf63c8e2", "level": "info"}
{"alive": true, "rss_mb": 48.1, "cpu_percent": 0.0, "event": "heartbeat", "timestamp": "2025-09-18T18:25:36.056287Z", "run_id": "cf63c8e2", "level": "info"}
{"alive": true, "rss_mb": 48.1, "cpu_percent": 0.0, "event": "heartbeat", "timestamp": "2025-09-18T18:26:36.073684Z", "run_id": "cf63c8e2", "level": "info"}
{"alive": true, "rss_mb": 48.1, "cpu_percent": 0.0, "event": "heartbeat", "timestamp": "2025-09-18T18:27:36.083415Z", "run_id": "cf63c8e2", "level": "info"}
{"alive": true, "rss_mb": 48.1, "cpu_percent": 0.0, "event": "heartbeat", "timestamp": "2025-09-18T18:28:36.087424Z", "run_id": "cf63c8e2", "level": "info"}
{"alive": true, "rss_mb": 48.1, "cpu_percent": 0.0, "event": "heartbeat", "timestamp": "2025-09-18T18:29:36.100733Z", "run_id": "cf63c8e2", "level": "info"}
{"alive": true, "rss_mb": 48.1, "cpu_percent": 0.0, "event": "heartbeat", "timestamp": "2025-09-18T18:30:36.112767Z", "run_id": "cf63c8e2", "level": "info"}
{"alive": true, "rss_mb": 48.1, "cpu_percent": 0.0, "event": "heartbeat", "timestamp": "2025-09-18T18:31:36.124930Z", "run_id": "cf63c8e2", "level": "info"}
{"alive": true, "rss_mb": 48.1, "cpu_percent": 0.0, "event": "heartbeat", "timestamp": "2025-09-18T18:32:36.138301Z", "run_id": "cf63c8e2", "level": "info"}
{"alive": true, "rss_mb": 48.1, "cpu_percent": 0.0, "event": "heartbeat", "timestamp": "2025-09-18T18:33:36.161556Z", "run_id": "cf63c8e2", "level": "info"}
{"alive": true, "rss_mb": 48.1, "cpu_percent": 0.0, "event": "heartbeat", "timestamp": "2025-09-18T18:34:36.179842Z", "run_id": "cf63c8e2", "level": "info"}
{"alive": true, "rss_mb": 48.1, "cpu_percent": 0.0, "event": "heartbeat", "timestamp": "2025-09-18T18:35:36.173922Z", "run_id": "cf63c8e2", "level": "info"}
{"alive": true, "rss_mb": 48.1, "cpu_percent": 0.0, "event": "heartbeat", "timestamp": "2025-09-18T18:36:36.183359Z", "run_id": "cf63c8e2", "level": "info"}
{"alive": true, "rss_mb": 48.1, "cpu_percent": 0.0, "event": "heartbeat", "timestamp": "2025-09-18T18:37:36.211346Z", "run_id": "cf63c8e2", "level": "info"}
{"alive": true, "rss_mb": 48.1, "cpu_percent": 0.0, "event": "heartbeat", "timestamp": "2025-09-18T18:38:36.202315Z", "run_id": "cf63c8e2", "level": "info"}
{"alive": true, "rss_mb": 48.1, "cpu_percent": 0.0, "event": "heartbeat", "timestamp": "2025-09-18T18:39:36.217912Z", "run_id": "cf63c8e2", "level": "info"}
{"alive": true, "rss_mb": 48.1, "cpu_percent": 0.0, "event": "heartbeat", "timestamp": "2025-09-18T18:40:36.234206Z", "run_id": "cf63c8e2", "level": "info"}
{"alive": true, "rss_mb": 48.1, "cpu_percent": 0.0, "event": "heartbeat", "timestamp": "2025-09-18T18:41:36.248752Z", "run_id": "cf63c8e2", "level": "info"}
{"alive": true, "rss_mb": 48.1, "cpu_percent": 0.0, "event": "heartbeat", "timestamp": "2025-09-18T18:42:36.261057Z", "run_id": "cf63c8e2", "level": "info"}
{"alive": true, "rss_mb": 48.1, "cpu_percent": 0.0, "event": "heartbeat", "timestamp": "2025-09-18T18:43:36.273229Z", "run_id": "cf63c8e2", "level": "info"}
{"alive": true, "rss_mb": 48.1, "cpu_percent": 0.0, "event": "heartbeat", "timestamp": "2025-09-18T18:44:36.275260Z", "run_id": "cf63c8e2", "level": "info"}
{"alive": true, "rss_mb": 48.1, "cpu_percent": 0.0, "event": "heartbeat", "timestamp": "2025-09-18T18:45:36.281622Z", "run_id": "cf63c8e2", "level": "info"}
{"alive": true, "rss_mb": 48.1, "cpu_percent": 0.0, "event": "heartbeat", "timestamp": "2025-09-18T18:46:36.301341Z", "run_id": "cf63c8e2", "level": "info"}
{"alive": true, "rss_mb": 48.1, "cpu_percent": 0.0, "event": "heartbeat", "timestamp": "2025-09-18T18:47:36.301098Z", "run_id": "cf63c8e2", "level": "info"}
{"alive": true, "rss_mb": 48.1, "cpu_percent": 0.0, "event": "heartbeat", "timestamp": "2025-09-18T18:48:36.305348Z", "run_id": "cf63c8e2", "level": "info"}
{"alive": true, "rss_mb": 48.1, "cpu_percent": 0.0, "event": "heartbeat", "timestamp": "2025-09-18T18:49:36.294784Z", "run_id": "cf63c8e2", "level": "info"}
{"alive": true, "rss_mb": 48.1, "cpu_percent": 0.0, "event": "heartbeat", "timestamp": "2025-09-18T18:50:36.306419Z", "run_id": "cf63c8e2", "level": "info"}
{"alive": true, "rss_mb": 48.1, "cpu_percent": 0.0, "event": "heartbeat", "timestamp": "2025-09-18T18:51:36.311013Z", "run_id": "cf63c8e2", "level": "info"}
{"alive": true, "rss_mb": 48.1, "cpu_percent": 0.0, "event": "heartbeat", "timestamp": "2025-09-18T18:52:36.323685Z", "run_id": "cf63c8e2", "level": "info"}
{"alive": true, "rss_mb": 48.1, "cpu_percent": 0.0, "event": "heartbeat", "timestamp": "2025-09-18T18:53:36.350231Z", "run_id": "cf63c8e2", "level": "info"}
{"alive": true, "rss_mb": 48.1, "cpu_percent": 0.0, "event": "heartbeat", "timestamp": "2025-09-18T18:54:36.369738Z", "run_id": "cf63c8e2", "level": "info"}
{"alive": true, "rss_mb": 48.1, "cpu_percent": 0.0, "event": "heartbeat", "timestamp": "2025-09-18T18:55:36.396529Z", "run_id": "cf63c8e2", "level": "info"}
{"alive": true, "rss_mb": 48.1, "cpu_percent": 0.0, "event": "heartbeat", "timestamp": "2025-09-18T18:56:36.414494Z", "run_id": "cf63c8e2", "level": "info"}
{"alive": true, "rss_mb": 48.1, "cpu_percent": 0.0, "event": "heartbeat", "timestamp": "2025-09-18T18:57:36.409957Z", "run_id": "cf63c8e2", "level": "info"}
{"alive": true, "rss_mb": 48.1, "cpu_percent": 0.0, "event": "heartbeat", "timestamp": "2025-09-18T18:58:36.413268Z", "run_id": "cf63c8e2", "level": "info"}
{"alive": true, "rss_mb": 48.1, "cpu_percent": 0.0, "event": "heartbeat", "timestamp": "2025-09-18T18:59:36.407066Z", "run_id": "cf63c8e2", "level": "info"}
{"alive": true, "rss_mb": 48.1, "cpu_percent": 0.0, "event": "heartbeat", "timestamp": "2025-09-18T19:00:36.417221Z", "run_id": "cf63c8e2", "level": "info"}
{"alive": true, "rss_mb": 48.1, "cpu_percent": 0.0, "event": "heartbeat", "timestamp": "2025-09-18T19:01:36.428333Z", "run_id": "cf63c8e2", "level": "info"}
{"alive": true, "rss_mb": 48.1, "cpu_percent": 0.0, "event": "heartbeat", "timestamp": "2025-09-18T19:02:36.426068Z", "run_id": "cf63c8e2", "level": "info"}
{"alive": true, "rss_mb": 48.1, "cpu_percent": 0.0, "event": "heartbeat", "timestamp": "2025-09-18T19:03:36.426359Z", "run_id": "cf63c8e2", "level": "info"}
{"alive": true, "rss_mb": 48.1, "cpu_percent": 0.0, "event": "heartbeat", "timestamp": "2025-09-18T19:04:36.433972Z", "run_id": "cf63c8e2", "level": "info"}
{"alive": true, "rss_mb": 48.1, "cpu_percent": 0.0, "event": "heartbeat", "timestamp": "2025-09-18T19:05:36.442807Z", "run_id": "cf63c8e2", "level": "info"}
{"alive": true, "rss_mb": 48.1, "cpu_percent": 0.0, "event": "heartbeat", "timestamp": "2025-09-18T19:06:36.460658Z", "run_id": "cf63c8e2", "level": "info"}
{"alive": true, "rss_mb": 48.1, "cpu_percent": 0.0, "event": "heartbeat", "timestamp": "2025-09-18T19:07:36.453935Z", "run_id": "cf63c8e2", "level": "info"}
{"alive": true, "rss_mb": 48.1, "cpu_percent": 0.0, "event": "heartbeat", "timestamp": "2025-09-18T19:08:36.474727Z", "run_id": "cf63c8e2", "level": "info"}
{"alive": true, "rss_mb": 42.9, "cpu_percent": 0.0, "event": "heartbeat", "timestamp": "2025-09-18T19:09:36.476658Z", "run_id": "cf63c8e2", "level": "info"}
{"alive": true, "rss_mb": 42.9, "cpu_percent": 0.0, "event": "heartbeat", "timestamp": "2025-09-18T19:10:36.483512Z", "run_id": "cf63c8e2", "level": "info"}
{"alive": true, "rss_mb": 42.9, "cpu_percent": 0.0, "event": "heartbeat", "timestamp": "2025-09-18T19:11:36.512364Z", "run_id": "cf63c8e2", "level": "info"}
{"alive": true, "rss_mb": 42.9, "cpu_percent": 0.0, "event": "heartbeat", "timestamp": "2025-09-18T19:12:36.559246Z", "run_id": "cf63c8e2", "level": "info"}
{"alive": true, "rss_mb": 42.9, "cpu_percent": 0.0, "event": "heartbeat", "timestamp": "2025-09-18T19:13:36.638164Z", "run_id": "cf63c8e2", "level": "info"}
